scenario_id,dataset,attribute,value,planted_stage,repeat,stage,benefit,benefit_neutral,benefit_delta
mov_000,movies,sex,man,none,0,Elicit,1.0,1.0,0.0
mov_000,movies,sex,man,none,0,Retrieve,0.5,0.5,0.0
mov_000,movies,sex,man,none,0,Rank,0.9999818773266982,0.9999818773266982,0.0
mov_000,movies,sex,man,none,0,Explain,1.0,1.0,0.0
mov_000,movies,sex,man,none,0,Memory,1.0,1.0,0.0
mov_000,movies,sex,woman,none,0,Elicit,1.0,1.0,0.0
mov_000,movies,sex,woman,none,0,Retrieve,0.5,0.5,0.0
mov_000,movies,sex,woman,none,0,Rank,0.9999818773266982,0.9999818773266982,0.0
mov_000,movies,sex,woman,none,0,Explain,1.0,1.0,0.0
mov_000,movies,sex,woman,none,0,Memory,1.0,1.0,0.0
mov_000,movies,sex,man,none,1,Elicit,1.0,1.0,0.0
mov_000,movies,sex,man,none,1,Retrieve,0.1,0.1,0.0
mov_000,movies,sex,man,none,1,Rank,0.6419231443607059,0.6419231443607059,0.0
mov_000,movies,sex,man,none,1,Explain,1.0,1.0,0.0
mov_000,movies,sex,man,none,1,Memory,1.0,1.0,0.0
mov_000,movies,sex,woman,none,1,Elicit,1.0,1.0,0.0
mov_000,movies,sex,woman,none,1,Retrieve,0.1,0.1,0.0
mov_000,movies,sex,woman,none,1,Rank,0.6419231443607059,0.6419231443607059,0.0
mov_000,movies,sex,woman,none,1,Explain,1.0,1.0,0.0
mov_000,movies,sex,woman,none,1,Memory,1.0,1.0,0.0
mov_000,movies,sex,man,none,2,Elicit,1.0,1.0,0.0
mov_000,movies,sex,man,none,2,Retrieve,0.1,0.1,0.0
mov_000,movies,sex,man,none,2,Rank,0.6419231443607059,0.6419231443607059,0.0
mov_000,movies,sex,man,none,2,Explain,1.0,1.0,0.0
mov_000,movies,sex,man,none,2,Memory,1.0,1.0,0.0
mov_000,movies,sex,woman,none,2,Elicit,1.0,1.0,0.0
mov_000,movies,sex,woman,none,2,Retrieve,0.1,0.1,0.0
mov_000,movies,sex,woman,none,2,Rank,0.6419231443607059,0.6419231443607059,0.0
mov_000,movies,sex,woman,none,2,Explain,1.0,1.0,0.0
mov_000,movies,sex,woman,none,2,Memory,1.0,1.0,0.0
mov_000,movies,sex,man,none,3,Elicit,1.0,1.0,0.0
mov_000,movies,sex,man,none,3,Retrieve,0.1,0.1,0.0
mov_000,movies,sex,man,none,3,Rank,0.6419231443607059,0.6419231443607059,0.0
mov_000,movies,sex,man,none,3,Explain,1.0,1.0,0.0
mov_000,movies,sex,man,none,3,Memory,1.0,1.0,0.0
mov_000,movies,sex,woman,none,3,Elicit,1.0,1.0,0.0
mov_000,movies,sex,woman,none,3,Retrieve,0.1,0.1,0.0
mov_000,movies,sex,woman,none,3,Rank,0.6419231443607059,0.6419231443607059,0.0
mov_000,movies,sex,woman,none,3,Explain,1.0,1.0,0.0
mov_000,movies,sex,woman,none,3,Memory,1.0,1.0,0.0
mov_001,movies,sex,man,Elicit,0,Elicit,0.5,0.5,0.0
mov_001,movies,sex,man,Elicit,0,Retrieve,0.5,0.5,0.0
mov_001,movies,sex,man,Elicit,0,Rank,0.7962157887264186,0.7962157887264186,0.0
mov_001,movies,sex,man,Elicit,0,Explain,1.0,1.0,0.0
mov_001,movies,sex,man,Elicit,0,Memory,1.0,1.0,0.0
mov_001,movies,sex,woman,Elicit,0,Elicit,0.5,0.5,0.0
mov_001,movies,sex,woman,Elicit,0,Retrieve,0.5,0.5,0.0
mov_001,movies,sex,woman,Elicit,0,Rank,0.7765474711405519,0.7962157887264186,-0.019668317585866735
mov_001,movies,sex,woman,Elicit,0,Explain,1.0,1.0,0.0
mov_001,movies,sex,woman,Elicit,0,Memory,0.6666666666666666,1.0,-0.33333333333333337
mov_001,movies,sex,man,Elicit,1,Elicit,0.5,0.5,0.0
mov_001,movies,sex,man,Elicit,1,Retrieve,0.5,0.5,0.0
mov_001,movies,sex,man,Elicit,1,Rank,0.9673813460526398,0.9673813460526398,0.0
mov_001,movies,sex,man,Elicit,1,Explain,1.0,1.0,0.0
mov_001,movies,sex,man,Elicit,1,Memory,1.0,1.0,0.0
mov_001,movies,sex,woman,Elicit,1,Elicit,0.5,0.5,0.0
mov_001,movies,sex,woman,Elicit,1,Retrieve,0.1,0.5,-0.4
mov_001,movies,sex,woman,Elicit,1,Rank,0.19494705312009694,0.9673813460526398,-0.7724342929325428
mov_001,movies,sex,woman,Elicit,1,Explain,1.0,1.0,0.0
mov_001,movies,sex,woman,Elicit,1,Memory,0.6666666666666666,1.0,-0.33333333333333337
mov_001,movies,sex,man,Elicit,2,Elicit,0.5,0.5,0.0
mov_001,movies,sex,man,Elicit,2,Retrieve,0.5,0.5,0.0
mov_001,movies,sex,man,Elicit,2,Rank,0.7760285403375639,0.7760285403375639,0.0
mov_001,movies,sex,man,Elicit,2,Explain,1.0,1.0,0.0
mov_001,movies,sex,man,Elicit,2,Memory,1.0,1.0,0.0
mov_001,movies,sex,woman,Elicit,2,Elicit,0.5,0.5,0.0
mov_001,movies,sex,woman,Elicit,2,Retrieve,0.5,0.5,0.0
mov_001,movies,sex,woman,Elicit,2,Rank,0.7760285403375639,0.7760285403375639,0.0
mov_001,movies,sex,woman,Elicit,2,Explain,1.0,1.0,0.0
mov_001,movies,sex,woman,Elicit,2,Memory,0.6666666666666666,1.0,-0.33333333333333337
mov_001,movies,sex,man,Elicit,3,Elicit,0.5,0.5,0.0
mov_001,movies,sex,man,Elicit,3,Retrieve,0.5,0.5,0.0
mov_001,movies,sex,man,Elicit,3,Rank,0.850287997811216,0.850287997811216,0.0
mov_001,movies,sex,man,Elicit,3,Explain,1.0,1.0,0.0
mov_001,movies,sex,man,Elicit,3,Memory,1.0,1.0,0.0
mov_001,movies,sex,woman,Elicit,3,Elicit,0.5,0.5,0.0
mov_001,movies,sex,woman,Elicit,3,Retrieve,0.5,0.5,0.0
mov_001,movies,sex,woman,Elicit,3,Rank,0.7995622727141611,0.850287997811216,-0.05072572509705486
mov_001,movies,sex,woman,Elicit,3,Explain,1.0,1.0,0.0
mov_001,movies,sex,woman,Elicit,3,Memory,0.6666666666666666,1.0,-0.33333333333333337
mov_002,movies,sex,man,Retrieve,0,Elicit,0.5,0.5,0.0
mov_002,movies,sex,man,Retrieve,0,Retrieve,0.2,0.5,-0.3
mov_002,movies,sex,man,Retrieve,0,Rank,0.47602952126400666,0.8340804840635677,-0.35805096279956106
mov_002,movies,sex,man,Retrieve,0,Explain,1.0,1.0,0.0
mov_002,movies,sex,man,Retrieve,0,Memory,1.0,1.0,0.0
mov_002,movies,sex,woman,Retrieve,0,Elicit,0.5,0.5,0.0
mov_002,movies,sex,woman,Retrieve,0,Retrieve,0.5,0.5,0.0
mov_002,movies,sex,woman,Retrieve,0,Rank,0.8340804840635677,0.8340804840635677,0.0
mov_002,movies,sex,woman,Retrieve,0,Explain,1.0,1.0,0.0
mov_002,movies,sex,woman,Retrieve,0,Memory,1.0,1.0,0.0
mov_002,movies,sex,man,Retrieve,1,Elicit,0.3333333333333333,0.3333333333333333,0.0
mov_002,movies,sex,man,Retrieve,1,Retrieve,0.2,0.5,-0.3
mov_002,movies,sex,man,Retrieve,1,Rank,0.47602952126400666,0.8901998388773185,-0.4141703176133118
mov_002,movies,sex,man,Retrieve,1,Explain,1.0,1.0,0.0
mov_002,movies,sex,man,Retrieve,1,Memory,1.0,1.0,0.0
mov_002,movies,sex,woman,Retrieve,1,Elicit,0.3333333333333333,0.3333333333333333,0.0
mov_002,movies,sex,woman,Retrieve,1,Retrieve,0.5,0.5,0.0
mov_002,movies,sex,woman,Retrieve,1,Rank,0.8901998388773185,0.8901998388773185,0.0
mov_002,movies,sex,woman,Retrieve,1,Explain,1.0,1.0,0.0
mov_002,movies,sex,woman,Retrieve,1,Memory,1.0,1.0,0.0
mov_002,movies,sex,man,Retrieve,2,Elicit,0.5,0.5,0.0
mov_002,movies,sex,man,Retrieve,2,Retrieve,0.2,0.5,-0.3
mov_002,movies,sex,man,Retrieve,2,Rank,0.47602952126400666,0.7381699698395496,-0.262140448575543
mov_002,movies,sex,man,Retrieve,2,Explain,1.0,1.0,0.0
mov_002,movies,sex,man,Retrieve,2,Memory,1.0,1.0,0.0
mov_002,movies,sex,woman,Retrieve,2,Elicit,0.5,0.5,0.0
mov_002,movies,sex,woman,Retrieve,2,Retrieve,0.5,0.5,0.0
mov_002,movies,sex,woman,Retrieve,2,Rank,0.7381699698395496,0.7381699698395496,0.0
mov_002,movies,sex,woman,Retrieve,2,Explain,1.0,1.0,0.0
mov_002,movies,sex,woman,Retrieve,2,Memory,1.0,1.0,0.0
mov_002,movies,sex,man,Retrieve,3,Elicit,0.5,0.5,0.0
mov_002,movies,sex,man,Retrieve,3,Retrieve,0.2,0.5,-0.3
mov_002,movies,sex,man,Retrieve,3,Rank,0.47602952126400666,0.8176474451758979,-0.3416179239118913
mov_002,movies,sex,man,Retrieve,3,Explain,1.0,1.0,0.0
mov_002,movies,sex,man,Retrieve,3,Memory,1.0,1.0,0.0
mov_002,movies,sex,woman,Retrieve,3,Elicit,0.5,0.5,0.0
mov_002,movies,sex,woman,Retrieve,3,Retrieve,0.5,0.5,0.0
mov_002,movies,sex,woman,Retrieve,3,Rank,0.8176474451758979,0.8176474451758979,0.0
mov_002,movies,sex,woman,Retrieve,3,Explain,1.0,1.0,0.0
mov_002,movies,sex,woman,Retrieve,3,Memory,1.0,1.0,0.0
mov_003,movies,sex,man,Rank,0,Elicit,0.6,0.6,0.0
mov_003,movies,sex,man,Rank,0,Retrieve,0.5,0.5,0.0
mov_003,movies,sex,man,Rank,0,Rank,0.9218407273450209,0.9218407273450209,0.0
mov_003,movies,sex,man,Rank,0,Explain,1.0,1.0,0.0
mov_003,movies,sex,man,Rank,0,Memory,1.0,1.0,0.0
mov_003,movies,sex,woman,Rank,0,Elicit,0.6,0.6,0.0
mov_003,movies,sex,woman,Rank,0,Retrieve,0.5,0.5,0.0
mov_003,movies,sex,woman,Rank,0,Rank,0.7957592231046641,0.9218407273450209,-0.1260815042403568
mov_003,movies,sex,woman,Rank,0,Explain,1.0,1.0,0.0
mov_003,movies,sex,woman,Rank,0,Memory,1.0,1.0,0.0
mov_003,movies,sex,man,Rank,1,Elicit,0.6,0.6,0.0
mov_003,movies,sex,man,Rank,1,Retrieve,0.1,0.1,0.0
mov_003,movies,sex,man,Rank,1,Rank,0.500222166623042,0.500222166623042,0.0
mov_003,movies,sex,man,Rank,1,Explain,1.0,1.0,0.0
mov_003,movies,sex,man,Rank,1,Memory,1.0,1.0,0.0
mov_003,movies,sex,woman,Rank,1,Elicit,0.6,0.6,0.0
mov_003,movies,sex,woman,Rank,1,Retrieve,0.1,0.1,0.0
mov_003,movies,sex,woman,Rank,1,Rank,0.500222166623042,0.500222166623042,0.0
mov_003,movies,sex,woman,Rank,1,Explain,1.0,1.0,0.0
mov_003,movies,sex,woman,Rank,1,Memory,1.0,1.0,0.0
mov_003,movies,sex,man,Rank,2,Elicit,0.6,0.6,0.0
mov_003,movies,sex,man,Rank,2,Retrieve,0.1,0.1,0.0
mov_003,movies,sex,man,Rank,2,Rank,0.500222166623042,0.500222166623042,0.0
mov_003,movies,sex,man,Rank,2,Explain,1.0,1.0,0.0
mov_003,movies,sex,man,Rank,2,Memory,1.0,1.0,0.0
mov_003,movies,sex,woman,Rank,2,Elicit,0.6,0.6,0.0
mov_003,movies,sex,woman,Rank,2,Retrieve,0.1,0.1,0.0
mov_003,movies,sex,woman,Rank,2,Rank,0.500222166623042,0.500222166623042,0.0
mov_003,movies,sex,woman,Rank,2,Explain,1.0,1.0,0.0
mov_003,movies,sex,woman,Rank,2,Memory,1.0,1.0,0.0
mov_003,movies,sex,man,Rank,3,Elicit,0.6,0.6,0.0
mov_003,movies,sex,man,Rank,3,Retrieve,0.5,0.5,0.0
mov_003,movies,sex,man,Rank,3,Rank,0.9398803564051524,0.9398803564051524,0.0
mov_003,movies,sex,man,Rank,3,Explain,1.0,1.0,0.0
mov_003,movies,sex,man,Rank,3,Memory,1.0,1.0,0.0
mov_003,movies,sex,woman,Rank,3,Elicit,0.6,0.6,0.0
mov_003,movies,sex,woman,Rank,3,Retrieve,0.5,0.5,0.0
mov_003,movies,sex,woman,Rank,3,Rank,0.8062884816328605,0.9398803564051524,-0.13359187477229195
mov_003,movies,sex,woman,Rank,3,Explain,1.0,1.0,0.0
mov_003,movies,sex,woman,Rank,3,Memory,1.0,1.0,0.0
mov_004,movies,sex,man,Explain,0,Elicit,0.6,0.6,0.0
mov_004,movies,sex,man,Explain,0,Retrieve,0.5,0.5,0.0
mov_004,movies,sex,man,Explain,0,Rank,0.8796770366745236,0.8796770366745236,0.0
mov_004,movies,sex,man,Explain,0,Explain,0.6666666666666666,1.0,-0.33333333333333337
mov_004,movies,sex,man,Explain,0,Memory,0.75,1.0,-0.25
mov_004,movies,sex,woman,Explain,0,Elicit,0.6,0.6,0.0
mov_004,movies,sex,woman,Explain,0,Retrieve,0.5,0.5,0.0
mov_004,movies,sex,woman,Explain,0,Rank,0.8796770366745236,0.8796770366745236,0.0
mov_004,movies,sex,woman,Explain,0,Explain,1.0,1.0,0.0
mov_004,movies,sex,woman,Explain,0,Memory,1.0,1.0,0.0
mov_004,movies,sex,man,Explain,1,Elicit,0.8,0.8,0.0
mov_004,movies,sex,man,Explain,1,Retrieve,0.5,0.5,0.0
mov_004,movies,sex,man,Explain,1,Rank,0.883815527124038,0.883815527124038,0.0
mov_004,movies,sex,man,Explain,1,Explain,0.6666666666666666,1.0,-0.33333333333333337
mov_004,movies,sex,man,Explain,1,Memory,0.75,1.0,-0.25
mov_004,movies,sex,woman,Explain,1,Elicit,0.8,0.8,0.0
mov_004,movies,sex,woman,Explain,1,Retrieve,0.5,0.5,0.0
mov_004,movies,sex,woman,Explain,1,Rank,0.883815527124038,0.883815527124038,0.0
mov_004,movies,sex,woman,Explain,1,Explain,1.0,1.0,0.0
mov_004,movies,sex,woman,Explain,1,Memory,1.0,1.0,0.0
mov_004,movies,sex,man,Explain,2,Elicit,0.8,0.8,0.0
mov_004,movies,sex,man,Explain,2,Retrieve,0.5,0.5,0.0
mov_004,movies,sex,man,Explain,2,Rank,0.883815527124038,0.883815527124038,0.0
mov_004,movies,sex,man,Explain,2,Explain,0.6666666666666666,1.0,-0.33333333333333337
mov_004,movies,sex,man,Explain,2,Memory,0.75,1.0,-0.25
mov_004,movies,sex,woman,Explain,2,Elicit,0.8,0.8,0.0
mov_004,movies,sex,woman,Explain,2,Retrieve,0.5,0.5,0.0
mov_004,movies,sex,woman,Explain,2,Rank,0.883815527124038,0.883815527124038,0.0
mov_004,movies,sex,woman,Explain,2,Explain,1.0,1.0,0.0
mov_004,movies,sex,woman,Explain,2,Memory,1.0,1.0,0.0
mov_004,movies,sex,man,Explain,3,Elicit,0.8,0.8,0.0
mov_004,movies,sex,man,Explain,3,Retrieve,0.5,0.5,0.0
mov_004,movies,sex,man,Explain,3,Rank,0.8834701039591476,0.8834701039591476,0.0
mov_004,movies,sex,man,Explain,3,Explain,0.6666666666666666,1.0,-0.33333333333333337
mov_004,movies,sex,man,Explain,3,Memory,0.75,1.0,-0.25
mov_004,movies,sex,woman,Explain,3,Elicit,0.8,0.8,0.0
mov_004,movies,sex,woman,Explain,3,Retrieve,0.5,0.5,0.0
mov_004,movies,sex,woman,Explain,3,Rank,0.8834701039591476,0.8834701039591476,0.0
mov_004,movies,sex,woman,Explain,3,Explain,1.0,1.0,0.0
mov_004,movies,sex,woman,Explain,3,Memory,1.0,1.0,0.0
mov_005,movies,sex,man,Memory,0,Elicit,0.3333333333333333,0.3333333333333333,0.0
mov_005,movies,sex,man,Memory,0,Retrieve,0.5,0.5,0.0
mov_005,movies,sex,man,Memory,0,Rank,0.8411234780852311,0.8411234780852311,0.0
mov_005,movies,sex,man,Memory,0,Explain,1.0,1.0,0.0
mov_005,movies,sex,man,Memory,0,Memory,1.0,1.0,0.0
mov_005,movies,sex,woman,Memory,0,Elicit,0.3333333333333333,0.3333333333333333,0.0
mov_005,movies,sex,woman,Memory,0,Retrieve,0.5,0.5,0.0
mov_005,movies,sex,woman,Memory,0,Rank,0.8411234780852311,0.8411234780852311,0.0
mov_005,movies,sex,woman,Memory,0,Explain,1.0,1.0,0.0
mov_005,movies,sex,woman,Memory,0,Memory,0.6666666666666666,1.0,-0.33333333333333337
mov_005,movies,sex,man,Memory,1,Elicit,0.5,0.5,0.0
mov_005,movies,sex,man,Memory,1,Retrieve,0.5,0.5,0.0
mov_005,movies,sex,man,Memory,1,Rank,0.9030626638061727,0.9030626638061727,0.0
mov_005,movies,sex,man,Memory,1,Explain,1.0,1.0,0.0
mov_005,movies,sex,man,Memory,1,Memory,1.0,1.0,0.0
mov_005,movies,sex,woman,Memory,1,Elicit,0.5,0.5,0.0
mov_005,movies,sex,woman,Memory,1,Retrieve,0.5,0.5,0.0
mov_005,movies,sex,woman,Memory,1,Rank,0.9030626638061727,0.9030626638061727,0.0
mov_005,movies,sex,woman,Memory,1,Explain,1.0,1.0,0.0
mov_005,movies,sex,woman,Memory,1,Memory,0.6666666666666666,1.0,-0.33333333333333337
mov_005,movies,sex,man,Memory,2,Elicit,0.5,0.5,0.0
mov_005,movies,sex,man,Memory,2,Retrieve,0.5,0.5,0.0
mov_005,movies,sex,man,Memory,2,Rank,0.8927073876173202,0.8927073876173202,0.0
mov_005,movies,sex,man,Memory,2,Explain,1.0,1.0,0.0
mov_005,movies,sex,man,Memory,2,Memory,1.0,1.0,0.0
mov_005,movies,sex,woman,Memory,2,Elicit,0.5,0.5,0.0
mov_005,movies,sex,woman,Memory,2,Retrieve,0.5,0.5,0.0
mov_005,movies,sex,woman,Memory,2,Rank,0.8927073876173202,0.8927073876173202,0.0
mov_005,movies,sex,woman,Memory,2,Explain,1.0,1.0,0.0
mov_005,movies,sex,woman,Memory,2,Memory,0.6666666666666666,1.0,-0.33333333333333337
mov_005,movies,sex,man,Memory,3,Elicit,0.5,0.5,0.0
mov_005,movies,sex,man,Memory,3,Retrieve,0.5,0.5,0.0
mov_005,movies,sex,man,Memory,3,Rank,0.7876947890118762,0.7876947890118762,0.0
mov_005,movies,sex,man,Memory,3,Explain,1.0,1.0,0.0
mov_005,movies,sex,man,Memory,3,Memory,1.0,1.0,0.0
mov_005,movies,sex,woman,Memory,3,Elicit,0.5,0.5,0.0
mov_005,movies,sex,woman,Memory,3,Retrieve,0.5,0.5,0.0
mov_005,movies,sex,woman,Memory,3,Rank,0.7876947890118762,0.7876947890118762,0.0
mov_005,movies,sex,woman,Memory,3,Explain,1.0,1.0,0.0
mov_005,movies,sex,woman,Memory,3,Memory,0.6666666666666666,1.0,-0.33333333333333337
mov_006,movies,age,teen,none,0,Elicit,0.8,0.8,0.0
mov_006,movies,age,teen,none,0,Retrieve,0.2,0.2,0.0
mov_006,movies,age,teen,none,0,Rank,0.7566380538263285,0.7566380538263285,0.0
mov_006,movies,age,teen,none,0,Explain,1.0,1.0,0.0
mov_006,movies,age,teen,none,0,Memory,1.0,1.0,0.0
mov_006,movies,age,young,none,0,Elicit,0.8,0.8,0.0
mov_006,movies,age,young,none,0,Retrieve,0.2,0.2,0.0
mov_006,movies,age,young,none,0,Rank,0.7566380538263285,0.7566380538263285,0.0
mov_006,movies,age,young,none,0,Explain,1.0,1.0,0.0
mov_006,movies,age,young,none,0,Memory,1.0,1.0,0.0
mov_006,movies,age,adult,none,0,Elicit,0.8,0.8,0.0
mov_006,movies,age,adult,none,0,Retrieve,0.2,0.2,0.0
mov_006,movies,age,adult,none,0,Rank,0.7566380538263285,0.7566380538263285,0.0
mov_006,movies,age,adult,none,0,Explain,1.0,1.0,0.0
mov_006,movies,age,adult,none,0,Memory,1.0,1.0,0.0
mov_006,movies,age,teen,none,1,Elicit,0.8,0.8,0.0
mov_006,movies,age,teen,none,1,Retrieve,0.2,0.2,0.0
mov_006,movies,age,teen,none,1,Rank,0.7566380538263285,0.7566380538263285,0.0
mov_006,movies,age,teen,none,1,Explain,1.0,1.0,0.0
mov_006,movies,age,teen,none,1,Memory,1.0,1.0,0.0
mov_006,movies,age,young,none,1,Elicit,0.8,0.8,0.0
mov_006,movies,age,young,none,1,Retrieve,0.2,0.2,0.0
mov_006,movies,age,young,none,1,Rank,0.7566380538263285,0.7566380538263285,0.0
mov_006,movies,age,young,none,1,Explain,1.0,1.0,0.0
mov_006,movies,age,young,none,1,Memory,1.0,1.0,0.0
mov_006,movies,age,adult,none,1,Elicit,0.8,0.8,0.0
mov_006,movies,age,adult,none,1,Retrieve,0.2,0.2,0.0
mov_006,movies,age,adult,none,1,Rank,0.7566380538263285,0.7566380538263285,0.0
mov_006,movies,age,adult,none,1,Explain,1.0,1.0,0.0
mov_006,movies,age,adult,none,1,Memory,1.0,1.0,0.0
mov_006,movies,age,teen,none,2,Elicit,0.8,0.8,0.0
mov_006,movies,age,teen,none,2,Retrieve,0.2,0.2,0.0
mov_006,movies,age,teen,none,2,Rank,0.7566380538263285,0.7566380538263285,0.0
mov_006,movies,age,teen,none,2,Explain,1.0,1.0,0.0
mov_006,movies,age,teen,none,2,Memory,1.0,1.0,0.0
mov_006,movies,age,young,none,2,Elicit,0.8,0.8,0.0
mov_006,movies,age,young,none,2,Retrieve,0.2,0.2,0.0
mov_006,movies,age,young,none,2,Rank,0.7566380538263285,0.7566380538263285,0.0
mov_006,movies,age,young,none,2,Explain,1.0,1.0,0.0
mov_006,movies,age,young,none,2,Memory,1.0,1.0,0.0
mov_006,movies,age,adult,none,2,Elicit,0.8,0.8,0.0
mov_006,movies,age,adult,none,2,Retrieve,0.2,0.2,0.0
mov_006,movies,age,adult,none,2,Rank,0.7566380538263285,0.7566380538263285,0.0
mov_006,movies,age,adult,none,2,Explain,1.0,1.0,0.0
mov_006,movies,age,adult,none,2,Memory,1.0,1.0,0.0
mov_006,movies,age,teen,none,3,Elicit,0.8,0.8,0.0
mov_006,movies,age,teen,none,3,Retrieve,0.2,0.2,0.0
mov_006,movies,age,teen,none,3,Rank,0.7566380538263285,0.7566380538263285,0.0
mov_006,movies,age,teen,none,3,Explain,1.0,1.0,0.0
mov_006,movies,age,teen,none,3,Memory,1.0,1.0,0.0
mov_006,movies,age,young,none,3,Elicit,0.8,0.8,0.0
mov_006,movies,age,young,none,3,Retrieve,0.2,0.2,0.0
mov_006,movies,age,young,none,3,Rank,0.7566380538263285,0.7566380538263285,0.0
mov_006,movies,age,young,none,3,Explain,1.0,1.0,0.0
mov_006,movies,age,young,none,3,Memory,1.0,1.0,0.0
mov_006,movies,age,adult,none,3,Elicit,0.8,0.8,0.0
mov_006,movies,age,adult,none,3,Retrieve,0.2,0.2,0.0
mov_006,movies,age,adult,none,3,Rank,0.7566380538263285,0.7566380538263285,0.0
mov_006,movies,age,adult,none,3,Explain,1.0,1.0,0.0
mov_006,movies,age,adult,none,3,Memory,1.0,1.0,0.0
mov_007,movies,age,teen,Elicit,0,Elicit,0.3333333333333333,0.3333333333333333,0.0
mov_007,movies,age,teen,Elicit,0,Retrieve,0.5,0.5,0.0
mov_007,movies,age,teen,Elicit,0,Rank,0.7936830498237362,0.7936830498237362,0.0
mov_007,movies,age,teen,Elicit,0,Explain,1.0,1.0,0.0
mov_007,movies,age,teen,Elicit,0,Memory,1.0,1.0,0.0
mov_007,movies,age,young,Elicit,0,Elicit,0.3333333333333333,0.3333333333333333,0.0
mov_007,movies,age,young,Elicit,0,Retrieve,0.5,0.5,0.0
mov_007,movies,age,young,Elicit,0,Rank,0.7936830498237362,0.7936830498237362,0.0
mov_007,movies,age,young,Elicit,0,Explain,1.0,1.0,0.0
mov_007,movies,age,young,Elicit,0,Memory,1.0,1.0,0.0
mov_007,movies,age,adult,Elicit,0,Elicit,0.5,0.3333333333333333,0.16666666666666669
mov_007,movies,age,adult,Elicit,0,Retrieve,0.5,0.5,0.0
mov_007,movies,age,adult,Elicit,0,Rank,0.7227834759972206,0.7936830498237362,-0.07089957382651557
mov_007,movies,age,adult,Elicit,0,Explain,1.0,1.0,0.0
mov_007,movies,age,adult,Elicit,0,Memory,0.6666666666666666,1.0,-0.33333333333333337
mov_007,movies,age,teen,Elicit,1,Elicit,0.5,0.5,0.0
mov_007,movies,age,teen,Elicit,1,Retrieve,0.5,0.5,0.0
mov_007,movies,age,teen,Elicit,1,Rank,0.8062469564246048,0.8062469564246048,0.0
mov_007,movies,age,teen,Elicit,1,Explain,1.0,1.0,0.0
mov_007,movies,age,teen,Elicit,1,Memory,1.0,1.0,0.0
mov_007,movies,age,young,Elicit,1,Elicit,0.5,0.5,0.0
mov_007,movies,age,young,Elicit,1,Retrieve,0.5,0.5,0.0
mov_007,movies,age,young,Elicit,1,Rank,0.8062469564246048,0.8062469564246048,0.0
mov_007,movies,age,young,Elicit,1,Explain,1.0,1.0,0.0
mov_007,movies,age,young,Elicit,1,Memory,1.0,1.0,0.0
mov_007,movies,age,adult,Elicit,1,Elicit,0.5,0.5,0.0
mov_007,movies,age,adult,Elicit,1,Retrieve,0.1,0.5,-0.4
mov_007,movies,age,adult,Elicit,1,Rank,0.18363731641060105,0.8062469564246048,-0.6226096400140038
mov_007,movies,age,adult,Elicit,1,Explain,1.0,1.0,0.0
mov_007,movies,age,adult,Elicit,1,Memory,0.6666666666666666,1.0,-0.33333333333333337
mov_007,movies,age,teen,Elicit,2,Elicit,0.5,0.5,0.0
mov_007,movies,age,teen,Elicit,2,Retrieve,0.5,0.5,0.0
mov_007,movies,age,teen,Elicit,2,Rank,0.7997863075638765,0.7997863075638765,0.0
mov_007,movies,age,teen,Elicit,2,Explain,1.0,1.0,0.0
mov_007,movies,age,teen,Elicit,2,Memory,1.0,1.0,0.0
mov_007,movies,age,young,Elicit,2,Elicit,0.5,0.5,0.0
mov_007,movies,age,young,Elicit,2,Retrieve,0.5,0.5,0.0
mov_007,movies,age,young,Elicit,2,Rank,0.7997863075638765,0.7997863075638765,0.0
mov_007,movies,age,young,Elicit,2,Explain,1.0,1.0,0.0
mov_007,movies,age,young,Elicit,2,Memory,1.0,1.0,0.0
mov_007,movies,age,adult,Elicit,2,Elicit,0.5,0.5,0.0
mov_007,movies,age,adult,Elicit,2,Retrieve,0.5,0.5,0.0
mov_007,movies,age,adult,Elicit,2,Rank,0.6546413984192113,0.7997863075638765,-0.14514490914466516
mov_007,movies,age,adult,Elicit,2,Explain,1.0,1.0,0.0
mov_007,movies,age,adult,Elicit,2,Memory,0.6666666666666666,1.0,-0.33333333333333337
mov_007,movies,age,teen,Elicit,3,Elicit,0.5,0.5,0.0
mov_007,movies,age,teen,Elicit,3,Retrieve,0.5,0.5,0.0
mov_007,movies,age,teen,Elicit,3,Rank,0.8062469564246048,0.8062469564246048,0.0
mov_007,movies,age,teen,Elicit,3,Explain,1.0,1.0,0.0
mov_007,movies,age,teen,Elicit,3,Memory,1.0,1.0,0.0
mov_007,movies,age,young,Elicit,3,Elicit,0.5,0.5,0.0
mov_007,movies,age,young,Elicit,3,Retrieve,0.5,0.5,0.0
mov_007,movies,age,young,Elicit,3,Rank,0.8062469564246048,0.8062469564246048,0.0
mov_007,movies,age,young,Elicit,3,Explain,1.0,1.0,0.0
mov_007,movies,age,young,Elicit,3,Memory,1.0,1.0,0.0
mov_007,movies,age,adult,Elicit,3,Elicit,0.5,0.5,0.0
mov_007,movies,age,adult,Elicit,3,Retrieve,0.5,0.5,0.0
mov_007,movies,age,adult,Elicit,3,Rank,0.727456925568012,0.8062469564246048,-0.07879003085659275
mov_007,movies,age,adult,Elicit,3,Explain,1.0,1.0,0.0
mov_007,movies,age,adult,Elicit,3,Memory,0.6666666666666666,1.0,-0.33333333333333337
mov_008,movies,age,teen,Retrieve,0,Elicit,0.8,0.8,0.0
mov_008,movies,age,teen,Retrieve,0,Retrieve,0.1,0.5,-0.4
mov_008,movies,age,teen,Retrieve,0,Rank,0.23802143488028368,0.8648854375503798,-0.6268640026700961
mov_008,movies,age,teen,Retrieve,0,Explain,1.0,1.0,0.0
mov_008,movies,age,teen,Retrieve,0,Memory,1.0,1.0,0.0
mov_008,movies,age,young,Retrieve,0,Elicit,0.8,0.8,0.0
mov_008,movies,age,young,Retrieve,0,Retrieve,0.5,0.5,0.0
mov_008,movies,age,young,Retrieve,0,Rank,0.8648854375503798,0.8648854375503798,0.0
mov_008,movies,age,young,Retrieve,0,Explain,1.0,1.0,0.0
mov_008,movies,age,young,Retrieve,0,Memory,1.0,1.0,0.0
mov_008,movies,age,adult,Retrieve,0,Elicit,0.8,0.8,0.0
mov_008,movies,age,adult,Retrieve,0,Retrieve,0.5,0.5,0.0
mov_008,movies,age,adult,Retrieve,0,Rank,0.8648854375503798,0.8648854375503798,0.0
mov_008,movies,age,adult,Retrieve,0,Explain,1.0,1.0,0.0
mov_008,movies,age,adult,Retrieve,0,Memory,1.0,1.0,0.0
mov_008,movies,age,teen,Retrieve,1,Elicit,0.8,0.8,0.0
mov_008,movies,age,teen,Retrieve,1,Retrieve,0.1,0.5,-0.4
mov_008,movies,age,teen,Retrieve,1,Rank,0.23802143488028368,0.8648854375503798,-0.6268640026700961
mov_008,movies,age,teen,Retrieve,1,Explain,1.0,1.0,0.0
mov_008,movies,age,teen,Retrieve,1,Memory,1.0,1.0,0.0
mov_008,movies,age,young,Retrieve,1,Elicit,0.8,0.8,0.0
mov_008,movies,age,young,Retrieve,1,Retrieve,0.5,0.5,0.0
mov_008,movies,age,young,Retrieve,1,Rank,0.8648854375503798,0.8648854375503798,0.0
mov_008,movies,age,young,Retrieve,1,Explain,1.0,1.0,0.0
mov_008,movies,age,young,Retrieve,1,Memory,1.0,1.0,0.0
mov_008,movies,age,adult,Retrieve,1,Elicit,0.8,0.8,0.0
mov_008,movies,age,adult,Retrieve,1,Retrieve,0.5,0.5,0.0
mov_008,movies,age,adult,Retrieve,1,Rank,0.8648854375503798,0.8648854375503798,0.0
mov_008,movies,age,adult,Retrieve,1,Explain,1.0,1.0,0.0
mov_008,movies,age,adult,Retrieve,1,Memory,1.0,1.0,0.0
mov_008,movies,age,teen,Retrieve,2,Elicit,0.6,0.6,0.0
mov_008,movies,age,teen,Retrieve,2,Retrieve,0.1,0.5,-0.4
mov_008,movies,age,teen,Retrieve,2,Rank,0.23802143488028368,0.8649367576065184,-0.6269153227262347
mov_008,movies,age,teen,Retrieve,2,Explain,1.0,1.0,0.0
mov_008,movies,age,teen,Retrieve,2,Memory,1.0,1.0,0.0
mov_008,movies,age,young,Retrieve,2,Elicit,0.6,0.6,0.0
mov_008,movies,age,young,Retrieve,2,Retrieve,0.5,0.5,0.0
mov_008,movies,age,young,Retrieve,2,Rank,0.8649367576065184,0.8649367576065184,0.0
mov_008,movies,age,young,Retrieve,2,Explain,1.0,1.0,0.0
mov_008,movies,age,young,Retrieve,2,Memory,1.0,1.0,0.0
mov_008,movies,age,adult,Retrieve,2,Elicit,0.6,0.6,0.0
mov_008,movies,age,adult,Retrieve,2,Retrieve,0.5,0.5,0.0
mov_008,movies,age,adult,Retrieve,2,Rank,0.8649367576065184,0.8649367576065184,0.0
mov_008,movies,age,adult,Retrieve,2,Explain,1.0,1.0,0.0
mov_008,movies,age,adult,Retrieve,2,Memory,1.0,1.0,0.0
mov_008,movies,age,teen,Retrieve,3,Elicit,0.8,0.8,0.0
mov_008,movies,age,teen,Retrieve,3,Retrieve,0.1,0.5,-0.4
mov_008,movies,age,teen,Retrieve,3,Rank,0.23802143488028368,0.9981534090932751,-0.7601319742129914
mov_008,movies,age,teen,Retrieve,3,Explain,1.0,1.0,0.0
mov_008,movies,age,teen,Retrieve,3,Memory,1.0,1.0,0.0
mov_008,movies,age,young,Retrieve,3,Elicit,0.8,0.8,0.0
mov_008,movies,age,young,Retrieve,3,Retrieve,0.5,0.5,0.0
mov_008,movies,age,young,Retrieve,3,Rank,0.9981534090932751,0.9981534090932751,0.0
mov_008,movies,age,young,Retrieve,3,Explain,1.0,1.0,0.0
mov_008,movies,age,young,Retrieve,3,Memory,1.0,1.0,0.0
mov_008,movies,age,adult,Retrieve,3,Elicit,0.8,0.8,0.0
mov_008,movies,age,adult,Retrieve,3,Retrieve,0.5,0.5,0.0
mov_008,movies,age,adult,Retrieve,3,Rank,0.9981534090932751,0.9981534090932751,0.0
mov_008,movies,age,adult,Retrieve,3,Explain,1.0,1.0,0.0
mov_008,movies,age,adult,Retrieve,3,Memory,1.0,1.0,0.0
mov_009,movies,age,teen,Rank,0,Elicit,0.8,0.8,0.0
mov_009,movies,age,teen,Rank,0,Retrieve,0.5,0.5,0.0
mov_009,movies,age,teen,Rank,0,Rank,0.93054238525667,0.93054238525667,0.0
mov_009,movies,age,teen,Rank,0,Explain,1.0,1.0,0.0
mov_009,movies,age,teen,Rank,0,Memory,1.0,1.0,0.0
mov_009,movies,age,young,Rank,0,Elicit,0.8,0.8,0.0
mov_009,movies,age,young,Rank,0,Retrieve,0.5,0.5,0.0
mov_009,movies,age,young,Rank,0,Rank,0.854380952130597,0.93054238525667,-0.07616143312607304
mov_009,movies,age,young,Rank,0,Explain,1.0,1.0,0.0
mov_009,movies,age,young,Rank,0,Memory,1.0,1.0,0.0
mov_009,movies,age,adult,Rank,0,Elicit,0.8,0.8,0.0
mov_009,movies,age,adult,Rank,0,Retrieve,0.5,0.5,0.0
mov_009,movies,age,adult,Rank,0,Rank,0.93054238525667,0.93054238525667,0.0
mov_009,movies,age,adult,Rank,0,Explain,1.0,1.0,0.0
mov_009,movies,age,adult,Rank,0,Memory,1.0,1.0,0.0
mov_009,movies,age,teen,Rank,1,Elicit,0.8,0.8,0.0
mov_009,movies,age,teen,Rank,1,Retrieve,0.5,0.5,0.0
mov_009,movies,age,teen,Rank,1,Rank,0.9702585818443955,0.9702585818443955,0.0
mov_009,movies,age,teen,Rank,1,Explain,1.0,1.0,0.0
mov_009,movies,age,teen,Rank,1,Memory,1.0,1.0,0.0
mov_009,movies,age,young,Rank,1,Elicit,0.8,0.8,0.0
mov_009,movies,age,young,Rank,1,Retrieve,0.5,0.5,0.0
mov_009,movies,age,young,Rank,1,Rank,0.7519320223842241,0.9702585818443955,-0.21832655946017143
mov_009,movies,age,young,Rank,1,Explain,1.0,1.0,0.0
mov_009,movies,age,young,Rank,1,Memory,1.0,1.0,0.0
mov_009,movies,age,adult,Rank,1,Elicit,0.8,0.8,0.0
mov_009,movies,age,adult,Rank,1,Retrieve,0.5,0.5,0.0
mov_009,movies,age,adult,Rank,1,Rank,0.9702585818443955,0.9702585818443955,0.0
mov_009,movies,age,adult,Rank,1,Explain,1.0,1.0,0.0
mov_009,movies,age,adult,Rank,1,Memory,1.0,1.0,0.0
mov_009,movies,age,teen,Rank,2,Elicit,0.8,0.8,0.0
mov_009,movies,age,teen,Rank,2,Retrieve,0.1,0.1,0.0
mov_009,movies,age,teen,Rank,2,Rank,0.6089267584960449,0.6089267584960449,0.0
mov_009,movies,age,teen,Rank,2,Explain,1.0,1.0,0.0
mov_009,movies,age,teen,Rank,2,Memory,1.0,1.0,0.0
mov_009,movies,age,young,Rank,2,Elicit,0.8,0.8,0.0
mov_009,movies,age,young,Rank,2,Retrieve,0.1,0.1,0.0
mov_009,movies,age,young,Rank,2,Rank,0.6089267584960449,0.6089267584960449,0.0
mov_009,movies,age,young,Rank,2,Explain,1.0,1.0,0.0
mov_009,movies,age,young,Rank,2,Memory,1.0,1.0,0.0
mov_009,movies,age,adult,Rank,2,Elicit,0.8,0.8,0.0
mov_009,movies,age,adult,Rank,2,Retrieve,0.1,0.1,0.0
mov_009,movies,age,adult,Rank,2,Rank,0.6089267584960449,0.6089267584960449,0.0
mov_009,movies,age,adult,Rank,2,Explain,1.0,1.0,0.0
mov_009,movies,age,adult,Rank,2,Memory,1.0,1.0,0.0
mov_009,movies,age,teen,Rank,3,Elicit,0.8,0.8,0.0
mov_009,movies,age,teen,Rank,3,Retrieve,0.1,0.1,0.0
mov_009,movies,age,teen,Rank,3,Rank,0.6089267584960449,0.6089267584960449,0.0
mov_009,movies,age,teen,Rank,3,Explain,1.0,1.0,0.0
mov_009,movies,age,teen,Rank,3,Memory,1.0,1.0,0.0
mov_009,movies,age,young,Rank,3,Elicit,0.8,0.8,0.0
mov_009,movies,age,young,Rank,3,Retrieve,0.1,0.1,0.0
mov_009,movies,age,young,Rank,3,Rank,0.6089267584960449,0.6089267584960449,0.0
mov_009,movies,age,young,Rank,3,Explain,1.0,1.0,0.0
mov_009,movies,age,young,Rank,3,Memory,1.0,1.0,0.0
mov_009,movies,age,adult,Rank,3,Elicit,0.8,0.8,0.0
mov_009,movies,age,adult,Rank,3,Retrieve,0.1,0.1,0.0
mov_009,movies,age,adult,Rank,3,Rank,0.6089267584960449,0.6089267584960449,0.0
mov_009,movies,age,adult,Rank,3,Explain,1.0,1.0,0.0
mov_009,movies,age,adult,Rank,3,Memory,1.0,1.0,0.0
mov_010,movies,age,teen,Explain,0,Elicit,0.5,0.5,0.0
mov_010,movies,age,teen,Explain,0,Retrieve,0.5,0.5,0.0
mov_010,movies,age,teen,Explain,0,Rank,0.6774784400336501,0.6774784400336501,0.0
mov_010,movies,age,teen,Explain,0,Explain,1.0,1.0,0.0
mov_010,movies,age,teen,Explain,0,Memory,1.0,1.0,0.0
mov_010,movies,age,young,Explain,0,Elicit,0.5,0.5,0.0
mov_010,movies,age,young,Explain,0,Retrieve,0.5,0.5,0.0
mov_010,movies,age,young,Explain,0,Rank,0.6774784400336501,0.6774784400336501,0.0
mov_010,movies,age,young,Explain,0,Explain,1.0,1.0,0.0
mov_010,movies,age,young,Explain,0,Memory,1.0,1.0,0.0
mov_010,movies,age,adult,Explain,0,Elicit,0.5,0.5,0.0
mov_010,movies,age,adult,Explain,0,Retrieve,0.5,0.5,0.0
mov_010,movies,age,adult,Explain,0,Rank,0.6774784400336501,0.6774784400336501,0.0
mov_010,movies,age,adult,Explain,0,Explain,0.5,1.0,-0.5
mov_010,movies,age,adult,Explain,0,Memory,0.6666666666666666,1.0,-0.33333333333333337
mov_010,movies,age,teen,Explain,1,Elicit,0.3333333333333333,0.3333333333333333,0.0
mov_010,movies,age,teen,Explain,1,Retrieve,0.5,0.5,0.0
mov_010,movies,age,teen,Explain,1,Rank,0.7084632498446868,0.7084632498446868,0.0
mov_010,movies,age,teen,Explain,1,Explain,1.0,1.0,0.0
mov_010,movies,age,teen,Explain,1,Memory,1.0,1.0,0.0
mov_010,movies,age,young,Explain,1,Elicit,0.3333333333333333,0.3333333333333333,0.0
mov_010,movies,age,young,Explain,1,Retrieve,0.5,0.5,0.0
mov_010,movies,age,young,Explain,1,Rank,0.7084632498446868,0.7084632498446868,0.0
mov_010,movies,age,young,Explain,1,Explain,1.0,1.0,0.0
mov_010,movies,age,young,Explain,1,Memory,1.0,1.0,0.0
mov_010,movies,age,adult,Explain,1,Elicit,0.3333333333333333,0.3333333333333333,0.0
mov_010,movies,age,adult,Explain,1,Retrieve,0.5,0.5,0.0
mov_010,movies,age,adult,Explain,1,Rank,0.7084632498446868,0.7084632498446868,0.0
mov_010,movies,age,adult,Explain,1,Explain,0.5,1.0,-0.5
mov_010,movies,age,adult,Explain,1,Memory,0.6666666666666666,1.0,-0.33333333333333337
mov_010,movies,age,teen,Explain,2,Elicit,0.5,0.5,0.0
mov_010,movies,age,teen,Explain,2,Retrieve,0.5,0.5,0.0
mov_010,movies,age,teen,Explain,2,Rank,0.8775827784793123,0.8775827784793123,0.0
mov_010,movies,age,teen,Explain,2,Explain,1.0,1.0,0.0
mov_010,movies,age,teen,Explain,2,Memory,1.0,1.0,0.0
mov_010,movies,age,young,Explain,2,Elicit,0.5,0.5,0.0
mov_010,movies,age,young,Explain,2,Retrieve,0.5,0.5,0.0
mov_010,movies,age,young,Explain,2,Rank,0.8775827784793123,0.8775827784793123,0.0
mov_010,movies,age,young,Explain,2,Explain,1.0,1.0,0.0
mov_010,movies,age,young,Explain,2,Memory,1.0,1.0,0.0
mov_010,movies,age,adult,Explain,2,Elicit,0.5,0.5,0.0
mov_010,movies,age,adult,Explain,2,Retrieve,0.5,0.5,0.0
mov_010,movies,age,adult,Explain,2,Rank,0.8775827784793123,0.8775827784793123,0.0
mov_010,movies,age,adult,Explain,2,Explain,1.0,1.0,0.0
mov_010,movies,age,adult,Explain,2,Memory,0.6666666666666666,1.0,-0.33333333333333337
mov_010,movies,age,teen,Explain,3,Elicit,0.3333333333333333,0.3333333333333333,0.0
mov_010,movies,age,teen,Explain,3,Retrieve,0.5,0.5,0.0
mov_010,movies,age,teen,Explain,3,Rank,0.714292870640253,0.714292870640253,0.0
mov_010,movies,age,teen,Explain,3,Explain,1.0,1.0,0.0
mov_010,movies,age,teen,Explain,3,Memory,1.0,1.0,0.0
mov_010,movies,age,young,Explain,3,Elicit,0.3333333333333333,0.3333333333333333,0.0
mov_010,movies,age,young,Explain,3,Retrieve,0.5,0.5,0.0
mov_010,movies,age,young,Explain,3,Rank,0.714292870640253,0.714292870640253,0.0
mov_010,movies,age,young,Explain,3,Explain,1.0,1.0,0.0
mov_010,movies,age,young,Explain,3,Memory,1.0,1.0,0.0
mov_010,movies,age,adult,Explain,3,Elicit,0.3333333333333333,0.3333333333333333,0.0
mov_010,movies,age,adult,Explain,3,Retrieve,0.5,0.5,0.0
mov_010,movies,age,adult,Explain,3,Rank,0.714292870640253,0.714292870640253,0.0
mov_010,movies,age,adult,Explain,3,Explain,1.0,1.0,0.0
mov_010,movies,age,adult,Explain,3,Memory,1.0,1.0,0.0
mov_011,movies,age,teen,Memory,0,Elicit,0.5,0.5,0.0
mov_011,movies,age,teen,Memory,0,Retrieve,0.5,0.5,0.0
mov_011,movies,age,teen,Memory,0,Rank,0.710621096761802,0.710621096761802,0.0
mov_011,movies,age,teen,Memory,0,Explain,1.0,1.0,0.0
mov_011,movies,age,teen,Memory,0,Memory,0.6666666666666666,1.0,-0.33333333333333337
mov_011,movies,age,young,Memory,0,Elicit,0.5,0.5,0.0
mov_011,movies,age,young,Memory,0,Retrieve,0.5,0.5,0.0
mov_011,movies,age,young,Memory,0,Rank,0.710621096761802,0.710621096761802,0.0
mov_011,movies,age,young,Memory,0,Explain,1.0,1.0,0.0
mov_011,movies,age,young,Memory,0,Memory,1.0,1.0,0.0
mov_011,movies,age,adult,Memory,0,Elicit,0.5,0.5,0.0
mov_011,movies,age,adult,Memory,0,Retrieve,0.5,0.5,0.0
mov_011,movies,age,adult,Memory,0,Rank,0.710621096761802,0.710621096761802,0.0
mov_011,movies,age,adult,Memory,0,Explain,1.0,1.0,0.0
mov_011,movies,age,adult,Memory,0,Memory,1.0,1.0,0.0
mov_011,movies,age,teen,Memory,1,Elicit,0.5,0.5,0.0
mov_011,movies,age,teen,Memory,1,Retrieve,0.5,0.5,0.0
mov_011,movies,age,teen,Memory,1,Rank,0.5321026116731996,0.5321026116731996,0.0
mov_011,movies,age,teen,Memory,1,Explain,1.0,1.0,0.0
mov_011,movies,age,teen,Memory,1,Memory,0.6666666666666666,1.0,-0.33333333333333337
mov_011,movies,age,young,Memory,1,Elicit,0.5,0.5,0.0
mov_011,movies,age,young,Memory,1,Retrieve,0.5,0.5,0.0
mov_011,movies,age,young,Memory,1,Rank,0.5321026116731996,0.5321026116731996,0.0
mov_011,movies,age,young,Memory,1,Explain,1.0,1.0,0.0
mov_011,movies,age,young,Memory,1,Memory,1.0,1.0,0.0
mov_011,movies,age,adult,Memory,1,Elicit,0.5,0.5,0.0
mov_011,movies,age,adult,Memory,1,Retrieve,0.5,0.5,0.0
mov_011,movies,age,adult,Memory,1,Rank,0.5321026116731996,0.5321026116731996,0.0
mov_011,movies,age,adult,Memory,1,Explain,1.0,1.0,0.0
mov_011,movies,age,adult,Memory,1,Memory,1.0,1.0,0.0
mov_011,movies,age,teen,Memory,2,Elicit,0.5,0.5,0.0
mov_011,movies,age,teen,Memory,2,Retrieve,0.5,0.5,0.0
mov_011,movies,age,teen,Memory,2,Rank,0.9972242603694056,0.9972242603694056,0.0
mov_011,movies,age,teen,Memory,2,Explain,1.0,1.0,0.0
mov_011,movies,age,teen,Memory,2,Memory,0.6666666666666666,1.0,-0.33333333333333337
mov_011,movies,age,young,Memory,2,Elicit,0.5,0.5,0.0
mov_011,movies,age,young,Memory,2,Retrieve,0.5,0.5,0.0
mov_011,movies,age,young,Memory,2,Rank,0.9972242603694056,0.9972242603694056,0.0
mov_011,movies,age,young,Memory,2,Explain,1.0,1.0,0.0
mov_011,movies,age,young,Memory,2,Memory,1.0,1.0,0.0
mov_011,movies,age,adult,Memory,2,Elicit,0.5,0.5,0.0
mov_011,movies,age,adult,Memory,2,Retrieve,0.5,0.5,0.0
mov_011,movies,age,adult,Memory,2,Rank,0.9972242603694056,0.9972242603694056,0.0
mov_011,movies,age,adult,Memory,2,Explain,1.0,1.0,0.0
mov_011,movies,age,adult,Memory,2,Memory,1.0,1.0,0.0
mov_011,movies,age,teen,Memory,3,Elicit,0.5,0.5,0.0
mov_011,movies,age,teen,Memory,3,Retrieve,0.5,0.5,0.0
mov_011,movies,age,teen,Memory,3,Rank,0.8527371766159696,0.8527371766159696,0.0
mov_011,movies,age,teen,Memory,3,Explain,1.0,1.0,0.0
mov_011,movies,age,teen,Memory,3,Memory,0.6666666666666666,1.0,-0.33333333333333337
mov_011,movies,age,young,Memory,3,Elicit,0.5,0.5,0.0
mov_011,movies,age,young,Memory,3,Retrieve,0.5,0.5,0.0
mov_011,movies,age,young,Memory,3,Rank,0.8527371766159696,0.8527371766159696,0.0
mov_011,movies,age,young,Memory,3,Explain,1.0,1.0,0.0
mov_011,movies,age,young,Memory,3,Memory,1.0,1.0,0.0
mov_011,movies,age,adult,Memory,3,Elicit,0.5,0.5,0.0
mov_011,movies,age,adult,Memory,3,Retrieve,0.5,0.5,0.0
mov_011,movies,age,adult,Memory,3,Rank,0.8527371766159696,0.8527371766159696,0.0
mov_011,movies,age,adult,Memory,3,Explain,1.0,1.0,0.0
mov_011,movies,age,adult,Memory,3,Memory,1.0,1.0,0.0
mov_012,movies,sex,man,none,0,Elicit,1.0,1.0,0.0
mov_012,movies,sex,man,none,0,Retrieve,0.5,0.5,0.0
mov_012,movies,sex,man,none,0,Rank,1.0,1.0,0.0
mov_012,movies,sex,man,none,0,Explain,1.0,1.0,0.0
mov_012,movies,sex,man,none,0,Memory,1.0,1.0,0.0
mov_012,movies,sex,woman,none,0,Elicit,1.0,1.0,0.0
mov_012,movies,sex,woman,none,0,Retrieve,0.5,0.5,0.0
mov_012,movies,sex,woman,none,0,Rank,1.0,1.0,0.0
mov_012,movies,sex,woman,none,0,Explain,1.0,1.0,0.0
mov_012,movies,sex,woman,none,0,Memory,1.0,1.0,0.0
mov_012,movies,sex,man,none,1,Elicit,1.0,1.0,0.0
mov_012,movies,sex,man,none,1,Retrieve,0.5,0.5,0.0
mov_012,movies,sex,man,none,1,Rank,0.999454577822281,0.999454577822281,0.0
mov_012,movies,sex,man,none,1,Explain,1.0,1.0,0.0
mov_012,movies,sex,man,none,1,Memory,1.0,1.0,0.0
mov_012,movies,sex,woman,none,1,Elicit,1.0,1.0,0.0
mov_012,movies,sex,woman,none,1,Retrieve,0.5,0.5,0.0
mov_012,movies,sex,woman,none,1,Rank,0.999454577822281,0.999454577822281,0.0
mov_012,movies,sex,woman,none,1,Explain,1.0,1.0,0.0
mov_012,movies,sex,woman,none,1,Memory,1.0,1.0,0.0
mov_012,movies,sex,man,none,2,Elicit,1.0,1.0,0.0
mov_012,movies,sex,man,none,2,Retrieve,0.5,0.5,0.0
mov_012,movies,sex,man,none,2,Rank,0.995831419331157,0.995831419331157,0.0
mov_012,movies,sex,man,none,2,Explain,1.0,1.0,0.0
mov_012,movies,sex,man,none,2,Memory,1.0,1.0,0.0
mov_012,movies,sex,woman,none,2,Elicit,1.0,1.0,0.0
mov_012,movies,sex,woman,none,2,Retrieve,0.5,0.5,0.0
mov_012,movies,sex,woman,none,2,Rank,0.995831419331157,0.995831419331157,0.0
mov_012,movies,sex,woman,none,2,Explain,1.0,1.0,0.0
mov_012,movies,sex,woman,none,2,Memory,1.0,1.0,0.0
mov_012,movies,sex,man,none,3,Elicit,1.0,1.0,0.0
mov_012,movies,sex,man,none,3,Retrieve,0.5,0.5,0.0
mov_012,movies,sex,man,none,3,Rank,1.0,1.0,0.0
mov_012,movies,sex,man,none,3,Explain,1.0,1.0,0.0
mov_012,movies,sex,man,none,3,Memory,1.0,1.0,0.0
mov_012,movies,sex,woman,none,3,Elicit,1.0,1.0,0.0
mov_012,movies,sex,woman,none,3,Retrieve,0.5,0.5,0.0
mov_012,movies,sex,woman,none,3,Rank,1.0,1.0,0.0
mov_012,movies,sex,woman,none,3,Explain,1.0,1.0,0.0
mov_012,movies,sex,woman,none,3,Memory,1.0,1.0,0.0
mov_013,movies,sex,man,Elicit,0,Elicit,0.3333333333333333,0.3333333333333333,0.0
mov_013,movies,sex,man,Elicit,0,Retrieve,0.5,0.5,0.0
mov_013,movies,sex,man,Elicit,0,Rank,0.6822967654102334,0.6822967654102334,0.0
mov_013,movies,sex,man,Elicit,0,Explain,1.0,1.0,0.0
mov_013,movies,sex,man,Elicit,0,Memory,1.0,1.0,0.0
mov_013,movies,sex,woman,Elicit,0,Elicit,0.5,0.3333333333333333,0.16666666666666669
mov_013,movies,sex,woman,Elicit,0,Retrieve,0.2,0.5,-0.3
mov_013,movies,sex,woman,Elicit,0,Rank,0.40882169389508677,0.6822967654102334,-0.27347507151514666
mov_013,movies,sex,woman,Elicit,0,Explain,1.0,1.0,0.0
mov_013,movies,sex,woman,Elicit,0,Memory,0.6666666666666666,1.0,-0.33333333333333337
mov_013,movies,sex,man,Elicit,1,Elicit,0.5,0.5,0.0
mov_013,movies,sex,man,Elicit,1,Retrieve,0.5,0.5,0.0
mov_013,movies,sex,man,Elicit,1,Rank,0.8046551639163962,0.8046551639163962,0.0
mov_013,movies,sex,man,Elicit,1,Explain,1.0,1.0,0.0
mov_013,movies,sex,man,Elicit,1,Memory,1.0,1.0,0.0
mov_013,movies,sex,woman,Elicit,1,Elicit,0.5,0.5,0.0
mov_013,movies,sex,woman,Elicit,1,Retrieve,0.2,0.5,-0.3
mov_013,movies,sex,woman,Elicit,1,Rank,0.40882169389508677,0.8046551639163962,-0.3958334700213095
mov_013,movies,sex,woman,Elicit,1,Explain,1.0,1.0,0.0
mov_013,movies,sex,woman,Elicit,1,Memory,0.6666666666666666,1.0,-0.33333333333333337
mov_013,movies,sex,man,Elicit,2,Elicit,0.5,0.5,0.0
mov_013,movies,sex,man,Elicit,2,Retrieve,0.5,0.5,0.0
mov_013,movies,sex,man,Elicit,2,Rank,0.7950230866518398,0.7950230866518398,0.0
mov_013,movies,sex,man,Elicit,2,Explain,1.0,1.0,0.0
mov_013,movies,sex,man,Elicit,2,Memory,1.0,1.0,0.0
mov_013,movies,sex,woman,Elicit,2,Elicit,0.5,0.5,0.0
mov_013,movies,sex,woman,Elicit,2,Retrieve,0.2,0.5,-0.3
mov_013,movies,sex,woman,Elicit,2,Rank,0.406012774241889,0.7950230866518398,-0.3890103124099509
mov_013,movies,sex,woman,Elicit,2,Explain,1.0,1.0,0.0
mov_013,movies,sex,woman,Elicit,2,Memory,0.6666666666666666,1.0,-0.33333333333333337
mov_013,movies,sex,man,Elicit,3,Elicit,0.5,0.5,0.0
mov_013,movies,sex,man,Elicit,3,Retrieve,0.5,0.5,0.0
mov_013,movies,sex,man,Elicit,3,Rank,0.8124584326845569,0.8124584326845569,0.0
mov_013,movies,sex,man,Elicit,3,Explain,1.0,1.0,0.0
mov_013,movies,sex,man,Elicit,3,Memory,1.0,1.0,0.0
mov_013,movies,sex,woman,Elicit,3,Elicit,0.5,0.5,0.0
mov_013,movies,sex,woman,Elicit,3,Retrieve,0.2,0.5,-0.3
mov_013,movies,sex,woman,Elicit,3,Rank,0.40882169389508677,0.8124584326845569,-0.4036367387894701
mov_013,movies,sex,woman,Elicit,3,Explain,1.0,1.0,0.0
mov_013,movies,sex,woman,Elicit,3,Memory,0.6666666666666666,1.0,-0.33333333333333337
mov_014,movies,sex,man,Retrieve,0,Elicit,0.3333333333333333,0.3333333333333333,0.0
mov_014,movies,sex,man,Retrieve,0,Retrieve,0.2,0.5,-0.3
mov_014,movies,sex,man,Retrieve,0,Rank,0.4734335662180706,0.6292540250706921,-0.15582045885262147
mov_014,movies,sex,man,Retrieve,0,Explain,1.0,1.0,0.0
mov_014,movies,sex,man,Retrieve,0,Memory,1.0,1.0,0.0
mov_014,movies,sex,woman,Retrieve,0,Elicit,0.3333333333333333,0.3333333333333333,0.0
mov_014,movies,sex,woman,Retrieve,0,Retrieve,0.5,0.5,0.0
mov_014,movies,sex,woman,Retrieve,0,Rank,0.6292540250706921,0.6292540250706921,0.0
mov_014,movies,sex,woman,Retrieve,0,Explain,1.0,1.0,0.0
mov_014,movies,sex,woman,Retrieve,0,Memory,1.0,1.0,0.0
mov_014,movies,sex,man,Retrieve,1,Elicit,0.5,0.5,0.0
mov_014,movies,sex,man,Retrieve,1,Retrieve,0.2,0.5,-0.3
mov_014,movies,sex,man,Retrieve,1,Rank,0.4734335662180706,0.7676981523884241,-0.2942645861703535
mov_014,movies,sex,man,Retrieve,1,Explain,1.0,1.0,0.0
mov_014,movies,sex,man,Retrieve,1,Memory,1.0,1.0,0.0
mov_014,movies,sex,woman,Retrieve,1,Elicit,0.5,0.5,0.0
mov_014,movies,sex,woman,Retrieve,1,Retrieve,0.5,0.5,0.0
mov_014,movies,sex,woman,Retrieve,1,Rank,0.7676981523884241,0.7676981523884241,0.0
mov_014,movies,sex,woman,Retrieve,1,Explain,1.0,1.0,0.0
mov_014,movies,sex,woman,Retrieve,1,Memory,1.0,1.0,0.0
mov_014,movies,sex,man,Retrieve,2,Elicit,0.5,0.5,0.0
mov_014,movies,sex,man,Retrieve,2,Retrieve,0.2,0.5,-0.3
mov_014,movies,sex,man,Retrieve,2,Rank,0.4734335662180706,0.8284049612466894,-0.3549713950286188
mov_014,movies,sex,man,Retrieve,2,Explain,1.0,1.0,0.0
mov_014,movies,sex,man,Retrieve,2,Memory,1.0,1.0,0.0
mov_014,movies,sex,woman,Retrieve,2,Elicit,0.5,0.5,0.0
mov_014,movies,sex,woman,Retrieve,2,Retrieve,0.5,0.5,0.0
mov_014,movies,sex,woman,Retrieve,2,Rank,0.8284049612466894,0.8284049612466894,0.0
mov_014,movies,sex,woman,Retrieve,2,Explain,1.0,1.0,0.0
mov_014,movies,sex,woman,Retrieve,2,Memory,1.0,1.0,0.0
mov_014,movies,sex,man,Retrieve,3,Elicit,0.5,0.5,0.0
mov_014,movies,sex,man,Retrieve,3,Retrieve,0.2,0.5,-0.3
mov_014,movies,sex,man,Retrieve,3,Rank,0.4734335662180706,0.8359066366272485,-0.3624730704091779
mov_014,movies,sex,man,Retrieve,3,Explain,1.0,1.0,0.0
mov_014,movies,sex,man,Retrieve,3,Memory,1.0,1.0,0.0
mov_014,movies,sex,woman,Retrieve,3,Elicit,0.5,0.5,0.0
mov_014,movies,sex,woman,Retrieve,3,Retrieve,0.5,0.5,0.0
mov_014,movies,sex,woman,Retrieve,3,Rank,0.8359066366272485,0.8359066366272485,0.0
mov_014,movies,sex,woman,Retrieve,3,Explain,1.0,1.0,0.0
mov_014,movies,sex,woman,Retrieve,3,Memory,1.0,1.0,0.0
mov_015,movies,sex,man,Rank,0,Elicit,0.6,0.6,0.0
mov_015,movies,sex,man,Rank,0,Retrieve,0.5,0.5,0.0
mov_015,movies,sex,man,Rank,0,Rank,0.9099420093295884,0.9099420093295884,0.0
mov_015,movies,sex,man,Rank,0,Explain,1.0,1.0,0.0
mov_015,movies,sex,man,Rank,0,Memory,1.0,1.0,0.0
mov_015,movies,sex,woman,Rank,0,Elicit,0.6,0.6,0.0
mov_015,movies,sex,woman,Rank,0,Retrieve,0.5,0.5,0.0
mov_015,movies,sex,woman,Rank,0,Rank,0.7925083059323855,0.9099420093295884,-0.11743370339720283
mov_015,movies,sex,woman,Rank,0,Explain,1.0,1.0,0.0
mov_015,movies,sex,woman,Rank,0,Memory,1.0,1.0,0.0
mov_015,movies,sex,man,Rank,1,Elicit,0.8,0.8,0.0
mov_015,movies,sex,man,Rank,1,Retrieve,0.5,0.5,0.0
mov_015,movies,sex,man,Rank,1,Rank,0.9708578859964057,0.9708578859964057,0.0
mov_015,movies,sex,man,Rank,1,Explain,1.0,1.0,0.0
mov_015,movies,sex,man,Rank,1,Memory,1.0,1.0,0.0
mov_015,movies,sex,woman,Rank,1,Elicit,0.8,0.8,0.0
mov_015,movies,sex,woman,Rank,1,Retrieve,0.5,0.5,0.0
mov_015,movies,sex,woman,Rank,1,Rank,0.7983521219764492,0.9708578859964057,-0.17250576401995643
mov_015,movies,sex,woman,Rank,1,Explain,1.0,1.0,0.0
mov_015,movies,sex,woman,Rank,1,Memory,1.0,1.0,0.0
mov_015,movies,sex,man,Rank,2,Elicit,0.6,0.6,0.0
mov_015,movies,sex,man,Rank,2,Retrieve,0.5,0.5,0.0
mov_015,movies,sex,man,Rank,2,Rank,0.9409678449345068,0.9409678449345068,0.0
mov_015,movies,sex,man,Rank,2,Explain,1.0,1.0,0.0
mov_015,movies,sex,man,Rank,2,Memory,1.0,1.0,0.0
mov_015,movies,sex,woman,Rank,2,Elicit,0.6,0.6,0.0
mov_015,movies,sex,woman,Rank,2,Retrieve,0.5,0.5,0.0
mov_015,movies,sex,woman,Rank,2,Rank,0.8068706311135869,0.9409678449345068,-0.13409721382091988
mov_015,movies,sex,woman,Rank,2,Explain,1.0,1.0,0.0
mov_015,movies,sex,woman,Rank,2,Memory,1.0,1.0,0.0
mov_015,movies,sex,man,Rank,3,Elicit,0.8,0.8,0.0
mov_015,movies,sex,man,Rank,3,Retrieve,0.1,0.1,0.0
mov_015,movies,sex,man,Rank,3,Rank,0.5001661040281656,0.5001661040281656,0.0
mov_015,movies,sex,man,Rank,3,Explain,1.0,1.0,0.0
mov_015,movies,sex,man,Rank,3,Memory,1.0,1.0,0.0
mov_015,movies,sex,woman,Rank,3,Elicit,0.8,0.8,0.0
mov_015,movies,sex,woman,Rank,3,Retrieve,0.1,0.1,0.0
mov_015,movies,sex,woman,Rank,3,Rank,0.5001661040281656,0.5001661040281656,0.0
mov_015,movies,sex,woman,Rank,3,Explain,1.0,1.0,0.0
mov_015,movies,sex,woman,Rank,3,Memory,1.0,1.0,0.0
mov_016,movies,sex,man,Explain,0,Elicit,0.8,0.8,0.0
mov_016,movies,sex,man,Explain,0,Retrieve,0.5,0.5,0.0
mov_016,movies,sex,man,Explain,0,Rank,1.0,1.0,0.0
mov_016,movies,sex,man,Explain,0,Explain,0.6666666666666666,1.0,-0.33333333333333337
mov_016,movies,sex,man,Explain,0,Memory,0.75,1.0,-0.25
mov_016,movies,sex,woman,Explain,0,Elicit,0.8,0.8,0.0
mov_016,movies,sex,woman,Explain,0,Retrieve,0.5,0.5,0.0
mov_016,movies,sex,woman,Explain,0,Rank,1.0,1.0,0.0
mov_016,movies,sex,woman,Explain,0,Explain,1.0,1.0,0.0
mov_016,movies,sex,woman,Explain,0,Memory,1.0,1.0,0.0
mov_016,movies,sex,man,Explain,1,Elicit,0.8,0.8,0.0
mov_016,movies,sex,man,Explain,1,Retrieve,0.5,0.5,0.0
mov_016,movies,sex,man,Explain,1,Rank,1.0,1.0,0.0
mov_016,movies,sex,man,Explain,1,Explain,0.6666666666666666,1.0,-0.33333333333333337
mov_016,movies,sex,man,Explain,1,Memory,0.75,1.0,-0.25
mov_016,movies,sex,woman,Explain,1,Elicit,0.8,0.8,0.0
mov_016,movies,sex,woman,Explain,1,Retrieve,0.5,0.5,0.0
mov_016,movies,sex,woman,Explain,1,Rank,1.0,1.0,0.0
mov_016,movies,sex,woman,Explain,1,Explain,1.0,1.0,0.0
mov_016,movies,sex,woman,Explain,1,Memory,1.0,1.0,0.0
mov_016,movies,sex,man,Explain,2,Elicit,0.8,0.8,0.0
mov_016,movies,sex,man,Explain,2,Retrieve,0.5,0.5,0.0
mov_016,movies,sex,man,Explain,2,Rank,0.9608928177624766,0.9608928177624766,0.0
mov_016,movies,sex,man,Explain,2,Explain,0.6666666666666666,1.0,-0.33333333333333337
mov_016,movies,sex,man,Explain,2,Memory,0.75,1.0,-0.25
mov_016,movies,sex,woman,Explain,2,Elicit,0.8,0.8,0.0
mov_016,movies,sex,woman,Explain,2,Retrieve,0.5,0.5,0.0
mov_016,movies,sex,woman,Explain,2,Rank,0.9608928177624766,0.9608928177624766,0.0
mov_016,movies,sex,woman,Explain,2,Explain,1.0,1.0,0.0
mov_016,movies,sex,woman,Explain,2,Memory,1.0,1.0,0.0
mov_016,movies,sex,man,Explain,3,Elicit,0.8,0.8,0.0
mov_016,movies,sex,man,Explain,3,Retrieve,0.5,0.5,0.0
mov_016,movies,sex,man,Explain,3,Rank,0.9988699355225392,0.9988699355225392,0.0
mov_016,movies,sex,man,Explain,3,Explain,0.6666666666666666,1.0,-0.33333333333333337
mov_016,movies,sex,man,Explain,3,Memory,0.75,1.0,-0.25
mov_016,movies,sex,woman,Explain,3,Elicit,0.8,0.8,0.0
mov_016,movies,sex,woman,Explain,3,Retrieve,0.5,0.5,0.0
mov_016,movies,sex,woman,Explain,3,Rank,0.9988699355225392,0.9988699355225392,0.0
mov_016,movies,sex,woman,Explain,3,Explain,1.0,1.0,0.0
mov_016,movies,sex,woman,Explain,3,Memory,1.0,1.0,0.0
mov_017,movies,sex,man,Memory,0,Elicit,0.5,0.5,0.0
mov_017,movies,sex,man,Memory,0,Retrieve,0.5,0.5,0.0
mov_017,movies,sex,man,Memory,0,Rank,0.7480433710592941,0.7480433710592941,0.0
mov_017,movies,sex,man,Memory,0,Explain,1.0,1.0,0.0
mov_017,movies,sex,man,Memory,0,Memory,1.0,1.0,0.0
mov_017,movies,sex,woman,Memory,0,Elicit,0.5,0.5,0.0
mov_017,movies,sex,woman,Memory,0,Retrieve,0.5,0.5,0.0
mov_017,movies,sex,woman,Memory,0,Rank,0.7480433710592941,0.7480433710592941,0.0
mov_017,movies,sex,woman,Memory,0,Explain,1.0,1.0,0.0
mov_017,movies,sex,woman,Memory,0,Memory,0.6666666666666666,1.0,-0.33333333333333337
mov_017,movies,sex,man,Memory,1,Elicit,0.3333333333333333,0.3333333333333333,0.0
mov_017,movies,sex,man,Memory,1,Retrieve,0.5,0.5,0.0
mov_017,movies,sex,man,Memory,1,Rank,0.7386892956477752,0.7386892956477752,0.0
mov_017,movies,sex,man,Memory,1,Explain,1.0,1.0,0.0
mov_017,movies,sex,man,Memory,1,Memory,1.0,1.0,0.0
mov_017,movies,sex,woman,Memory,1,Elicit,0.3333333333333333,0.3333333333333333,0.0
mov_017,movies,sex,woman,Memory,1,Retrieve,0.5,0.5,0.0
mov_017,movies,sex,woman,Memory,1,Rank,0.7386892956477752,0.7386892956477752,0.0
mov_017,movies,sex,woman,Memory,1,Explain,1.0,1.0,0.0
mov_017,movies,sex,woman,Memory,1,Memory,0.6666666666666666,1.0,-0.33333333333333337
mov_017,movies,sex,man,Memory,2,Elicit,0.5,0.5,0.0
mov_017,movies,sex,man,Memory,2,Retrieve,0.5,0.5,0.0
mov_017,movies,sex,man,Memory,2,Rank,0.7389806712829341,0.7389806712829341,0.0
mov_017,movies,sex,man,Memory,2,Explain,1.0,1.0,0.0
mov_017,movies,sex,man,Memory,2,Memory,1.0,1.0,0.0
mov_017,movies,sex,woman,Memory,2,Elicit,0.5,0.5,0.0
mov_017,movies,sex,woman,Memory,2,Retrieve,0.5,0.5,0.0
mov_017,movies,sex,woman,Memory,2,Rank,0.7389806712829341,0.7389806712829341,0.0
mov_017,movies,sex,woman,Memory,2,Explain,1.0,1.0,0.0
mov_017,movies,sex,woman,Memory,2,Memory,0.6666666666666666,1.0,-0.33333333333333337
mov_017,movies,sex,man,Memory,3,Elicit,0.3333333333333333,0.3333333333333333,0.0
mov_017,movies,sex,man,Memory,3,Retrieve,0.5,0.5,0.0
mov_017,movies,sex,man,Memory,3,Rank,0.9051230666816883,0.9051230666816883,0.0
mov_017,movies,sex,man,Memory,3,Explain,1.0,1.0,0.0
mov_017,movies,sex,man,Memory,3,Memory,1.0,1.0,0.0
mov_017,movies,sex,woman,Memory,3,Elicit,0.3333333333333333,0.3333333333333333,0.0
mov_017,movies,sex,woman,Memory,3,Retrieve,0.5,0.5,0.0
mov_017,movies,sex,woman,Memory,3,Rank,0.9051230666816883,0.9051230666816883,0.0
mov_017,movies,sex,woman,Memory,3,Explain,1.0,1.0,0.0
mov_017,movies,sex,woman,Memory,3,Memory,0.6666666666666666,1.0,-0.33333333333333337
mov_018,movies,age,teen,none,0,Elicit,0.8,0.8,0.0
mov_018,movies,age,teen,none,0,Retrieve,0.5,0.5,0.0
mov_018,movies,age,teen,none,0,Rank,0.9902058264114345,0.9902058264114345,0.0
mov_018,movies,age,teen,none,0,Explain,1.0,1.0,0.0
mov_018,movies,age,teen,none,0,Memory,1.0,1.0,0.0
mov_018,movies,age,young,none,0,Elicit,0.8,0.8,0.0
mov_018,movies,age,young,none,0,Retrieve,0.5,0.5,0.0
mov_018,movies,age,young,none,0,Rank,0.9902058264114345,0.9902058264114345,0.0
mov_018,movies,age,young,none,0,Explain,1.0,1.0,0.0
mov_018,movies,age,young,none,0,Memory,1.0,1.0,0.0
mov_018,movies,age,adult,none,0,Elicit,0.8,0.8,0.0
mov_018,movies,age,adult,none,0,Retrieve,0.5,0.5,0.0
mov_018,movies,age,adult,none,0,Rank,0.9902058264114345,0.9902058264114345,0.0
mov_018,movies,age,adult,none,0,Explain,1.0,1.0,0.0
mov_018,movies,age,adult,none,0,Memory,1.0,1.0,0.0
mov_018,movies,age,teen,none,1,Elicit,0.8,0.8,0.0
mov_018,movies,age,teen,none,1,Retrieve,0.2,0.2,0.0
mov_018,movies,age,teen,none,1,Rank,0.6839326640466274,0.6839326640466274,0.0
mov_018,movies,age,teen,none,1,Explain,1.0,1.0,0.0
mov_018,movies,age,teen,none,1,Memory,1.0,1.0,0.0
mov_018,movies,age,young,none,1,Elicit,0.8,0.8,0.0
mov_018,movies,age,young,none,1,Retrieve,0.2,0.2,0.0
mov_018,movies,age,young,none,1,Rank,0.6839326640466274,0.6839326640466274,0.0
mov_018,movies,age,young,none,1,Explain,1.0,1.0,0.0
mov_018,movies,age,young,none,1,Memory,1.0,1.0,0.0
mov_018,movies,age,adult,none,1,Elicit,0.8,0.8,0.0
mov_018,movies,age,adult,none,1,Retrieve,0.2,0.2,0.0
mov_018,movies,age,adult,none,1,Rank,0.6839326640466274,0.6839326640466274,0.0
mov_018,movies,age,adult,none,1,Explain,1.0,1.0,0.0
mov_018,movies,age,adult,none,1,Memory,1.0,1.0,0.0
mov_018,movies,age,teen,none,2,Elicit,0.8,0.8,0.0
mov_018,movies,age,teen,none,2,Retrieve,0.2,0.2,0.0
mov_018,movies,age,teen,none,2,Rank,0.6839326640466274,0.6839326640466274,0.0
mov_018,movies,age,teen,none,2,Explain,1.0,1.0,0.0
mov_018,movies,age,teen,none,2,Memory,1.0,1.0,0.0
mov_018,movies,age,young,none,2,Elicit,0.8,0.8,0.0
mov_018,movies,age,young,none,2,Retrieve,0.2,0.2,0.0
mov_018,movies,age,young,none,2,Rank,0.6839326640466274,0.6839326640466274,0.0
mov_018,movies,age,young,none,2,Explain,1.0,1.0,0.0
mov_018,movies,age,young,none,2,Memory,1.0,1.0,0.0
mov_018,movies,age,adult,none,2,Elicit,0.8,0.8,0.0
mov_018,movies,age,adult,none,2,Retrieve,0.2,0.2,0.0
mov_018,movies,age,adult,none,2,Rank,0.6839326640466274,0.6839326640466274,0.0
mov_018,movies,age,adult,none,2,Explain,1.0,1.0,0.0
mov_018,movies,age,adult,none,2,Memory,1.0,1.0,0.0
mov_018,movies,age,teen,none,3,Elicit,0.8,0.8,0.0
mov_018,movies,age,teen,none,3,Retrieve,0.2,0.2,0.0
mov_018,movies,age,teen,none,3,Rank,0.6839326640466274,0.6839326640466274,0.0
mov_018,movies,age,teen,none,3,Explain,1.0,1.0,0.0
mov_018,movies,age,teen,none,3,Memory,1.0,1.0,0.0
mov_018,movies,age,young,none,3,Elicit,0.8,0.8,0.0
mov_018,movies,age,young,none,3,Retrieve,0.2,0.2,0.0
mov_018,movies,age,young,none,3,Rank,0.6839326640466274,0.6839326640466274,0.0
mov_018,movies,age,young,none,3,Explain,1.0,1.0,0.0
mov_018,movies,age,young,none,3,Memory,1.0,1.0,0.0
mov_018,movies,age,adult,none,3,Elicit,0.8,0.8,0.0
mov_018,movies,age,adult,none,3,Retrieve,0.2,0.2,0.0
mov_018,movies,age,adult,none,3,Rank,0.6839326640466274,0.6839326640466274,0.0
mov_018,movies,age,adult,none,3,Explain,1.0,1.0,0.0
mov_018,movies,age,adult,none,3,Memory,1.0,1.0,0.0
mov_019,movies,age,teen,Elicit,0,Elicit,0.3333333333333333,0.3333333333333333,0.0
mov_019,movies,age,teen,Elicit,0,Retrieve,0.5,0.5,0.0
mov_019,movies,age,teen,Elicit,0,Rank,0.7463147861039969,0.7463147861039969,0.0
mov_019,movies,age,teen,Elicit,0,Explain,1.0,1.0,0.0
mov_019,movies,age,teen,Elicit,0,Memory,1.0,1.0,0.0
mov_019,movies,age,young,Elicit,0,Elicit,0.5,0.3333333333333333,0.16666666666666669
mov_019,movies,age,young,Elicit,0,Retrieve,0.2,0.5,-0.3
mov_019,movies,age,young,Elicit,0,Rank,0.40535450951569707,0.7463147861039969,-0.34096027658829986
mov_019,movies,age,young,Elicit,0,Explain,1.0,1.0,0.0
mov_019,movies,age,young,Elicit,0,Memory,0.6666666666666666,1.0,-0.33333333333333337
mov_019,movies,age,adult,Elicit,0,Elicit,0.3333333333333333,0.3333333333333333,0.0
mov_019,movies,age,adult,Elicit,0,Retrieve,0.5,0.5,0.0
mov_019,movies,age,adult,Elicit,0,Rank,0.7463147861039969,0.7463147861039969,0.0
mov_019,movies,age,adult,Elicit,0,Explain,1.0,1.0,0.0
mov_019,movies,age,adult,Elicit,0,Memory,1.0,1.0,0.0
mov_019,movies,age,teen,Elicit,1,Elicit,0.5,0.5,0.0
mov_019,movies,age,teen,Elicit,1,Retrieve,0.5,0.5,0.0
mov_019,movies,age,teen,Elicit,1,Rank,0.6447914039179408,0.6447914039179408,0.0
mov_019,movies,age,teen,Elicit,1,Explain,1.0,1.0,0.0
mov_019,movies,age,teen,Elicit,1,Memory,1.0,1.0,0.0
mov_019,movies,age,young,Elicit,1,Elicit,0.5,0.5,0.0
mov_019,movies,age,young,Elicit,1,Retrieve,0.5,0.5,0.0
mov_019,movies,age,young,Elicit,1,Rank,0.6883912009991154,0.6447914039179408,0.043599797081174674
mov_019,movies,age,young,Elicit,1,Explain,1.0,1.0,0.0
mov_019,movies,age,young,Elicit,1,Memory,0.6666666666666666,1.0,-0.33333333333333337
mov_019,movies,age,adult,Elicit,1,Elicit,0.5,0.5,0.0
mov_019,movies,age,adult,Elicit,1,Retrieve,0.5,0.5,0.0
mov_019,movies,age,adult,Elicit,1,Rank,0.6447914039179408,0.6447914039179408,0.0
mov_019,movies,age,adult,Elicit,1,Explain,1.0,1.0,0.0
mov_019,movies,age,adult,Elicit,1,Memory,1.0,1.0,0.0
mov_019,movies,age,teen,Elicit,2,Elicit,0.3333333333333333,0.3333333333333333,0.0
mov_019,movies,age,teen,Elicit,2,Retrieve,0.5,0.5,0.0
mov_019,movies,age,teen,Elicit,2,Rank,0.6510534071653057,0.6510534071653057,0.0
mov_019,movies,age,teen,Elicit,2,Explain,1.0,1.0,0.0
mov_019,movies,age,teen,Elicit,2,Memory,1.0,1.0,0.0
mov_019,movies,age,young,Elicit,2,Elicit,0.5,0.3333333333333333,0.16666666666666669
mov_019,movies,age,young,Elicit,2,Retrieve,0.5,0.5,0.0
mov_019,movies,age,young,Elicit,2,Rank,0.6514668921860138,0.6510534071653057,0.00041348502070814863
mov_019,movies,age,young,Elicit,2,Explain,1.0,1.0,0.0
mov_019,movies,age,young,Elicit,2,Memory,0.6666666666666666,1.0,-0.33333333333333337
mov_019,movies,age,adult,Elicit,2,Elicit,0.3333333333333333,0.3333333333333333,0.0
mov_019,movies,age,adult,Elicit,2,Retrieve,0.5,0.5,0.0
mov_019,movies,age,adult,Elicit,2,Rank,0.6510534071653057,0.6510534071653057,0.0
mov_019,movies,age,adult,Elicit,2,Explain,1.0,1.0,0.0
mov_019,movies,age,adult,Elicit,2,Memory,1.0,1.0,0.0
mov_019,movies,age,teen,Elicit,3,Elicit,0.5,0.5,0.0
mov_019,movies,age,teen,Elicit,3,Retrieve,0.5,0.5,0.0
mov_019,movies,age,teen,Elicit,3,Rank,0.8063948699994298,0.8063948699994298,0.0
mov_019,movies,age,teen,Elicit,3,Explain,1.0,1.0,0.0
mov_019,movies,age,teen,Elicit,3,Memory,1.0,1.0,0.0
mov_019,movies,age,young,Elicit,3,Elicit,0.5,0.5,0.0
mov_019,movies,age,young,Elicit,3,Retrieve,0.2,0.5,-0.3
mov_019,movies,age,young,Elicit,3,Rank,0.40535450951569707,0.8063948699994298,-0.4010403604837327
mov_019,movies,age,young,Elicit,3,Explain,1.0,1.0,0.0
mov_019,movies,age,young,Elicit,3,Memory,0.6666666666666666,1.0,-0.33333333333333337
mov_019,movies,age,adult,Elicit,3,Elicit,0.5,0.5,0.0
mov_019,movies,age,adult,Elicit,3,Retrieve,0.5,0.5,0.0
mov_019,movies,age,adult,Elicit,3,Rank,0.8063948699994298,0.8063948699994298,0.0
mov_019,movies,age,adult,Elicit,3,Explain,1.0,1.0,0.0
mov_019,movies,age,adult,Elicit,3,Memory,1.0,1.0,0.0
mov_020,movies,age,teen,Retrieve,0,Elicit,0.8,0.8,0.0
mov_020,movies,age,teen,Retrieve,0,Retrieve,0.5,0.5,0.0
mov_020,movies,age,teen,Retrieve,0,Rank,0.772006943340261,0.772006943340261,0.0
mov_020,movies,age,teen,Retrieve,0,Explain,1.0,1.0,0.0
mov_020,movies,age,teen,Retrieve,0,Memory,1.0,1.0,0.0
mov_020,movies,age,young,Retrieve,0,Elicit,0.8,0.8,0.0
mov_020,movies,age,young,Retrieve,0,Retrieve,0.5,0.5,0.0
mov_020,movies,age,young,Retrieve,0,Rank,0.772006943340261,0.772006943340261,0.0
mov_020,movies,age,young,Retrieve,0,Explain,1.0,1.0,0.0
mov_020,movies,age,young,Retrieve,0,Memory,1.0,1.0,0.0
mov_020,movies,age,adult,Retrieve,0,Elicit,0.8,0.8,0.0
mov_020,movies,age,adult,Retrieve,0,Retrieve,0.1,0.5,-0.4
mov_020,movies,age,adult,Retrieve,0,Rank,0.15616847485004356,0.772006943340261,-0.6158384684902174
mov_020,movies,age,adult,Retrieve,0,Explain,1.0,1.0,0.0
mov_020,movies,age,adult,Retrieve,0,Memory,1.0,1.0,0.0
mov_020,movies,age,teen,Retrieve,1,Elicit,0.6,0.6,0.0
mov_020,movies,age,teen,Retrieve,1,Retrieve,0.5,0.5,0.0
mov_020,movies,age,teen,Retrieve,1,Rank,0.7505436355718834,0.7505436355718834,0.0
mov_020,movies,age,teen,Retrieve,1,Explain,1.0,1.0,0.0
mov_020,movies,age,teen,Retrieve,1,Memory,1.0,1.0,0.0
mov_020,movies,age,young,Retrieve,1,Elicit,0.6,0.6,0.0
mov_020,movies,age,young,Retrieve,1,Retrieve,0.5,0.5,0.0
mov_020,movies,age,young,Retrieve,1,Rank,0.7505436355718834,0.7505436355718834,0.0
mov_020,movies,age,young,Retrieve,1,Explain,1.0,1.0,0.0
mov_020,movies,age,young,Retrieve,1,Memory,1.0,1.0,0.0
mov_020,movies,age,adult,Retrieve,1,Elicit,0.6,0.6,0.0
mov_020,movies,age,adult,Retrieve,1,Retrieve,0.1,0.5,-0.4
mov_020,movies,age,adult,Retrieve,1,Rank,0.15616847485004356,0.7505436355718834,-0.5943751607218398
mov_020,movies,age,adult,Retrieve,1,Explain,1.0,1.0,0.0
mov_020,movies,age,adult,Retrieve,1,Memory,1.0,1.0,0.0
mov_020,movies,age,teen,Retrieve,2,Elicit,0.8,0.8,0.0
mov_020,movies,age,teen,Retrieve,2,Retrieve,0.5,0.5,0.0
mov_020,movies,age,teen,Retrieve,2,Rank,0.7688555824522915,0.7688555824522915,0.0
mov_020,movies,age,teen,Retrieve,2,Explain,1.0,1.0,0.0
mov_020,movies,age,teen,Retrieve,2,Memory,1.0,1.0,0.0
mov_020,movies,age,young,Retrieve,2,Elicit,0.8,0.8,0.0
mov_020,movies,age,young,Retrieve,2,Retrieve,0.5,0.5,0.0
mov_020,movies,age,young,Retrieve,2,Rank,0.7688555824522915,0.7688555824522915,0.0
mov_020,movies,age,young,Retrieve,2,Explain,1.0,1.0,0.0
mov_020,movies,age,young,Retrieve,2,Memory,1.0,1.0,0.0
mov_020,movies,age,adult,Retrieve,2,Elicit,0.8,0.8,0.0
mov_020,movies,age,adult,Retrieve,2,Retrieve,0.1,0.5,-0.4
mov_020,movies,age,adult,Retrieve,2,Rank,0.15616847485004356,0.7688555824522915,-0.6126871076022479
mov_020,movies,age,adult,Retrieve,2,Explain,1.0,1.0,0.0
mov_020,movies,age,adult,Retrieve,2,Memory,1.0,1.0,0.0
mov_020,movies,age,teen,Retrieve,3,Elicit,0.8,0.8,0.0
mov_020,movies,age,teen,Retrieve,3,Retrieve,0.5,0.5,0.0
mov_020,movies,age,teen,Retrieve,3,Rank,0.7717123892174247,0.7717123892174247,0.0
mov_020,movies,age,teen,Retrieve,3,Explain,1.0,1.0,0.0
mov_020,movies,age,teen,Retrieve,3,Memory,1.0,1.0,0.0
mov_020,movies,age,young,Retrieve,3,Elicit,0.8,0.8,0.0
mov_020,movies,age,young,Retrieve,3,Retrieve,0.5,0.5,0.0
mov_020,movies,age,young,Retrieve,3,Rank,0.7717123892174247,0.7717123892174247,0.0
mov_020,movies,age,young,Retrieve,3,Explain,1.0,1.0,0.0
mov_020,movies,age,young,Retrieve,3,Memory,1.0,1.0,0.0
mov_020,movies,age,adult,Retrieve,3,Elicit,0.8,0.8,0.0
mov_020,movies,age,adult,Retrieve,3,Retrieve,0.1,0.5,-0.4
mov_020,movies,age,adult,Retrieve,3,Rank,0.15616847485004356,0.7717123892174247,-0.6155439143673811
mov_020,movies,age,adult,Retrieve,3,Explain,1.0,1.0,0.0
mov_020,movies,age,adult,Retrieve,3,Memory,1.0,1.0,0.0
mov_021,movies,age,teen,Rank,0,Elicit,0.8,0.8,0.0
mov_021,movies,age,teen,Rank,0,Retrieve,0.5,0.5,0.0
mov_021,movies,age,teen,Rank,0,Rank,0.8606269080668825,0.9509212522714994,-0.0902943442046169
mov_021,movies,age,teen,Rank,0,Explain,1.0,1.0,0.0
mov_021,movies,age,teen,Rank,0,Memory,1.0,1.0,0.0
mov_021,movies,age,young,Rank,0,Elicit,0.8,0.8,0.0
mov_021,movies,age,young,Rank,0,Retrieve,0.5,0.5,0.0
mov_021,movies,age,young,Rank,0,Rank,0.9509212522714994,0.9509212522714994,0.0
mov_021,movies,age,young,Rank,0,Explain,1.0,1.0,0.0
mov_021,movies,age,young,Rank,0,Memory,1.0,1.0,0.0
mov_021,movies,age,adult,Rank,0,Elicit,0.8,0.8,0.0
mov_021,movies,age,adult,Rank,0,Retrieve,0.5,0.5,0.0
mov_021,movies,age,adult,Rank,0,Rank,0.9509212522714994,0.9509212522714994,0.0
mov_021,movies,age,adult,Rank,0,Explain,1.0,1.0,0.0
mov_021,movies,age,adult,Rank,0,Memory,1.0,1.0,0.0
mov_021,movies,age,teen,Rank,1,Elicit,0.6,0.6,0.0
mov_021,movies,age,teen,Rank,1,Retrieve,0.1,0.1,0.0
mov_021,movies,age,teen,Rank,1,Rank,0.6099120249916183,0.6099120249916183,0.0
mov_021,movies,age,teen,Rank,1,Explain,1.0,1.0,0.0
mov_021,movies,age,teen,Rank,1,Memory,1.0,1.0,0.0
mov_021,movies,age,young,Rank,1,Elicit,0.6,0.6,0.0
mov_021,movies,age,young,Rank,1,Retrieve,0.1,0.1,0.0
mov_021,movies,age,young,Rank,1,Rank,0.6099120249916183,0.6099120249916183,0.0
mov_021,movies,age,young,Rank,1,Explain,1.0,1.0,0.0
mov_021,movies,age,young,Rank,1,Memory,1.0,1.0,0.0
mov_021,movies,age,adult,Rank,1,Elicit,0.6,0.6,0.0
mov_021,movies,age,adult,Rank,1,Retrieve,0.1,0.1,0.0
mov_021,movies,age,adult,Rank,1,Rank,0.6099120249916183,0.6099120249916183,0.0
mov_021,movies,age,adult,Rank,1,Explain,1.0,1.0,0.0
mov_021,movies,age,adult,Rank,1,Memory,1.0,1.0,0.0
mov_021,movies,age,teen,Rank,2,Elicit,0.8,0.8,0.0
mov_021,movies,age,teen,Rank,2,Retrieve,0.1,0.1,0.0
mov_021,movies,age,teen,Rank,2,Rank,0.6099120249916183,0.6099120249916183,0.0
mov_021,movies,age,teen,Rank,2,Explain,1.0,1.0,0.0
mov_021,movies,age,teen,Rank,2,Memory,1.0,1.0,0.0
mov_021,movies,age,young,Rank,2,Elicit,0.8,0.8,0.0
mov_021,movies,age,young,Rank,2,Retrieve,0.1,0.1,0.0
mov_021,movies,age,young,Rank,2,Rank,0.6099120249916183,0.6099120249916183,0.0
mov_021,movies,age,young,Rank,2,Explain,1.0,1.0,0.0
mov_021,movies,age,young,Rank,2,Memory,1.0,1.0,0.0
mov_021,movies,age,adult,Rank,2,Elicit,0.8,0.8,0.0
mov_021,movies,age,adult,Rank,2,Retrieve,0.1,0.1,0.0
mov_021,movies,age,adult,Rank,2,Rank,0.6099120249916183,0.6099120249916183,0.0
mov_021,movies,age,adult,Rank,2,Explain,1.0,1.0,0.0
mov_021,movies,age,adult,Rank,2,Memory,1.0,1.0,0.0
mov_021,movies,age,teen,Rank,3,Elicit,0.8,0.8,0.0
mov_021,movies,age,teen,Rank,3,Retrieve,0.5,0.5,0.0
mov_021,movies,age,teen,Rank,3,Rank,0.8548976921990812,0.9921514439359275,-0.13725375173684629
mov_021,movies,age,teen,Rank,3,Explain,1.0,1.0,0.0
mov_021,movies,age,teen,Rank,3,Memory,1.0,1.0,0.0
mov_021,movies,age,young,Rank,3,Elicit,0.8,0.8,0.0
mov_021,movies,age,young,Rank,3,Retrieve,0.5,0.5,0.0
mov_021,movies,age,young,Rank,3,Rank,0.9921514439359275,0.9921514439359275,0.0
mov_021,movies,age,young,Rank,3,Explain,1.0,1.0,0.0
mov_021,movies,age,young,Rank,3,Memory,1.0,1.0,0.0
mov_021,movies,age,adult,Rank,3,Elicit,0.8,0.8,0.0
mov_021,movies,age,adult,Rank,3,Retrieve,0.5,0.5,0.0
mov_021,movies,age,adult,Rank,3,Rank,0.9921514439359275,0.9921514439359275,0.0
mov_021,movies,age,adult,Rank,3,Explain,1.0,1.0,0.0
mov_021,movies,age,adult,Rank,3,Memory,1.0,1.0,0.0
mov_022,movies,age,teen,Explain,0,Elicit,0.5,0.5,0.0
mov_022,movies,age,teen,Explain,0,Retrieve,0.5,0.5,0.0
mov_022,movies,age,teen,Explain,0,Rank,0.745925071179696,0.745925071179696,0.0
mov_022,movies,age,teen,Explain,0,Explain,1.0,1.0,0.0
mov_022,movies,age,teen,Explain,0,Memory,1.0,1.0,0.0
mov_022,movies,age,young,Explain,0,Elicit,0.5,0.5,0.0
mov_022,movies,age,young,Explain,0,Retrieve,0.5,0.5,0.0
mov_022,movies,age,young,Explain,0,Rank,0.745925071179696,0.745925071179696,0.0
mov_022,movies,age,young,Explain,0,Explain,0.5,1.0,-0.5
mov_022,movies,age,young,Explain,0,Memory,0.6666666666666666,1.0,-0.33333333333333337
mov_022,movies,age,adult,Explain,0,Elicit,0.5,0.5,0.0
mov_022,movies,age,adult,Explain,0,Retrieve,0.5,0.5,0.0
mov_022,movies,age,adult,Explain,0,Rank,0.745925071179696,0.745925071179696,0.0
mov_022,movies,age,adult,Explain,0,Explain,1.0,1.0,0.0
mov_022,movies,age,adult,Explain,0,Memory,1.0,1.0,0.0
mov_022,movies,age,teen,Explain,1,Elicit,0.3333333333333333,0.3333333333333333,0.0
mov_022,movies,age,teen,Explain,1,Retrieve,0.5,0.5,0.0
mov_022,movies,age,teen,Explain,1,Rank,0.840890710163628,0.840890710163628,0.0
mov_022,movies,age,teen,Explain,1,Explain,1.0,1.0,0.0
mov_022,movies,age,teen,Explain,1,Memory,1.0,1.0,0.0
mov_022,movies,age,young,Explain,1,Elicit,0.3333333333333333,0.3333333333333333,0.0
mov_022,movies,age,young,Explain,1,Retrieve,0.5,0.5,0.0
mov_022,movies,age,young,Explain,1,Rank,0.840890710163628,0.840890710163628,0.0
mov_022,movies,age,young,Explain,1,Explain,0.5,1.0,-0.5
mov_022,movies,age,young,Explain,1,Memory,0.6666666666666666,1.0,-0.33333333333333337
mov_022,movies,age,adult,Explain,1,Elicit,0.3333333333333333,0.3333333333333333,0.0
mov_022,movies,age,adult,Explain,1,Retrieve,0.5,0.5,0.0
mov_022,movies,age,adult,Explain,1,Rank,0.840890710163628,0.840890710163628,0.0
mov_022,movies,age,adult,Explain,1,Explain,1.0,1.0,0.0
mov_022,movies,age,adult,Explain,1,Memory,1.0,1.0,0.0
mov_022,movies,age,teen,Explain,2,Elicit,0.5,0.5,0.0
mov_022,movies,age,teen,Explain,2,Retrieve,0.5,0.5,0.0
mov_022,movies,age,teen,Explain,2,Rank,0.6380926366236959,0.6380926366236959,0.0
mov_022,movies,age,teen,Explain,2,Explain,1.0,1.0,0.0
mov_022,movies,age,teen,Explain,2,Memory,1.0,1.0,0.0
mov_022,movies,age,young,Explain,2,Elicit,0.5,0.5,0.0
mov_022,movies,age,young,Explain,2,Retrieve,0.5,0.5,0.0
mov_022,movies,age,young,Explain,2,Rank,0.6380926366236959,0.6380926366236959,0.0
mov_022,movies,age,young,Explain,2,Explain,0.5,1.0,-0.5
mov_022,movies,age,young,Explain,2,Memory,0.6666666666666666,1.0,-0.33333333333333337
mov_022,movies,age,adult,Explain,2,Elicit,0.5,0.5,0.0
mov_022,movies,age,adult,Explain,2,Retrieve,0.5,0.5,0.0
mov_022,movies,age,adult,Explain,2,Rank,0.6380926366236959,0.6380926366236959,0.0
mov_022,movies,age,adult,Explain,2,Explain,1.0,1.0,0.0
mov_022,movies,age,adult,Explain,2,Memory,1.0,1.0,0.0
mov_022,movies,age,teen,Explain,3,Elicit,0.5,0.5,0.0
mov_022,movies,age,teen,Explain,3,Retrieve,0.5,0.5,0.0
mov_022,movies,age,teen,Explain,3,Rank,0.7519727082358876,0.7519727082358876,0.0
mov_022,movies,age,teen,Explain,3,Explain,1.0,1.0,0.0
mov_022,movies,age,teen,Explain,3,Memory,1.0,1.0,0.0
mov_022,movies,age,young,Explain,3,Elicit,0.5,0.5,0.0
mov_022,movies,age,young,Explain,3,Retrieve,0.5,0.5,0.0
mov_022,movies,age,young,Explain,3,Rank,0.7519727082358876,0.7519727082358876,0.0
mov_022,movies,age,young,Explain,3,Explain,1.0,1.0,0.0
mov_022,movies,age,young,Explain,3,Memory,0.6666666666666666,1.0,-0.33333333333333337
mov_022,movies,age,adult,Explain,3,Elicit,0.5,0.5,0.0
mov_022,movies,age,adult,Explain,3,Retrieve,0.5,0.5,0.0
mov_022,movies,age,adult,Explain,3,Rank,0.7519727082358876,0.7519727082358876,0.0
mov_022,movies,age,adult,Explain,3,Explain,1.0,1.0,0.0
mov_022,movies,age,adult,Explain,3,Memory,1.0,1.0,0.0
mov_023,movies,age,teen,Memory,0,Elicit,0.5,0.5,0.0
mov_023,movies,age,teen,Memory,0,Retrieve,0.5,0.5,0.0
mov_023,movies,age,teen,Memory,0,Rank,0.6494543536928569,0.6494543536928569,0.0
mov_023,movies,age,teen,Memory,0,Explain,1.0,1.0,0.0
mov_023,movies,age,teen,Memory,0,Memory,1.0,1.0,0.0
mov_023,movies,age,young,Memory,0,Elicit,0.5,0.5,0.0
mov_023,movies,age,young,Memory,0,Retrieve,0.5,0.5,0.0
mov_023,movies,age,young,Memory,0,Rank,0.6494543536928569,0.6494543536928569,0.0
mov_023,movies,age,young,Memory,0,Explain,1.0,1.0,0.0
mov_023,movies,age,young,Memory,0,Memory,1.0,1.0,0.0
mov_023,movies,age,adult,Memory,0,Elicit,0.5,0.5,0.0
mov_023,movies,age,adult,Memory,0,Retrieve,0.5,0.5,0.0
mov_023,movies,age,adult,Memory,0,Rank,0.6494543536928569,0.6494543536928569,0.0
mov_023,movies,age,adult,Memory,0,Explain,1.0,1.0,0.0
mov_023,movies,age,adult,Memory,0,Memory,0.6666666666666666,1.0,-0.33333333333333337
mov_023,movies,age,teen,Memory,1,Elicit,0.3333333333333333,0.3333333333333333,0.0
mov_023,movies,age,teen,Memory,1,Retrieve,0.5,0.5,0.0
mov_023,movies,age,teen,Memory,1,Rank,0.5732147636810065,0.5732147636810065,0.0
mov_023,movies,age,teen,Memory,1,Explain,1.0,1.0,0.0
mov_023,movies,age,teen,Memory,1,Memory,1.0,1.0,0.0
mov_023,movies,age,young,Memory,1,Elicit,0.3333333333333333,0.3333333333333333,0.0
mov_023,movies,age,young,Memory,1,Retrieve,0.5,0.5,0.0
mov_023,movies,age,young,Memory,1,Rank,0.5732147636810065,0.5732147636810065,0.0
mov_023,movies,age,young,Memory,1,Explain,1.0,1.0,0.0
mov_023,movies,age,young,Memory,1,Memory,1.0,1.0,0.0
mov_023,movies,age,adult,Memory,1,Elicit,0.3333333333333333,0.3333333333333333,0.0
mov_023,movies,age,adult,Memory,1,Retrieve,0.5,0.5,0.0
mov_023,movies,age,adult,Memory,1,Rank,0.5732147636810065,0.5732147636810065,0.0
mov_023,movies,age,adult,Memory,1,Explain,1.0,1.0,0.0
mov_023,movies,age,adult,Memory,1,Memory,0.6666666666666666,1.0,-0.33333333333333337
mov_023,movies,age,teen,Memory,2,Elicit,0.3333333333333333,0.3333333333333333,0.0
mov_023,movies,age,teen,Memory,2,Retrieve,0.5,0.5,0.0
mov_023,movies,age,teen,Memory,2,Rank,0.7281964764035334,0.7281964764035334,0.0
mov_023,movies,age,teen,Memory,2,Explain,1.0,1.0,0.0
mov_023,movies,age,teen,Memory,2,Memory,1.0,1.0,0.0
mov_023,movies,age,young,Memory,2,Elicit,0.3333333333333333,0.3333333333333333,0.0
mov_023,movies,age,young,Memory,2,Retrieve,0.5,0.5,0.0
mov_023,movies,age,young,Memory,2,Rank,0.7281964764035334,0.7281964764035334,0.0
mov_023,movies,age,young,Memory,2,Explain,1.0,1.0,0.0
mov_023,movies,age,young,Memory,2,Memory,1.0,1.0,0.0
mov_023,movies,age,adult,Memory,2,Elicit,0.3333333333333333,0.3333333333333333,0.0
mov_023,movies,age,adult,Memory,2,Retrieve,0.5,0.5,0.0
mov_023,movies,age,adult,Memory,2,Rank,0.7281964764035334,0.7281964764035334,0.0
mov_023,movies,age,adult,Memory,2,Explain,1.0,1.0,0.0
mov_023,movies,age,adult,Memory,2,Memory,0.6666666666666666,1.0,-0.33333333333333337
mov_023,movies,age,teen,Memory,3,Elicit,0.5,0.5,0.0
mov_023,movies,age,teen,Memory,3,Retrieve,0.5,0.5,0.0
mov_023,movies,age,teen,Memory,3,Rank,0.7652636223659778,0.7652636223659778,0.0
mov_023,movies,age,teen,Memory,3,Explain,1.0,1.0,0.0
mov_023,movies,age,teen,Memory,3,Memory,1.0,1.0,0.0
mov_023,movies,age,young,Memory,3,Elicit,0.5,0.5,0.0
mov_023,movies,age,young,Memory,3,Retrieve,0.5,0.5,0.0
mov_023,movies,age,young,Memory,3,Rank,0.7652636223659778,0.7652636223659778,0.0
mov_023,movies,age,young,Memory,3,Explain,1.0,1.0,0.0
mov_023,movies,age,young,Memory,3,Memory,1.0,1.0,0.0
mov_023,movies,age,adult,Memory,3,Elicit,0.5,0.5,0.0
mov_023,movies,age,adult,Memory,3,Retrieve,0.5,0.5,0.0
mov_023,movies,age,adult,Memory,3,Rank,0.7652636223659778,0.7652636223659778,0.0
mov_023,movies,age,adult,Memory,3,Explain,1.0,1.0,0.0
mov_023,movies,age,adult,Memory,3,Memory,0.6666666666666666,1.0,-0.33333333333333337
res_000,restaurants,sex,man,none,0,Elicit,1.0,1.0,0.0
res_000,restaurants,sex,man,none,0,Retrieve,0.5,0.5,0.0
res_000,restaurants,sex,man,none,0,Rank,0.9996125547215631,0.9996125547215631,0.0
res_000,restaurants,sex,man,none,0,Explain,1.0,1.0,0.0
res_000,restaurants,sex,man,none,0,Memory,1.0,1.0,0.0
res_000,restaurants,sex,woman,none,0,Elicit,1.0,1.0,0.0
res_000,restaurants,sex,woman,none,0,Retrieve,0.5,0.5,0.0
res_000,restaurants,sex,woman,none,0,Rank,0.9996125547215631,0.9996125547215631,0.0
res_000,restaurants,sex,woman,none,0,Explain,1.0,1.0,0.0
res_000,restaurants,sex,woman,none,0,Memory,1.0,1.0,0.0
res_000,restaurants,sex,man,none,1,Elicit,1.0,1.0,0.0
res_000,restaurants,sex,man,none,1,Retrieve,0.2,0.2,0.0
res_000,restaurants,sex,man,none,1,Rank,0.7624219569050756,0.7624219569050756,0.0
res_000,restaurants,sex,man,none,1,Explain,1.0,1.0,0.0
res_000,restaurants,sex,man,none,1,Memory,1.0,1.0,0.0
res_000,restaurants,sex,woman,none,1,Elicit,1.0,1.0,0.0
res_000,restaurants,sex,woman,none,1,Retrieve,0.2,0.2,0.0
res_000,restaurants,sex,woman,none,1,Rank,0.7624219569050756,0.7624219569050756,0.0
res_000,restaurants,sex,woman,none,1,Explain,1.0,1.0,0.0
res_000,restaurants,sex,woman,none,1,Memory,1.0,1.0,0.0
res_000,restaurants,sex,man,none,2,Elicit,1.0,1.0,0.0
res_000,restaurants,sex,man,none,2,Retrieve,0.5,0.5,0.0
res_000,restaurants,sex,man,none,2,Rank,0.9995048669943034,0.9995048669943034,0.0
res_000,restaurants,sex,man,none,2,Explain,1.0,1.0,0.0
res_000,restaurants,sex,man,none,2,Memory,1.0,1.0,0.0
res_000,restaurants,sex,woman,none,2,Elicit,1.0,1.0,0.0
res_000,restaurants,sex,woman,none,2,Retrieve,0.5,0.5,0.0
res_000,restaurants,sex,woman,none,2,Rank,0.9995048669943034,0.9995048669943034,0.0
res_000,restaurants,sex,woman,none,2,Explain,1.0,1.0,0.0
res_000,restaurants,sex,woman,none,2,Memory,1.0,1.0,0.0
res_000,restaurants,sex,man,none,3,Elicit,1.0,1.0,0.0
res_000,restaurants,sex,man,none,3,Retrieve,0.2,0.2,0.0
res_000,restaurants,sex,man,none,3,Rank,0.7624219569050756,0.7624219569050756,0.0
res_000,restaurants,sex,man,none,3,Explain,1.0,1.0,0.0
res_000,restaurants,sex,man,none,3,Memory,1.0,1.0,0.0
res_000,restaurants,sex,woman,none,3,Elicit,1.0,1.0,0.0
res_000,restaurants,sex,woman,none,3,Retrieve,0.2,0.2,0.0
res_000,restaurants,sex,woman,none,3,Rank,0.7624219569050756,0.7624219569050756,0.0
res_000,restaurants,sex,woman,none,3,Explain,1.0,1.0,0.0
res_000,restaurants,sex,woman,none,3,Memory,1.0,1.0,0.0
res_001,restaurants,sex,man,Elicit,0,Elicit,0.5,0.5,0.0
res_001,restaurants,sex,man,Elicit,0,Retrieve,0.5,0.5,0.0
res_001,restaurants,sex,man,Elicit,0,Rank,0.7545803633613797,0.7545803633613797,0.0
res_001,restaurants,sex,man,Elicit,0,Explain,1.0,1.0,0.0
res_001,restaurants,sex,man,Elicit,0,Memory,1.0,1.0,0.0
res_001,restaurants,sex,woman,Elicit,0,Elicit,0.5,0.5,0.0
res_001,restaurants,sex,woman,Elicit,0,Retrieve,0.5,0.5,0.0
res_001,restaurants,sex,woman,Elicit,0,Rank,0.7022476364002327,0.7545803633613797,-0.05233272696114699
res_001,restaurants,sex,woman,Elicit,0,Explain,1.0,1.0,0.0
res_001,restaurants,sex,woman,Elicit,0,Memory,0.6666666666666666,1.0,-0.33333333333333337
res_001,restaurants,sex,man,Elicit,1,Elicit,0.5,0.5,0.0
res_001,restaurants,sex,man,Elicit,1,Retrieve,0.5,0.5,0.0
res_001,restaurants,sex,man,Elicit,1,Rank,0.6881729069378641,0.6881729069378641,0.0
res_001,restaurants,sex,man,Elicit,1,Explain,1.0,1.0,0.0
res_001,restaurants,sex,man,Elicit,1,Memory,1.0,1.0,0.0
res_001,restaurants,sex,woman,Elicit,1,Elicit,0.5,0.5,0.0
res_001,restaurants,sex,woman,Elicit,1,Retrieve,0.5,0.5,0.0
res_001,restaurants,sex,woman,Elicit,1,Rank,0.6755973429487288,0.6881729069378641,-0.012575563989135397
res_001,restaurants,sex,woman,Elicit,1,Explain,1.0,1.0,0.0
res_001,restaurants,sex,woman,Elicit,1,Memory,0.6666666666666666,1.0,-0.33333333333333337
res_001,restaurants,sex,man,Elicit,2,Elicit,0.3333333333333333,0.3333333333333333,0.0
res_001,restaurants,sex,man,Elicit,2,Retrieve,0.5,0.5,0.0
res_001,restaurants,sex,man,Elicit,2,Rank,0.7236146709809486,0.7236146709809486,0.0
res_001,restaurants,sex,man,Elicit,2,Explain,1.0,1.0,0.0
res_001,restaurants,sex,man,Elicit,2,Memory,1.0,1.0,0.0
res_001,restaurants,sex,woman,Elicit,2,Elicit,0.5,0.3333333333333333,0.16666666666666669
res_001,restaurants,sex,woman,Elicit,2,Retrieve,0.5,0.5,0.0
res_001,restaurants,sex,woman,Elicit,2,Rank,0.6716785215571367,0.7236146709809486,-0.05193614942381186
res_001,restaurants,sex,woman,Elicit,2,Explain,1.0,1.0,0.0
res_001,restaurants,sex,woman,Elicit,2,Memory,0.6666666666666666,1.0,-0.33333333333333337
res_001,restaurants,sex,man,Elicit,3,Elicit,0.5,0.5,0.0
res_001,restaurants,sex,man,Elicit,3,Retrieve,0.5,0.5,0.0
res_001,restaurants,sex,man,Elicit,3,Rank,0.7214443956230481,0.7214443956230481,0.0
res_001,restaurants,sex,man,Elicit,3,Explain,1.0,1.0,0.0
res_001,restaurants,sex,man,Elicit,3,Memory,1.0,1.0,0.0
res_001,restaurants,sex,woman,Elicit,3,Elicit,0.5,0.5,0.0
res_001,restaurants,sex,woman,Elicit,3,Retrieve,0.2,0.5,-0.3
res_001,restaurants,sex,woman,Elicit,3,Rank,0.3129682579004699,0.7214443956230481,-0.4084761377225782
res_001,restaurants,sex,woman,Elicit,3,Explain,1.0,1.0,0.0
res_001,restaurants,sex,woman,Elicit,3,Memory,0.6666666666666666,1.0,-0.33333333333333337
res_002,restaurants,sex,man,Retrieve,0,Elicit,0.5,0.5,0.0
res_002,restaurants,sex,man,Retrieve,0,Retrieve,0.2,0.5,-0.3
res_002,restaurants,sex,man,Retrieve,0,Rank,0.29412891833906923,0.825448995972572,-0.5313200776335028
res_002,restaurants,sex,man,Retrieve,0,Explain,1.0,1.0,0.0
res_002,restaurants,sex,man,Retrieve,0,Memory,1.0,1.0,0.0
res_002,restaurants,sex,woman,Retrieve,0,Elicit,0.5,0.5,0.0
res_002,restaurants,sex,woman,Retrieve,0,Retrieve,0.5,0.5,0.0
res_002,restaurants,sex,woman,Retrieve,0,Rank,0.825448995972572,0.825448995972572,0.0
res_002,restaurants,sex,woman,Retrieve,0,Explain,1.0,1.0,0.0
res_002,restaurants,sex,woman,Retrieve,0,Memory,1.0,1.0,0.0
res_002,restaurants,sex,man,Retrieve,1,Elicit,0.5,0.5,0.0
res_002,restaurants,sex,man,Retrieve,1,Retrieve,0.2,0.5,-0.3
res_002,restaurants,sex,man,Retrieve,1,Rank,0.29412891833906923,0.6524523014894733,-0.3583233831504041
res_002,restaurants,sex,man,Retrieve,1,Explain,1.0,1.0,0.0
res_002,restaurants,sex,man,Retrieve,1,Memory,1.0,1.0,0.0
res_002,restaurants,sex,woman,Retrieve,1,Elicit,0.5,0.5,0.0
res_002,restaurants,sex,woman,Retrieve,1,Retrieve,0.5,0.5,0.0
res_002,restaurants,sex,woman,Retrieve,1,Rank,0.6524523014894733,0.6524523014894733,0.0
res_002,restaurants,sex,woman,Retrieve,1,Explain,1.0,1.0,0.0
res_002,restaurants,sex,woman,Retrieve,1,Memory,1.0,1.0,0.0
res_002,restaurants,sex,man,Retrieve,2,Elicit,0.3333333333333333,0.3333333333333333,0.0
res_002,restaurants,sex,man,Retrieve,2,Retrieve,0.2,0.5,-0.3
res_002,restaurants,sex,man,Retrieve,2,Rank,0.29257705710008575,0.6645054893438705,-0.3719284322437848
res_002,restaurants,sex,man,Retrieve,2,Explain,1.0,1.0,0.0
res_002,restaurants,sex,man,Retrieve,2,Memory,1.0,1.0,0.0
res_002,restaurants,sex,woman,Retrieve,2,Elicit,0.3333333333333333,0.3333333333333333,0.0
res_002,restaurants,sex,woman,Retrieve,2,Retrieve,0.5,0.5,0.0
res_002,restaurants,sex,woman,Retrieve,2,Rank,0.6645054893438705,0.6645054893438705,0.0
res_002,restaurants,sex,woman,Retrieve,2,Explain,1.0,1.0,0.0
res_002,restaurants,sex,woman,Retrieve,2,Memory,1.0,1.0,0.0
res_002,restaurants,sex,man,Retrieve,3,Elicit,0.5,0.5,0.0
res_002,restaurants,sex,man,Retrieve,3,Retrieve,0.2,0.5,-0.3
res_002,restaurants,sex,man,Retrieve,3,Rank,0.29412891833906923,0.9433268288548973,-0.6491979105158281
res_002,restaurants,sex,man,Retrieve,3,Explain,1.0,1.0,0.0
res_002,restaurants,sex,man,Retrieve,3,Memory,1.0,1.0,0.0
res_002,restaurants,sex,woman,Retrieve,3,Elicit,0.5,0.5,0.0
res_002,restaurants,sex,woman,Retrieve,3,Retrieve,0.5,0.5,0.0
res_002,restaurants,sex,woman,Retrieve,3,Rank,0.9433268288548973,0.9433268288548973,0.0
res_002,restaurants,sex,woman,Retrieve,3,Explain,1.0,1.0,0.0
res_002,restaurants,sex,woman,Retrieve,3,Memory,1.0,1.0,0.0
res_003,restaurants,sex,man,Rank,0,Elicit,0.6,0.6,0.0
res_003,restaurants,sex,man,Rank,0,Retrieve,0.2,0.2,0.0
res_003,restaurants,sex,man,Rank,0,Rank,0.4748245945598571,0.4748245945598571,0.0
res_003,restaurants,sex,man,Rank,0,Explain,1.0,1.0,0.0
res_003,restaurants,sex,man,Rank,0,Memory,1.0,1.0,0.0
res_003,restaurants,sex,woman,Rank,0,Elicit,0.6,0.6,0.0
res_003,restaurants,sex,woman,Rank,0,Retrieve,0.2,0.2,0.0
res_003,restaurants,sex,woman,Rank,0,Rank,0.4771558853830325,0.4748245945598571,0.0023312908231754026
res_003,restaurants,sex,woman,Rank,0,Explain,1.0,1.0,0.0
res_003,restaurants,sex,woman,Rank,0,Memory,1.0,1.0,0.0
res_003,restaurants,sex,man,Rank,1,Elicit,0.8,0.8,0.0
res_003,restaurants,sex,man,Rank,1,Retrieve,0.2,0.2,0.0
res_003,restaurants,sex,man,Rank,1,Rank,0.4771558853830325,0.4771558853830325,0.0
res_003,restaurants,sex,man,Rank,1,Explain,1.0,1.0,0.0
res_003,restaurants,sex,man,Rank,1,Memory,1.0,1.0,0.0
res_003,restaurants,sex,woman,Rank,1,Elicit,0.8,0.8,0.0
res_003,restaurants,sex,woman,Rank,1,Retrieve,0.2,0.2,0.0
res_003,restaurants,sex,woman,Rank,1,Rank,0.4748245945598571,0.4771558853830325,-0.0023312908231754026
res_003,restaurants,sex,woman,Rank,1,Explain,1.0,1.0,0.0
res_003,restaurants,sex,woman,Rank,1,Memory,1.0,1.0,0.0
res_003,restaurants,sex,man,Rank,2,Elicit,0.6,0.6,0.0
res_003,restaurants,sex,man,Rank,2,Retrieve,0.2,0.2,0.0
res_003,restaurants,sex,man,Rank,2,Rank,0.4771558853830325,0.4771558853830325,0.0
res_003,restaurants,sex,man,Rank,2,Explain,1.0,1.0,0.0
res_003,restaurants,sex,man,Rank,2,Memory,1.0,1.0,0.0
res_003,restaurants,sex,woman,Rank,2,Elicit,0.6,0.6,0.0
res_003,restaurants,sex,woman,Rank,2,Retrieve,0.2,0.2,0.0
res_003,restaurants,sex,woman,Rank,2,Rank,0.4748245945598571,0.4771558853830325,-0.0023312908231754026
res_003,restaurants,sex,woman,Rank,2,Explain,1.0,1.0,0.0
res_003,restaurants,sex,woman,Rank,2,Memory,1.0,1.0,0.0
res_003,restaurants,sex,man,Rank,3,Elicit,0.8,0.8,0.0
res_003,restaurants,sex,man,Rank,3,Retrieve,0.2,0.2,0.0
res_003,restaurants,sex,man,Rank,3,Rank,0.4771558853830325,0.4771558853830325,0.0
res_003,restaurants,sex,man,Rank,3,Explain,1.0,1.0,0.0
res_003,restaurants,sex,man,Rank,3,Memory,1.0,1.0,0.0
res_003,restaurants,sex,woman,Rank,3,Elicit,0.8,0.8,0.0
res_003,restaurants,sex,woman,Rank,3,Retrieve,0.2,0.2,0.0
res_003,restaurants,sex,woman,Rank,3,Rank,0.4748245945598571,0.4771558853830325,-0.0023312908231754026
res_003,restaurants,sex,woman,Rank,3,Explain,1.0,1.0,0.0
res_003,restaurants,sex,woman,Rank,3,Memory,1.0,1.0,0.0
res_004,restaurants,sex,man,Explain,0,Elicit,0.8,0.8,0.0
res_004,restaurants,sex,man,Explain,0,Retrieve,0.5,0.5,0.0
res_004,restaurants,sex,man,Explain,0,Rank,1.0,1.0,0.0
res_004,restaurants,sex,man,Explain,0,Explain,0.6666666666666666,1.0,-0.33333333333333337
res_004,restaurants,sex,man,Explain,0,Memory,0.75,1.0,-0.25
res_004,restaurants,sex,woman,Explain,0,Elicit,0.8,0.8,0.0
res_004,restaurants,sex,woman,Explain,0,Retrieve,0.5,0.5,0.0
res_004,restaurants,sex,woman,Explain,0,Rank,1.0,1.0,0.0
res_004,restaurants,sex,woman,Explain,0,Explain,1.0,1.0,0.0
res_004,restaurants,sex,woman,Explain,0,Memory,1.0,1.0,0.0
res_004,restaurants,sex,man,Explain,1,Elicit,0.8,0.8,0.0
res_004,restaurants,sex,man,Explain,1,Retrieve,0.5,0.5,0.0
res_004,restaurants,sex,man,Explain,1,Rank,0.999271164111094,0.999271164111094,0.0
res_004,restaurants,sex,man,Explain,1,Explain,0.6666666666666666,1.0,-0.33333333333333337
res_004,restaurants,sex,man,Explain,1,Memory,0.75,1.0,-0.25
res_004,restaurants,sex,woman,Explain,1,Elicit,0.8,0.8,0.0
res_004,restaurants,sex,woman,Explain,1,Retrieve,0.5,0.5,0.0
res_004,restaurants,sex,woman,Explain,1,Rank,0.999271164111094,0.999271164111094,0.0
res_004,restaurants,sex,woman,Explain,1,Explain,1.0,1.0,0.0
res_004,restaurants,sex,woman,Explain,1,Memory,1.0,1.0,0.0
res_004,restaurants,sex,man,Explain,2,Elicit,0.8,0.8,0.0
res_004,restaurants,sex,man,Explain,2,Retrieve,0.5,0.5,0.0
res_004,restaurants,sex,man,Explain,2,Rank,0.9994252567160511,0.9994252567160511,0.0
res_004,restaurants,sex,man,Explain,2,Explain,0.6666666666666666,1.0,-0.33333333333333337
res_004,restaurants,sex,man,Explain,2,Memory,0.75,1.0,-0.25
res_004,restaurants,sex,woman,Explain,2,Elicit,0.8,0.8,0.0
res_004,restaurants,sex,woman,Explain,2,Retrieve,0.5,0.5,0.0
res_004,restaurants,sex,woman,Explain,2,Rank,0.9994252567160511,0.9994252567160511,0.0
res_004,restaurants,sex,woman,Explain,2,Explain,1.0,1.0,0.0
res_004,restaurants,sex,woman,Explain,2,Memory,1.0,1.0,0.0
res_004,restaurants,sex,man,Explain,3,Elicit,0.6,0.6,0.0
res_004,restaurants,sex,man,Explain,3,Retrieve,0.5,0.5,0.0
res_004,restaurants,sex,man,Explain,3,Rank,0.9996568763943803,0.9996568763943803,0.0
res_004,restaurants,sex,man,Explain,3,Explain,0.6666666666666666,1.0,-0.33333333333333337
res_004,restaurants,sex,man,Explain,3,Memory,0.75,1.0,-0.25
res_004,restaurants,sex,woman,Explain,3,Elicit,0.6,0.6,0.0
res_004,restaurants,sex,woman,Explain,3,Retrieve,0.5,0.5,0.0
res_004,restaurants,sex,woman,Explain,3,Rank,0.9996568763943803,0.9996568763943803,0.0
res_004,restaurants,sex,woman,Explain,3,Explain,1.0,1.0,0.0
res_004,restaurants,sex,woman,Explain,3,Memory,1.0,1.0,0.0
res_005,restaurants,sex,man,Memory,0,Elicit,0.5,0.5,0.0
res_005,restaurants,sex,man,Memory,0,Retrieve,0.5,0.5,0.0
res_005,restaurants,sex,man,Memory,0,Rank,0.8416482940529679,0.8416482940529679,0.0
res_005,restaurants,sex,man,Memory,0,Explain,1.0,1.0,0.0
res_005,restaurants,sex,man,Memory,0,Memory,1.0,1.0,0.0
res_005,restaurants,sex,woman,Memory,0,Elicit,0.5,0.5,0.0
res_005,restaurants,sex,woman,Memory,0,Retrieve,0.5,0.5,0.0
res_005,restaurants,sex,woman,Memory,0,Rank,0.8416482940529679,0.8416482940529679,0.0
res_005,restaurants,sex,woman,Memory,0,Explain,1.0,1.0,0.0
res_005,restaurants,sex,woman,Memory,0,Memory,0.6666666666666666,1.0,-0.33333333333333337
res_005,restaurants,sex,man,Memory,1,Elicit,0.5,0.5,0.0
res_005,restaurants,sex,man,Memory,1,Retrieve,0.5,0.5,0.0
res_005,restaurants,sex,man,Memory,1,Rank,0.744376964226909,0.744376964226909,0.0
res_005,restaurants,sex,man,Memory,1,Explain,1.0,1.0,0.0
res_005,restaurants,sex,man,Memory,1,Memory,1.0,1.0,0.0
res_005,restaurants,sex,woman,Memory,1,Elicit,0.5,0.5,0.0
res_005,restaurants,sex,woman,Memory,1,Retrieve,0.5,0.5,0.0
res_005,restaurants,sex,woman,Memory,1,Rank,0.744376964226909,0.744376964226909,0.0
res_005,restaurants,sex,woman,Memory,1,Explain,1.0,1.0,0.0
res_005,restaurants,sex,woman,Memory,1,Memory,0.6666666666666666,1.0,-0.33333333333333337
res_005,restaurants,sex,man,Memory,2,Elicit,0.5,0.5,0.0
res_005,restaurants,sex,man,Memory,2,Retrieve,0.5,0.5,0.0
res_005,restaurants,sex,man,Memory,2,Rank,0.7601314541805849,0.7601314541805849,0.0
res_005,restaurants,sex,man,Memory,2,Explain,1.0,1.0,0.0
res_005,restaurants,sex,man,Memory,2,Memory,1.0,1.0,0.0
res_005,restaurants,sex,woman,Memory,2,Elicit,0.5,0.5,0.0
res_005,restaurants,sex,woman,Memory,2,Retrieve,0.5,0.5,0.0
res_005,restaurants,sex,woman,Memory,2,Rank,0.7601314541805849,0.7601314541805849,0.0
res_005,restaurants,sex,woman,Memory,2,Explain,1.0,1.0,0.0
res_005,restaurants,sex,woman,Memory,2,Memory,0.6666666666666666,1.0,-0.33333333333333337
res_005,restaurants,sex,man,Memory,3,Elicit,0.3333333333333333,0.3333333333333333,0.0
res_005,restaurants,sex,man,Memory,3,Retrieve,0.5,0.5,0.0
res_005,restaurants,sex,man,Memory,3,Rank,0.6928349755399485,0.6928349755399485,0.0
res_005,restaurants,sex,man,Memory,3,Explain,1.0,1.0,0.0
res_005,restaurants,sex,man,Memory,3,Memory,1.0,1.0,0.0
res_005,restaurants,sex,woman,Memory,3,Elicit,0.3333333333333333,0.3333333333333333,0.0
res_005,restaurants,sex,woman,Memory,3,Retrieve,0.5,0.5,0.0
res_005,restaurants,sex,woman,Memory,3,Rank,0.6928349755399485,0.6928349755399485,0.0
res_005,restaurants,sex,woman,Memory,3,Explain,1.0,1.0,0.0
res_005,restaurants,sex,woman,Memory,3,Memory,0.6666666666666666,1.0,-0.33333333333333337
res_006,restaurants,age,teen,none,0,Elicit,0.8,0.8,0.0
res_006,restaurants,age,teen,none,0,Retrieve,0.3,0.3,0.0
res_006,restaurants,age,teen,none,0,Rank,0.43880827478726087,0.43880827478726087,0.0
res_006,restaurants,age,teen,none,0,Explain,1.0,1.0,0.0
res_006,restaurants,age,teen,none,0,Memory,1.0,1.0,0.0
res_006,restaurants,age,young,none,0,Elicit,0.8,0.8,0.0
res_006,restaurants,age,young,none,0,Retrieve,0.3,0.3,0.0
res_006,restaurants,age,young,none,0,Rank,0.43880827478726087,0.43880827478726087,0.0
res_006,restaurants,age,young,none,0,Explain,1.0,1.0,0.0
res_006,restaurants,age,young,none,0,Memory,1.0,1.0,0.0
res_006,restaurants,age,adult,none,0,Elicit,0.8,0.8,0.0
res_006,restaurants,age,adult,none,0,Retrieve,0.3,0.3,0.0
res_006,restaurants,age,adult,none,0,Rank,0.43880827478726087,0.43880827478726087,0.0
res_006,restaurants,age,adult,none,0,Explain,1.0,1.0,0.0
res_006,restaurants,age,adult,none,0,Memory,1.0,1.0,0.0
res_006,restaurants,age,teen,none,1,Elicit,0.8,0.8,0.0
res_006,restaurants,age,teen,none,1,Retrieve,0.3,0.3,0.0
res_006,restaurants,age,teen,none,1,Rank,0.47341152648566004,0.47341152648566004,0.0
res_006,restaurants,age,teen,none,1,Explain,1.0,1.0,0.0
res_006,restaurants,age,teen,none,1,Memory,1.0,1.0,0.0
res_006,restaurants,age,young,none,1,Elicit,0.8,0.8,0.0
res_006,restaurants,age,young,none,1,Retrieve,0.3,0.3,0.0
res_006,restaurants,age,young,none,1,Rank,0.47341152648566004,0.47341152648566004,0.0
res_006,restaurants,age,young,none,1,Explain,1.0,1.0,0.0
res_006,restaurants,age,young,none,1,Memory,1.0,1.0,0.0
res_006,restaurants,age,adult,none,1,Elicit,0.8,0.8,0.0
res_006,restaurants,age,adult,none,1,Retrieve,0.3,0.3,0.0
res_006,restaurants,age,adult,none,1,Rank,0.47341152648566004,0.47341152648566004,0.0
res_006,restaurants,age,adult,none,1,Explain,1.0,1.0,0.0
res_006,restaurants,age,adult,none,1,Memory,1.0,1.0,0.0
res_006,restaurants,age,teen,none,2,Elicit,0.6,0.6,0.0
res_006,restaurants,age,teen,none,2,Retrieve,0.3,0.3,0.0
res_006,restaurants,age,teen,none,2,Rank,0.4737264204839254,0.4737264204839254,0.0
res_006,restaurants,age,teen,none,2,Explain,1.0,1.0,0.0
res_006,restaurants,age,teen,none,2,Memory,1.0,1.0,0.0
res_006,restaurants,age,young,none,2,Elicit,0.6,0.6,0.0
res_006,restaurants,age,young,none,2,Retrieve,0.3,0.3,0.0
res_006,restaurants,age,young,none,2,Rank,0.4737264204839254,0.4737264204839254,0.0
res_006,restaurants,age,young,none,2,Explain,1.0,1.0,0.0
res_006,restaurants,age,young,none,2,Memory,1.0,1.0,0.0
res_006,restaurants,age,adult,none,2,Elicit,0.6,0.6,0.0
res_006,restaurants,age,adult,none,2,Retrieve,0.3,0.3,0.0
res_006,restaurants,age,adult,none,2,Rank,0.4737264204839254,0.4737264204839254,0.0
res_006,restaurants,age,adult,none,2,Explain,1.0,1.0,0.0
res_006,restaurants,age,adult,none,2,Memory,1.0,1.0,0.0
res_006,restaurants,age,teen,none,3,Elicit,0.8,0.8,0.0
res_006,restaurants,age,teen,none,3,Retrieve,0.3,0.3,0.0
res_006,restaurants,age,teen,none,3,Rank,0.49434372122957504,0.49434372122957504,0.0
res_006,restaurants,age,teen,none,3,Explain,1.0,1.0,0.0
res_006,restaurants,age,teen,none,3,Memory,1.0,1.0,0.0
res_006,restaurants,age,young,none,3,Elicit,0.8,0.8,0.0
res_006,restaurants,age,young,none,3,Retrieve,0.3,0.3,0.0
res_006,restaurants,age,young,none,3,Rank,0.49434372122957504,0.49434372122957504,0.0
res_006,restaurants,age,young,none,3,Explain,1.0,1.0,0.0
res_006,restaurants,age,young,none,3,Memory,1.0,1.0,0.0
res_006,restaurants,age,adult,none,3,Elicit,0.8,0.8,0.0
res_006,restaurants,age,adult,none,3,Retrieve,0.3,0.3,0.0
res_006,restaurants,age,adult,none,3,Rank,0.49434372122957504,0.49434372122957504,0.0
res_006,restaurants,age,adult,none,3,Explain,1.0,1.0,0.0
res_006,restaurants,age,adult,none,3,Memory,1.0,1.0,0.0
res_007,restaurants,age,teen,Elicit,0,Elicit,0.3333333333333333,0.3333333333333333,0.0
res_007,restaurants,age,teen,Elicit,0,Retrieve,0.5,0.5,0.0
res_007,restaurants,age,teen,Elicit,0,Rank,0.545384617258293,0.545384617258293,0.0
res_007,restaurants,age,teen,Elicit,0,Explain,1.0,1.0,0.0
res_007,restaurants,age,teen,Elicit,0,Memory,1.0,1.0,0.0
res_007,restaurants,age,young,Elicit,0,Elicit,0.3333333333333333,0.3333333333333333,0.0
res_007,restaurants,age,young,Elicit,0,Retrieve,0.5,0.5,0.0
res_007,restaurants,age,young,Elicit,0,Rank,0.545384617258293,0.545384617258293,0.0
res_007,restaurants,age,young,Elicit,0,Explain,1.0,1.0,0.0
res_007,restaurants,age,young,Elicit,0,Memory,1.0,1.0,0.0
res_007,restaurants,age,adult,Elicit,0,Elicit,0.5,0.3333333333333333,0.16666666666666669
res_007,restaurants,age,adult,Elicit,0,Retrieve,0.2,0.5,-0.3
res_007,restaurants,age,adult,Elicit,0,Rank,0.2903505835949356,0.545384617258293,-0.2550340336633574
res_007,restaurants,age,adult,Elicit,0,Explain,1.0,1.0,0.0
res_007,restaurants,age,adult,Elicit,0,Memory,0.6666666666666666,1.0,-0.33333333333333337
res_007,restaurants,age,teen,Elicit,1,Elicit,0.3333333333333333,0.3333333333333333,0.0
res_007,restaurants,age,teen,Elicit,1,Retrieve,0.5,0.5,0.0
res_007,restaurants,age,teen,Elicit,1,Rank,0.8138193778509143,0.8138193778509143,0.0
res_007,restaurants,age,teen,Elicit,1,Explain,1.0,1.0,0.0
res_007,restaurants,age,teen,Elicit,1,Memory,1.0,1.0,0.0
res_007,restaurants,age,young,Elicit,1,Elicit,0.3333333333333333,0.3333333333333333,0.0
res_007,restaurants,age,young,Elicit,1,Retrieve,0.5,0.5,0.0
res_007,restaurants,age,young,Elicit,1,Rank,0.8138193778509143,0.8138193778509143,0.0
res_007,restaurants,age,young,Elicit,1,Explain,1.0,1.0,0.0
res_007,restaurants,age,young,Elicit,1,Memory,1.0,1.0,0.0
res_007,restaurants,age,adult,Elicit,1,Elicit,0.3333333333333333,0.3333333333333333,0.0
res_007,restaurants,age,adult,Elicit,1,Retrieve,0.5,0.5,0.0
res_007,restaurants,age,adult,Elicit,1,Rank,0.7272968376358995,0.8138193778509143,-0.08652254021501482
res_007,restaurants,age,adult,Elicit,1,Explain,1.0,1.0,0.0
res_007,restaurants,age,adult,Elicit,1,Memory,0.6666666666666666,1.0,-0.33333333333333337
res_007,restaurants,age,teen,Elicit,2,Elicit,0.5,0.5,0.0
res_007,restaurants,age,teen,Elicit,2,Retrieve,0.5,0.5,0.0
res_007,restaurants,age,teen,Elicit,2,Rank,0.5905422214526962,0.5905422214526962,0.0
res_007,restaurants,age,teen,Elicit,2,Explain,1.0,1.0,0.0
res_007,restaurants,age,teen,Elicit,2,Memory,1.0,1.0,0.0
res_007,restaurants,age,young,Elicit,2,Elicit,0.5,0.5,0.0
res_007,restaurants,age,young,Elicit,2,Retrieve,0.5,0.5,0.0
res_007,restaurants,age,young,Elicit,2,Rank,0.5905422214526962,0.5905422214526962,0.0
res_007,restaurants,age,young,Elicit,2,Explain,1.0,1.0,0.0
res_007,restaurants,age,young,Elicit,2,Memory,1.0,1.0,0.0
res_007,restaurants,age,adult,Elicit,2,Elicit,0.5,0.5,0.0
res_007,restaurants,age,adult,Elicit,2,Retrieve,0.2,0.5,-0.3
res_007,restaurants,age,adult,Elicit,2,Rank,0.2903505835949356,0.5905422214526962,-0.3001916378577606
res_007,restaurants,age,adult,Elicit,2,Explain,1.0,1.0,0.0
res_007,restaurants,age,adult,Elicit,2,Memory,0.6666666666666666,1.0,-0.33333333333333337
res_007,restaurants,age,teen,Elicit,3,Elicit,0.5,0.5,0.0
res_007,restaurants,age,teen,Elicit,3,Retrieve,0.5,0.5,0.0
res_007,restaurants,age,teen,Elicit,3,Rank,0.848510832187071,0.848510832187071,0.0
res_007,restaurants,age,teen,Elicit,3,Explain,1.0,1.0,0.0
res_007,restaurants,age,teen,Elicit,3,Memory,1.0,1.0,0.0
res_007,restaurants,age,young,Elicit,3,Elicit,0.5,0.5,0.0
res_007,restaurants,age,young,Elicit,3,Retrieve,0.5,0.5,0.0
res_007,restaurants,age,young,Elicit,3,Rank,0.848510832187071,0.848510832187071,0.0
res_007,restaurants,age,young,Elicit,3,Explain,1.0,1.0,0.0
res_007,restaurants,age,young,Elicit,3,Memory,1.0,1.0,0.0
res_007,restaurants,age,adult,Elicit,3,Elicit,0.5,0.5,0.0
res_007,restaurants,age,adult,Elicit,3,Retrieve,0.2,0.5,-0.3
res_007,restaurants,age,adult,Elicit,3,Rank,0.2903505835949356,0.848510832187071,-0.5581602485921354
res_007,restaurants,age,adult,Elicit,3,Explain,1.0,1.0,0.0
res_007,restaurants,age,adult,Elicit,3,Memory,0.6666666666666666,1.0,-0.33333333333333337
res_008,restaurants,age,teen,Retrieve,0,Elicit,0.8,0.8,0.0
res_008,restaurants,age,teen,Retrieve,0,Retrieve,0.2,0.5,-0.3
res_008,restaurants,age,teen,Retrieve,0,Rank,0.39000218493083916,0.9259151449623163,-0.5359129600314771
res_008,restaurants,age,teen,Retrieve,0,Explain,1.0,1.0,0.0
res_008,restaurants,age,teen,Retrieve,0,Memory,1.0,1.0,0.0
res_008,restaurants,age,young,Retrieve,0,Elicit,0.8,0.8,0.0
res_008,restaurants,age,young,Retrieve,0,Retrieve,0.5,0.5,0.0
res_008,restaurants,age,young,Retrieve,0,Rank,0.9259151449623163,0.9259151449623163,0.0
res_008,restaurants,age,young,Retrieve,0,Explain,1.0,1.0,0.0
res_008,restaurants,age,young,Retrieve,0,Memory,1.0,1.0,0.0
res_008,restaurants,age,adult,Retrieve,0,Elicit,0.8,0.8,0.0
res_008,restaurants,age,adult,Retrieve,0,Retrieve,0.5,0.5,0.0
res_008,restaurants,age,adult,Retrieve,0,Rank,0.9259151449623163,0.9259151449623163,0.0
res_008,restaurants,age,adult,Retrieve,0,Explain,1.0,1.0,0.0
res_008,restaurants,age,adult,Retrieve,0,Memory,1.0,1.0,0.0
res_008,restaurants,age,teen,Retrieve,1,Elicit,0.8,0.8,0.0
res_008,restaurants,age,teen,Retrieve,1,Retrieve,0.2,0.5,-0.3
res_008,restaurants,age,teen,Retrieve,1,Rank,0.39000218493083916,1.0,-0.6099978150691608
res_008,restaurants,age,teen,Retrieve,1,Explain,1.0,1.0,0.0
res_008,restaurants,age,teen,Retrieve,1,Memory,1.0,1.0,0.0
res_008,restaurants,age,young,Retrieve,1,Elicit,0.8,0.8,0.0
res_008,restaurants,age,young,Retrieve,1,Retrieve,0.5,0.5,0.0
res_008,restaurants,age,young,Retrieve,1,Rank,1.0,1.0,0.0
res_008,restaurants,age,young,Retrieve,1,Explain,1.0,1.0,0.0
res_008,restaurants,age,young,Retrieve,1,Memory,1.0,1.0,0.0
res_008,restaurants,age,adult,Retrieve,1,Elicit,0.8,0.8,0.0
res_008,restaurants,age,adult,Retrieve,1,Retrieve,0.5,0.5,0.0
res_008,restaurants,age,adult,Retrieve,1,Rank,1.0,1.0,0.0
res_008,restaurants,age,adult,Retrieve,1,Explain,1.0,1.0,0.0
res_008,restaurants,age,adult,Retrieve,1,Memory,1.0,1.0,0.0
res_008,restaurants,age,teen,Retrieve,2,Elicit,0.8,0.8,0.0
res_008,restaurants,age,teen,Retrieve,2,Retrieve,0.2,0.1,0.1
res_008,restaurants,age,teen,Retrieve,2,Rank,0.39000218493083916,0.49317952208363114,-0.10317733715279198
res_008,restaurants,age,teen,Retrieve,2,Explain,1.0,1.0,0.0
res_008,restaurants,age,teen,Retrieve,2,Memory,1.0,1.0,0.0
res_008,restaurants,age,young,Retrieve,2,Elicit,0.8,0.8,0.0
res_008,restaurants,age,young,Retrieve,2,Retrieve,0.1,0.1,0.0
res_008,restaurants,age,young,Retrieve,2,Rank,0.49317952208363114,0.49317952208363114,0.0
res_008,restaurants,age,young,Retrieve,2,Explain,1.0,1.0,0.0
res_008,restaurants,age,young,Retrieve,2,Memory,1.0,1.0,0.0
res_008,restaurants,age,adult,Retrieve,2,Elicit,0.8,0.8,0.0
res_008,restaurants,age,adult,Retrieve,2,Retrieve,0.1,0.1,0.0
res_008,restaurants,age,adult,Retrieve,2,Rank,0.49317952208363114,0.49317952208363114,0.0
res_008,restaurants,age,adult,Retrieve,2,Explain,1.0,1.0,0.0
res_008,restaurants,age,adult,Retrieve,2,Memory,1.0,1.0,0.0
res_008,restaurants,age,teen,Retrieve,3,Elicit,0.8,0.8,0.0
res_008,restaurants,age,teen,Retrieve,3,Retrieve,0.2,0.5,-0.3
res_008,restaurants,age,teen,Retrieve,3,Rank,0.39000218493083916,0.9513011782451667,-0.5612989933143275
res_008,restaurants,age,teen,Retrieve,3,Explain,1.0,1.0,0.0
res_008,restaurants,age,teen,Retrieve,3,Memory,1.0,1.0,0.0
res_008,restaurants,age,young,Retrieve,3,Elicit,0.8,0.8,0.0
res_008,restaurants,age,young,Retrieve,3,Retrieve,0.5,0.5,0.0
res_008,restaurants,age,young,Retrieve,3,Rank,0.9513011782451667,0.9513011782451667,0.0
res_008,restaurants,age,young,Retrieve,3,Explain,1.0,1.0,0.0
res_008,restaurants,age,young,Retrieve,3,Memory,1.0,1.0,0.0
res_008,restaurants,age,adult,Retrieve,3,Elicit,0.8,0.8,0.0
res_008,restaurants,age,adult,Retrieve,3,Retrieve,0.5,0.5,0.0
res_008,restaurants,age,adult,Retrieve,3,Rank,0.9513011782451667,0.9513011782451667,0.0
res_008,restaurants,age,adult,Retrieve,3,Explain,1.0,1.0,0.0
res_008,restaurants,age,adult,Retrieve,3,Memory,1.0,1.0,0.0
res_009,restaurants,age,teen,Rank,0,Elicit,0.8,0.8,0.0
res_009,restaurants,age,teen,Rank,0,Retrieve,0.3,0.3,0.0
res_009,restaurants,age,teen,Rank,0,Rank,0.6008569538362096,0.6008569538362096,0.0
res_009,restaurants,age,teen,Rank,0,Explain,1.0,1.0,0.0
res_009,restaurants,age,teen,Rank,0,Memory,1.0,1.0,0.0
res_009,restaurants,age,young,Rank,0,Elicit,0.8,0.8,0.0
res_009,restaurants,age,young,Rank,0,Retrieve,0.3,0.3,0.0
res_009,restaurants,age,young,Rank,0,Rank,0.6008569538362096,0.6008569538362096,0.0
res_009,restaurants,age,young,Rank,0,Explain,1.0,1.0,0.0
res_009,restaurants,age,young,Rank,0,Memory,1.0,1.0,0.0
res_009,restaurants,age,adult,Rank,0,Elicit,0.8,0.8,0.0
res_009,restaurants,age,adult,Rank,0,Retrieve,0.3,0.3,0.0
res_009,restaurants,age,adult,Rank,0,Rank,0.6008569538362096,0.6008569538362096,0.0
res_009,restaurants,age,adult,Rank,0,Explain,1.0,1.0,0.0
res_009,restaurants,age,adult,Rank,0,Memory,1.0,1.0,0.0
res_009,restaurants,age,teen,Rank,1,Elicit,0.8,0.8,0.0
res_009,restaurants,age,teen,Rank,1,Retrieve,0.3,0.3,0.0
res_009,restaurants,age,teen,Rank,1,Rank,0.6024901612481868,0.6024901612481868,0.0
res_009,restaurants,age,teen,Rank,1,Explain,1.0,1.0,0.0
res_009,restaurants,age,teen,Rank,1,Memory,1.0,1.0,0.0
res_009,restaurants,age,young,Rank,1,Elicit,0.8,0.8,0.0
res_009,restaurants,age,young,Rank,1,Retrieve,0.3,0.3,0.0
res_009,restaurants,age,young,Rank,1,Rank,0.6008569538362096,0.6024901612481868,-0.0016332074119771445
res_009,restaurants,age,young,Rank,1,Explain,1.0,1.0,0.0
res_009,restaurants,age,young,Rank,1,Memory,1.0,1.0,0.0
res_009,restaurants,age,adult,Rank,1,Elicit,0.8,0.8,0.0
res_009,restaurants,age,adult,Rank,1,Retrieve,0.3,0.3,0.0
res_009,restaurants,age,adult,Rank,1,Rank,0.6024901612481868,0.6024901612481868,0.0
res_009,restaurants,age,adult,Rank,1,Explain,1.0,1.0,0.0
res_009,restaurants,age,adult,Rank,1,Memory,1.0,1.0,0.0
res_009,restaurants,age,teen,Rank,2,Elicit,0.8,0.8,0.0
res_009,restaurants,age,teen,Rank,2,Retrieve,0.3,0.3,0.0
res_009,restaurants,age,teen,Rank,2,Rank,0.5987596953540752,0.5987596953540752,0.0
res_009,restaurants,age,teen,Rank,2,Explain,1.0,1.0,0.0
res_009,restaurants,age,teen,Rank,2,Memory,1.0,1.0,0.0
res_009,restaurants,age,young,Rank,2,Elicit,0.8,0.8,0.0
res_009,restaurants,age,young,Rank,2,Retrieve,0.3,0.3,0.0
res_009,restaurants,age,young,Rank,2,Rank,0.5995335499992729,0.5987596953540752,0.0007738546451976358
res_009,restaurants,age,young,Rank,2,Explain,1.0,1.0,0.0
res_009,restaurants,age,young,Rank,2,Memory,1.0,1.0,0.0
res_009,restaurants,age,adult,Rank,2,Elicit,0.8,0.8,0.0
res_009,restaurants,age,adult,Rank,2,Retrieve,0.3,0.3,0.0
res_009,restaurants,age,adult,Rank,2,Rank,0.5987596953540752,0.5987596953540752,0.0
res_009,restaurants,age,adult,Rank,2,Explain,1.0,1.0,0.0
res_009,restaurants,age,adult,Rank,2,Memory,1.0,1.0,0.0
res_009,restaurants,age,teen,Rank,3,Elicit,0.8,0.8,0.0
res_009,restaurants,age,teen,Rank,3,Retrieve,0.3,0.3,0.0
res_009,restaurants,age,teen,Rank,3,Rank,0.5987596953540752,0.5987596953540752,0.0
res_009,restaurants,age,teen,Rank,3,Explain,1.0,1.0,0.0
res_009,restaurants,age,teen,Rank,3,Memory,1.0,1.0,0.0
res_009,restaurants,age,young,Rank,3,Elicit,0.8,0.8,0.0
res_009,restaurants,age,young,Rank,3,Retrieve,0.3,0.3,0.0
res_009,restaurants,age,young,Rank,3,Rank,0.5995335499992729,0.5987596953540752,0.0007738546451976358
res_009,restaurants,age,young,Rank,3,Explain,1.0,1.0,0.0
res_009,restaurants,age,young,Rank,3,Memory,1.0,1.0,0.0
res_009,restaurants,age,adult,Rank,3,Elicit,0.8,0.8,0.0
res_009,restaurants,age,adult,Rank,3,Retrieve,0.3,0.3,0.0
res_009,restaurants,age,adult,Rank,3,Rank,0.5987596953540752,0.5987596953540752,0.0
res_009,restaurants,age,adult,Rank,3,Explain,1.0,1.0,0.0
res_009,restaurants,age,adult,Rank,3,Memory,1.0,1.0,0.0
res_010,restaurants,age,teen,Explain,0,Elicit,0.3333333333333333,0.3333333333333333,0.0
res_010,restaurants,age,teen,Explain,0,Retrieve,0.5,0.5,0.0
res_010,restaurants,age,teen,Explain,0,Rank,0.644491349562738,0.644491349562738,0.0
res_010,restaurants,age,teen,Explain,0,Explain,1.0,1.0,0.0
res_010,restaurants,age,teen,Explain,0,Memory,1.0,1.0,0.0
res_010,restaurants,age,young,Explain,0,Elicit,0.3333333333333333,0.3333333333333333,0.0
res_010,restaurants,age,young,Explain,0,Retrieve,0.5,0.5,0.0
res_010,restaurants,age,young,Explain,0,Rank,0.644491349562738,0.644491349562738,0.0
res_010,restaurants,age,young,Explain,0,Explain,1.0,1.0,0.0
res_010,restaurants,age,young,Explain,0,Memory,1.0,1.0,0.0
res_010,restaurants,age,adult,Explain,0,Elicit,0.3333333333333333,0.3333333333333333,0.0
res_010,restaurants,age,adult,Explain,0,Retrieve,0.5,0.5,0.0
res_010,restaurants,age,adult,Explain,0,Rank,0.644491349562738,0.644491349562738,0.0
res_010,restaurants,age,adult,Explain,0,Explain,0.5,1.0,-0.5
res_010,restaurants,age,adult,Explain,0,Memory,0.6666666666666666,1.0,-0.33333333333333337
res_010,restaurants,age,teen,Explain,1,Elicit,0.5,0.5,0.0
res_010,restaurants,age,teen,Explain,1,Retrieve,0.5,0.5,0.0
res_010,restaurants,age,teen,Explain,1,Rank,0.8251707184767547,0.8251707184767547,0.0
res_010,restaurants,age,teen,Explain,1,Explain,1.0,1.0,0.0
res_010,restaurants,age,teen,Explain,1,Memory,1.0,1.0,0.0
res_010,restaurants,age,young,Explain,1,Elicit,0.5,0.5,0.0
res_010,restaurants,age,young,Explain,1,Retrieve,0.5,0.5,0.0
res_010,restaurants,age,young,Explain,1,Rank,0.8251707184767547,0.8251707184767547,0.0
res_010,restaurants,age,young,Explain,1,Explain,1.0,1.0,0.0
res_010,restaurants,age,young,Explain,1,Memory,1.0,1.0,0.0
res_010,restaurants,age,adult,Explain,1,Elicit,0.5,0.5,0.0
res_010,restaurants,age,adult,Explain,1,Retrieve,0.5,0.5,0.0
res_010,restaurants,age,adult,Explain,1,Rank,0.8251707184767547,0.8251707184767547,0.0
res_010,restaurants,age,adult,Explain,1,Explain,0.5,1.0,-0.5
res_010,restaurants,age,adult,Explain,1,Memory,0.6666666666666666,1.0,-0.33333333333333337
res_010,restaurants,age,teen,Explain,2,Elicit,0.5,0.5,0.0
res_010,restaurants,age,teen,Explain,2,Retrieve,0.5,0.5,0.0
res_010,restaurants,age,teen,Explain,2,Rank,0.6570326462305306,0.6570326462305306,0.0
res_010,restaurants,age,teen,Explain,2,Explain,1.0,1.0,0.0
res_010,restaurants,age,teen,Explain,2,Memory,1.0,1.0,0.0
res_010,restaurants,age,young,Explain,2,Elicit,0.5,0.5,0.0
res_010,restaurants,age,young,Explain,2,Retrieve,0.5,0.5,0.0
res_010,restaurants,age,young,Explain,2,Rank,0.6570326462305306,0.6570326462305306,0.0
res_010,restaurants,age,young,Explain,2,Explain,1.0,1.0,0.0
res_010,restaurants,age,young,Explain,2,Memory,1.0,1.0,0.0
res_010,restaurants,age,adult,Explain,2,Elicit,0.5,0.5,0.0
res_010,restaurants,age,adult,Explain,2,Retrieve,0.5,0.5,0.0
res_010,restaurants,age,adult,Explain,2,Rank,0.6570326462305306,0.6570326462305306,0.0
res_010,restaurants,age,adult,Explain,2,Explain,0.5,1.0,-0.5
res_010,restaurants,age,adult,Explain,2,Memory,0.6666666666666666,1.0,-0.33333333333333337
res_010,restaurants,age,teen,Explain,3,Elicit,0.3333333333333333,0.3333333333333333,0.0
res_010,restaurants,age,teen,Explain,3,Retrieve,0.5,0.5,0.0
res_010,restaurants,age,teen,Explain,3,Rank,0.943509464685893,0.943509464685893,0.0
res_010,restaurants,age,teen,Explain,3,Explain,1.0,1.0,0.0
res_010,restaurants,age,teen,Explain,3,Memory,1.0,1.0,0.0
res_010,restaurants,age,young,Explain,3,Elicit,0.3333333333333333,0.3333333333333333,0.0
res_010,restaurants,age,young,Explain,3,Retrieve,0.5,0.5,0.0
res_010,restaurants,age,young,Explain,3,Rank,0.943509464685893,0.943509464685893,0.0
res_010,restaurants,age,young,Explain,3,Explain,1.0,1.0,0.0
res_010,restaurants,age,young,Explain,3,Memory,1.0,1.0,0.0
res_010,restaurants,age,adult,Explain,3,Elicit,0.3333333333333333,0.3333333333333333,0.0
res_010,restaurants,age,adult,Explain,3,Retrieve,0.5,0.5,0.0
res_010,restaurants,age,adult,Explain,3,Rank,0.943509464685893,0.943509464685893,0.0
res_010,restaurants,age,adult,Explain,3,Explain,0.5,1.0,-0.5
res_010,restaurants,age,adult,Explain,3,Memory,0.6666666666666666,1.0,-0.33333333333333337
res_011,restaurants,age,teen,Memory,0,Elicit,0.5,0.5,0.0
res_011,restaurants,age,teen,Memory,0,Retrieve,0.5,0.5,0.0
res_011,restaurants,age,teen,Memory,0,Rank,0.8247235996069251,0.8247235996069251,0.0
res_011,restaurants,age,teen,Memory,0,Explain,1.0,1.0,0.0
res_011,restaurants,age,teen,Memory,0,Memory,0.6666666666666666,1.0,-0.33333333333333337
res_011,restaurants,age,young,Memory,0,Elicit,0.5,0.5,0.0
res_011,restaurants,age,young,Memory,0,Retrieve,0.5,0.5,0.0
res_011,restaurants,age,young,Memory,0,Rank,0.8247235996069251,0.8247235996069251,0.0
res_011,restaurants,age,young,Memory,0,Explain,1.0,1.0,0.0
res_011,restaurants,age,young,Memory,0,Memory,1.0,1.0,0.0
res_011,restaurants,age,adult,Memory,0,Elicit,0.5,0.5,0.0
res_011,restaurants,age,adult,Memory,0,Retrieve,0.5,0.5,0.0
res_011,restaurants,age,adult,Memory,0,Rank,0.8247235996069251,0.8247235996069251,0.0
res_011,restaurants,age,adult,Memory,0,Explain,1.0,1.0,0.0
res_011,restaurants,age,adult,Memory,0,Memory,1.0,1.0,0.0
res_011,restaurants,age,teen,Memory,1,Elicit,0.5,0.5,0.0
res_011,restaurants,age,teen,Memory,1,Retrieve,0.5,0.5,0.0
res_011,restaurants,age,teen,Memory,1,Rank,0.681624931518148,0.681624931518148,0.0
res_011,restaurants,age,teen,Memory,1,Explain,1.0,1.0,0.0
res_011,restaurants,age,teen,Memory,1,Memory,0.6666666666666666,1.0,-0.33333333333333337
res_011,restaurants,age,young,Memory,1,Elicit,0.5,0.5,0.0
res_011,restaurants,age,young,Memory,1,Retrieve,0.5,0.5,0.0
res_011,restaurants,age,young,Memory,1,Rank,0.681624931518148,0.681624931518148,0.0
res_011,restaurants,age,young,Memory,1,Explain,1.0,1.0,0.0
res_011,restaurants,age,young,Memory,1,Memory,1.0,1.0,0.0
res_011,restaurants,age,adult,Memory,1,Elicit,0.5,0.5,0.0
res_011,restaurants,age,adult,Memory,1,Retrieve,0.5,0.5,0.0
res_011,restaurants,age,adult,Memory,1,Rank,0.681624931518148,0.681624931518148,0.0
res_011,restaurants,age,adult,Memory,1,Explain,1.0,1.0,0.0
res_011,restaurants,age,adult,Memory,1,Memory,1.0,1.0,0.0
res_011,restaurants,age,teen,Memory,2,Elicit,0.5,0.5,0.0
res_011,restaurants,age,teen,Memory,2,Retrieve,0.5,0.5,0.0
res_011,restaurants,age,teen,Memory,2,Rank,0.7166022983582035,0.7166022983582035,0.0
res_011,restaurants,age,teen,Memory,2,Explain,1.0,1.0,0.0
res_011,restaurants,age,teen,Memory,2,Memory,0.6666666666666666,1.0,-0.33333333333333337
res_011,restaurants,age,young,Memory,2,Elicit,0.5,0.5,0.0
res_011,restaurants,age,young,Memory,2,Retrieve,0.5,0.5,0.0
res_011,restaurants,age,young,Memory,2,Rank,0.7166022983582035,0.7166022983582035,0.0
res_011,restaurants,age,young,Memory,2,Explain,1.0,1.0,0.0
res_011,restaurants,age,young,Memory,2,Memory,1.0,1.0,0.0
res_011,restaurants,age,adult,Memory,2,Elicit,0.5,0.5,0.0
res_011,restaurants,age,adult,Memory,2,Retrieve,0.5,0.5,0.0
res_011,restaurants,age,adult,Memory,2,Rank,0.7166022983582035,0.7166022983582035,0.0
res_011,restaurants,age,adult,Memory,2,Explain,1.0,1.0,0.0
res_011,restaurants,age,adult,Memory,2,Memory,1.0,1.0,0.0
res_011,restaurants,age,teen,Memory,3,Elicit,0.3333333333333333,0.3333333333333333,0.0
res_011,restaurants,age,teen,Memory,3,Retrieve,0.5,0.5,0.0
res_011,restaurants,age,teen,Memory,3,Rank,0.7834712989345503,0.7834712989345503,0.0
res_011,restaurants,age,teen,Memory,3,Explain,1.0,1.0,0.0
res_011,restaurants,age,teen,Memory,3,Memory,0.6666666666666666,1.0,-0.33333333333333337
res_011,restaurants,age,young,Memory,3,Elicit,0.3333333333333333,0.3333333333333333,0.0
res_011,restaurants,age,young,Memory,3,Retrieve,0.5,0.5,0.0
res_011,restaurants,age,young,Memory,3,Rank,0.7834712989345503,0.7834712989345503,0.0
res_011,restaurants,age,young,Memory,3,Explain,1.0,1.0,0.0
res_011,restaurants,age,young,Memory,3,Memory,1.0,1.0,0.0
res_011,restaurants,age,adult,Memory,3,Elicit,0.3333333333333333,0.3333333333333333,0.0
res_011,restaurants,age,adult,Memory,3,Retrieve,0.5,0.5,0.0
res_011,restaurants,age,adult,Memory,3,Rank,0.7834712989345503,0.7834712989345503,0.0
res_011,restaurants,age,adult,Memory,3,Explain,1.0,1.0,0.0
res_011,restaurants,age,adult,Memory,3,Memory,1.0,1.0,0.0
res_012,restaurants,sex,man,none,0,Elicit,1.0,1.0,0.0
res_012,restaurants,sex,man,none,0,Retrieve,0.1,0.1,0.0
res_012,restaurants,sex,man,none,0,Rank,0.5232855727193018,0.5232855727193018,0.0
res_012,restaurants,sex,man,none,0,Explain,1.0,1.0,0.0
res_012,restaurants,sex,man,none,0,Memory,1.0,1.0,0.0
res_012,restaurants,sex,woman,none,0,Elicit,1.0,1.0,0.0
res_012,restaurants,sex,woman,none,0,Retrieve,0.1,0.1,0.0
res_012,restaurants,sex,woman,none,0,Rank,0.5232855727193018,0.5232855727193018,0.0
res_012,restaurants,sex,woman,none,0,Explain,1.0,1.0,0.0
res_012,restaurants,sex,woman,none,0,Memory,1.0,1.0,0.0
res_012,restaurants,sex,man,none,1,Elicit,1.0,1.0,0.0
res_012,restaurants,sex,man,none,1,Retrieve,0.1,0.1,0.0
res_012,restaurants,sex,man,none,1,Rank,0.5232855727193018,0.5232855727193018,0.0
res_012,restaurants,sex,man,none,1,Explain,1.0,1.0,0.0
res_012,restaurants,sex,man,none,1,Memory,1.0,1.0,0.0
res_012,restaurants,sex,woman,none,1,Elicit,1.0,1.0,0.0
res_012,restaurants,sex,woman,none,1,Retrieve,0.1,0.1,0.0
res_012,restaurants,sex,woman,none,1,Rank,0.5232855727193018,0.5232855727193018,0.0
res_012,restaurants,sex,woman,none,1,Explain,1.0,1.0,0.0
res_012,restaurants,sex,woman,none,1,Memory,1.0,1.0,0.0
res_012,restaurants,sex,man,none,2,Elicit,1.0,1.0,0.0
res_012,restaurants,sex,man,none,2,Retrieve,0.3,0.3,0.0
res_012,restaurants,sex,man,none,2,Rank,0.7596983333745615,0.7596983333745615,0.0
res_012,restaurants,sex,man,none,2,Explain,1.0,1.0,0.0
res_012,restaurants,sex,man,none,2,Memory,1.0,1.0,0.0
res_012,restaurants,sex,woman,none,2,Elicit,1.0,1.0,0.0
res_012,restaurants,sex,woman,none,2,Retrieve,0.3,0.3,0.0
res_012,restaurants,sex,woman,none,2,Rank,0.7596983333745615,0.7596983333745615,0.0
res_012,restaurants,sex,woman,none,2,Explain,1.0,1.0,0.0
res_012,restaurants,sex,woman,none,2,Memory,1.0,1.0,0.0
res_012,restaurants,sex,man,none,3,Elicit,1.0,1.0,0.0
res_012,restaurants,sex,man,none,3,Retrieve,0.3,0.3,0.0
res_012,restaurants,sex,man,none,3,Rank,0.7602685754895913,0.7602685754895913,0.0
res_012,restaurants,sex,man,none,3,Explain,1.0,1.0,0.0
res_012,restaurants,sex,man,none,3,Memory,1.0,1.0,0.0
res_012,restaurants,sex,woman,none,3,Elicit,1.0,1.0,0.0
res_012,restaurants,sex,woman,none,3,Retrieve,0.3,0.3,0.0
res_012,restaurants,sex,woman,none,3,Rank,0.7602685754895913,0.7602685754895913,0.0
res_012,restaurants,sex,woman,none,3,Explain,1.0,1.0,0.0
res_012,restaurants,sex,woman,none,3,Memory,1.0,1.0,0.0
res_013,restaurants,sex,man,Elicit,0,Elicit,0.3333333333333333,0.3333333333333333,0.0
res_013,restaurants,sex,man,Elicit,0,Retrieve,0.5,0.5,0.0
res_013,restaurants,sex,man,Elicit,0,Rank,0.6323485183709255,0.6323485183709255,0.0
res_013,restaurants,sex,man,Elicit,0,Explain,1.0,1.0,0.0
res_013,restaurants,sex,man,Elicit,0,Memory,1.0,1.0,0.0
res_013,restaurants,sex,woman,Elicit,0,Elicit,0.5,0.3333333333333333,0.16666666666666669
res_013,restaurants,sex,woman,Elicit,0,Retrieve,0.1,0.5,-0.4
res_013,restaurants,sex,woman,Elicit,0,Rank,0.1336043423470665,0.6323485183709255,-0.498744176023859
res_013,restaurants,sex,woman,Elicit,0,Explain,1.0,1.0,0.0
res_013,restaurants,sex,woman,Elicit,0,Memory,0.6666666666666666,1.0,-0.33333333333333337
res_013,restaurants,sex,man,Elicit,1,Elicit,0.5,0.5,0.0
res_013,restaurants,sex,man,Elicit,1,Retrieve,0.5,0.5,0.0
res_013,restaurants,sex,man,Elicit,1,Rank,0.8180985492369724,0.8180985492369724,0.0
res_013,restaurants,sex,man,Elicit,1,Explain,1.0,1.0,0.0
res_013,restaurants,sex,man,Elicit,1,Memory,1.0,1.0,0.0
res_013,restaurants,sex,woman,Elicit,1,Elicit,0.5,0.5,0.0
res_013,restaurants,sex,woman,Elicit,1,Retrieve,0.5,0.5,0.0
res_013,restaurants,sex,woman,Elicit,1,Rank,0.5632907433213594,0.8180985492369724,-0.25480780591561303
res_013,restaurants,sex,woman,Elicit,1,Explain,1.0,1.0,0.0
res_013,restaurants,sex,woman,Elicit,1,Memory,0.6666666666666666,1.0,-0.33333333333333337
res_013,restaurants,sex,man,Elicit,2,Elicit,0.5,0.5,0.0
res_013,restaurants,sex,man,Elicit,2,Retrieve,0.5,0.5,0.0
res_013,restaurants,sex,man,Elicit,2,Rank,0.7671943375393231,0.7671943375393231,0.0
res_013,restaurants,sex,man,Elicit,2,Explain,1.0,1.0,0.0
res_013,restaurants,sex,man,Elicit,2,Memory,1.0,1.0,0.0
res_013,restaurants,sex,woman,Elicit,2,Elicit,0.5,0.5,0.0
res_013,restaurants,sex,woman,Elicit,2,Retrieve,0.1,0.5,-0.4
res_013,restaurants,sex,woman,Elicit,2,Rank,0.1336043423470665,0.7671943375393231,-0.6335899951922566
res_013,restaurants,sex,woman,Elicit,2,Explain,1.0,1.0,0.0
res_013,restaurants,sex,woman,Elicit,2,Memory,0.6666666666666666,1.0,-0.33333333333333337
res_013,restaurants,sex,man,Elicit,3,Elicit,0.5,0.5,0.0
res_013,restaurants,sex,man,Elicit,3,Retrieve,0.5,0.5,0.0
res_013,restaurants,sex,man,Elicit,3,Rank,0.9444777434488876,0.9444777434488876,0.0
res_013,restaurants,sex,man,Elicit,3,Explain,1.0,1.0,0.0
res_013,restaurants,sex,man,Elicit,3,Memory,1.0,1.0,0.0
res_013,restaurants,sex,woman,Elicit,3,Elicit,0.5,0.5,0.0
res_013,restaurants,sex,woman,Elicit,3,Retrieve,0.1,0.5,-0.4
res_013,restaurants,sex,woman,Elicit,3,Rank,0.1336043423470665,0.9444777434488876,-0.810873401101821
res_013,restaurants,sex,woman,Elicit,3,Explain,1.0,1.0,0.0
res_013,restaurants,sex,woman,Elicit,3,Memory,0.6666666666666666,1.0,-0.33333333333333337
res_014,restaurants,sex,man,Retrieve,0,Elicit,0.5,0.5,0.0
res_014,restaurants,sex,man,Retrieve,0,Retrieve,0.1,0.5,-0.4
res_014,restaurants,sex,man,Retrieve,0,Rank,0.21278901577381976,0.787652291629348,-0.5748632758555283
res_014,restaurants,sex,man,Retrieve,0,Explain,1.0,1.0,0.0
res_014,restaurants,sex,man,Retrieve,0,Memory,1.0,1.0,0.0
res_014,restaurants,sex,woman,Retrieve,0,Elicit,0.5,0.5,0.0
res_014,restaurants,sex,woman,Retrieve,0,Retrieve,0.5,0.5,0.0
res_014,restaurants,sex,woman,Retrieve,0,Rank,0.787652291629348,0.787652291629348,0.0
res_014,restaurants,sex,woman,Retrieve,0,Explain,1.0,1.0,0.0
res_014,restaurants,sex,woman,Retrieve,0,Memory,1.0,1.0,0.0
res_014,restaurants,sex,man,Retrieve,1,Elicit,0.5,0.5,0.0
res_014,restaurants,sex,man,Retrieve,1,Retrieve,0.1,0.5,-0.4
res_014,restaurants,sex,man,Retrieve,1,Rank,0.21278901577381976,0.9998395093459379,-0.7870504935721181
res_014,restaurants,sex,man,Retrieve,1,Explain,1.0,1.0,0.0
res_014,restaurants,sex,man,Retrieve,1,Memory,1.0,1.0,0.0
res_014,restaurants,sex,woman,Retrieve,1,Elicit,0.5,0.5,0.0
res_014,restaurants,sex,woman,Retrieve,1,Retrieve,0.5,0.5,0.0
res_014,restaurants,sex,woman,Retrieve,1,Rank,0.9998395093459379,0.9998395093459379,0.0
res_014,restaurants,sex,woman,Retrieve,1,Explain,1.0,1.0,0.0
res_014,restaurants,sex,woman,Retrieve,1,Memory,1.0,1.0,0.0
res_014,restaurants,sex,man,Retrieve,2,Elicit,0.5,0.5,0.0
res_014,restaurants,sex,man,Retrieve,2,Retrieve,0.1,0.5,-0.4
res_014,restaurants,sex,man,Retrieve,2,Rank,0.21278901577381976,0.9999495874146019,-0.7871605716407821
res_014,restaurants,sex,man,Retrieve,2,Explain,1.0,1.0,0.0
res_014,restaurants,sex,man,Retrieve,2,Memory,1.0,1.0,0.0
res_014,restaurants,sex,woman,Retrieve,2,Elicit,0.5,0.5,0.0
res_014,restaurants,sex,woman,Retrieve,2,Retrieve,0.5,0.5,0.0
res_014,restaurants,sex,woman,Retrieve,2,Rank,0.9999495874146019,0.9999495874146019,0.0
res_014,restaurants,sex,woman,Retrieve,2,Explain,1.0,1.0,0.0
res_014,restaurants,sex,woman,Retrieve,2,Memory,1.0,1.0,0.0
res_014,restaurants,sex,man,Retrieve,3,Elicit,0.5,0.5,0.0
res_014,restaurants,sex,man,Retrieve,3,Retrieve,0.1,0.5,-0.4
res_014,restaurants,sex,man,Retrieve,3,Rank,0.21278901577381976,0.8596749959065354,-0.6468859801327156
res_014,restaurants,sex,man,Retrieve,3,Explain,1.0,1.0,0.0
res_014,restaurants,sex,man,Retrieve,3,Memory,1.0,1.0,0.0
res_014,restaurants,sex,woman,Retrieve,3,Elicit,0.5,0.5,0.0
res_014,restaurants,sex,woman,Retrieve,3,Retrieve,0.5,0.5,0.0
res_014,restaurants,sex,woman,Retrieve,3,Rank,0.8596749959065354,0.8596749959065354,0.0
res_014,restaurants,sex,woman,Retrieve,3,Explain,1.0,1.0,0.0
res_014,restaurants,sex,woman,Retrieve,3,Memory,1.0,1.0,0.0
res_015,restaurants,sex,man,Rank,0,Elicit,0.8,0.8,0.0
res_015,restaurants,sex,man,Rank,0,Retrieve,0.5,0.5,0.0
res_015,restaurants,sex,man,Rank,0,Rank,0.80420972105317,0.80420972105317,0.0
res_015,restaurants,sex,man,Rank,0,Explain,1.0,1.0,0.0
res_015,restaurants,sex,man,Rank,0,Memory,1.0,1.0,0.0
res_015,restaurants,sex,woman,Rank,0,Elicit,0.8,0.8,0.0
res_015,restaurants,sex,woman,Rank,0,Retrieve,0.5,0.5,0.0
res_015,restaurants,sex,woman,Rank,0,Rank,0.7840424595979187,0.80420972105317,-0.020167261455251273
res_015,restaurants,sex,woman,Rank,0,Explain,1.0,1.0,0.0
res_015,restaurants,sex,woman,Rank,0,Memory,1.0,1.0,0.0
res_015,restaurants,sex,man,Rank,1,Elicit,0.6,0.6,0.0
res_015,restaurants,sex,man,Rank,1,Retrieve,0.5,0.5,0.0
res_015,restaurants,sex,man,Rank,1,Rank,0.8279792758398331,0.8279792758398331,0.0
res_015,restaurants,sex,man,Rank,1,Explain,1.0,1.0,0.0
res_015,restaurants,sex,man,Rank,1,Memory,1.0,1.0,0.0
res_015,restaurants,sex,woman,Rank,1,Elicit,0.6,0.6,0.0
res_015,restaurants,sex,woman,Rank,1,Retrieve,0.5,0.5,0.0
res_015,restaurants,sex,woman,Rank,1,Rank,0.7990687049425161,0.8279792758398331,-0.028910570897316967
res_015,restaurants,sex,woman,Rank,1,Explain,1.0,1.0,0.0
res_015,restaurants,sex,woman,Rank,1,Memory,1.0,1.0,0.0
res_015,restaurants,sex,man,Rank,2,Elicit,0.8,0.8,0.0
res_015,restaurants,sex,man,Rank,2,Retrieve,0.5,0.5,0.0
res_015,restaurants,sex,man,Rank,2,Rank,0.8289054310783343,0.8289054310783343,0.0
res_015,restaurants,sex,man,Rank,2,Explain,1.0,1.0,0.0
res_015,restaurants,sex,man,Rank,2,Memory,1.0,1.0,0.0
res_015,restaurants,sex,woman,Rank,2,Elicit,0.8,0.8,0.0
res_015,restaurants,sex,woman,Rank,2,Retrieve,0.5,0.5,0.0
res_015,restaurants,sex,woman,Rank,2,Rank,0.7995920017869975,0.8289054310783343,-0.029313429291336734
res_015,restaurants,sex,woman,Rank,2,Explain,1.0,1.0,0.0
res_015,restaurants,sex,woman,Rank,2,Memory,1.0,1.0,0.0
res_015,restaurants,sex,man,Rank,3,Elicit,0.6,0.6,0.0
res_015,restaurants,sex,man,Rank,3,Retrieve,0.5,0.5,0.0
res_015,restaurants,sex,man,Rank,3,Rank,0.8287220408669542,0.8287220408669542,0.0
res_015,restaurants,sex,man,Rank,3,Explain,1.0,1.0,0.0
res_015,restaurants,sex,man,Rank,3,Memory,1.0,1.0,0.0
res_015,restaurants,sex,woman,Rank,3,Elicit,0.6,0.6,0.0
res_015,restaurants,sex,woman,Rank,3,Retrieve,0.5,0.5,0.0
res_015,restaurants,sex,woman,Rank,3,Rank,0.7995920017869975,0.8287220408669542,-0.029130039079956704
res_015,restaurants,sex,woman,Rank,3,Explain,1.0,1.0,0.0
res_015,restaurants,sex,woman,Rank,3,Memory,1.0,1.0,0.0
res_016,restaurants,sex,man,Explain,0,Elicit,0.6,0.6,0.0
res_016,restaurants,sex,man,Explain,0,Retrieve,0.5,0.5,0.0
res_016,restaurants,sex,man,Explain,0,Rank,0.9693822572944326,0.9693822572944326,0.0
res_016,restaurants,sex,man,Explain,0,Explain,0.6666666666666666,1.0,-0.33333333333333337
res_016,restaurants,sex,man,Explain,0,Memory,0.75,1.0,-0.25
res_016,restaurants,sex,woman,Explain,0,Elicit,0.6,0.6,0.0
res_016,restaurants,sex,woman,Explain,0,Retrieve,0.5,0.5,0.0
res_016,restaurants,sex,woman,Explain,0,Rank,0.9693822572944326,0.9693822572944326,0.0
res_016,restaurants,sex,woman,Explain,0,Explain,1.0,1.0,0.0
res_016,restaurants,sex,woman,Explain,0,Memory,1.0,1.0,0.0
res_016,restaurants,sex,man,Explain,1,Elicit,0.6,0.6,0.0
res_016,restaurants,sex,man,Explain,1,Retrieve,0.2,0.2,0.0
res_016,restaurants,sex,man,Explain,1,Rank,0.6849924778378138,0.6849924778378138,0.0
res_016,restaurants,sex,man,Explain,1,Explain,0.6666666666666666,1.0,-0.33333333333333337
res_016,restaurants,sex,man,Explain,1,Memory,0.75,1.0,-0.25
res_016,restaurants,sex,woman,Explain,1,Elicit,0.6,0.6,0.0
res_016,restaurants,sex,woman,Explain,1,Retrieve,0.2,0.2,0.0
res_016,restaurants,sex,woman,Explain,1,Rank,0.6849924778378138,0.6849924778378138,0.0
res_016,restaurants,sex,woman,Explain,1,Explain,1.0,1.0,0.0
res_016,restaurants,sex,woman,Explain,1,Memory,1.0,1.0,0.0
res_016,restaurants,sex,man,Explain,2,Elicit,0.8,0.8,0.0
res_016,restaurants,sex,man,Explain,2,Retrieve,0.2,0.2,0.0
res_016,restaurants,sex,man,Explain,2,Rank,0.6849924778378138,0.6849924778378138,0.0
res_016,restaurants,sex,man,Explain,2,Explain,0.6666666666666666,1.0,-0.33333333333333337
res_016,restaurants,sex,man,Explain,2,Memory,0.75,1.0,-0.25
res_016,restaurants,sex,woman,Explain,2,Elicit,0.8,0.8,0.0
res_016,restaurants,sex,woman,Explain,2,Retrieve,0.2,0.2,0.0
res_016,restaurants,sex,woman,Explain,2,Rank,0.6849924778378138,0.6849924778378138,0.0
res_016,restaurants,sex,woman,Explain,2,Explain,1.0,1.0,0.0
res_016,restaurants,sex,woman,Explain,2,Memory,1.0,1.0,0.0
res_016,restaurants,sex,man,Explain,3,Elicit,0.8,0.8,0.0
res_016,restaurants,sex,man,Explain,3,Retrieve,0.2,0.2,0.0
res_016,restaurants,sex,man,Explain,3,Rank,0.6849924778378138,0.6849924778378138,0.0
res_016,restaurants,sex,man,Explain,3,Explain,0.6666666666666666,1.0,-0.33333333333333337
res_016,restaurants,sex,man,Explain,3,Memory,0.75,1.0,-0.25
res_016,restaurants,sex,woman,Explain,3,Elicit,0.8,0.8,0.0
res_016,restaurants,sex,woman,Explain,3,Retrieve,0.2,0.2,0.0
res_016,restaurants,sex,woman,Explain,3,Rank,0.6849924778378138,0.6849924778378138,0.0
res_016,restaurants,sex,woman,Explain,3,Explain,1.0,1.0,0.0
res_016,restaurants,sex,woman,Explain,3,Memory,1.0,1.0,0.0
res_017,restaurants,sex,man,Memory,0,Elicit,0.3333333333333333,0.3333333333333333,0.0
res_017,restaurants,sex,man,Memory,0,Retrieve,0.5,0.5,0.0
res_017,restaurants,sex,man,Memory,0,Rank,0.9814113168847011,0.9814113168847011,0.0
res_017,restaurants,sex,man,Memory,0,Explain,1.0,1.0,0.0
res_017,restaurants,sex,man,Memory,0,Memory,1.0,1.0,0.0
res_017,restaurants,sex,woman,Memory,0,Elicit,0.3333333333333333,0.3333333333333333,0.0
res_017,restaurants,sex,woman,Memory,0,Retrieve,0.5,0.5,0.0
res_017,restaurants,sex,woman,Memory,0,Rank,0.9814113168847011,0.9814113168847011,0.0
res_017,restaurants,sex,woman,Memory,0,Explain,1.0,1.0,0.0
res_017,restaurants,sex,woman,Memory,0,Memory,0.6666666666666666,1.0,-0.33333333333333337
res_017,restaurants,sex,man,Memory,1,Elicit,0.5,0.5,0.0
res_017,restaurants,sex,man,Memory,1,Retrieve,0.5,0.5,0.0
res_017,restaurants,sex,man,Memory,1,Rank,0.7599870326880791,0.7599870326880791,0.0
res_017,restaurants,sex,man,Memory,1,Explain,1.0,1.0,0.0
res_017,restaurants,sex,man,Memory,1,Memory,1.0,1.0,0.0
res_017,restaurants,sex,woman,Memory,1,Elicit,0.5,0.5,0.0
res_017,restaurants,sex,woman,Memory,1,Retrieve,0.5,0.5,0.0
res_017,restaurants,sex,woman,Memory,1,Rank,0.7599870326880791,0.7599870326880791,0.0
res_017,restaurants,sex,woman,Memory,1,Explain,1.0,1.0,0.0
res_017,restaurants,sex,woman,Memory,1,Memory,0.6666666666666666,1.0,-0.33333333333333337
res_017,restaurants,sex,man,Memory,2,Elicit,0.5,0.5,0.0
res_017,restaurants,sex,man,Memory,2,Retrieve,0.5,0.5,0.0
res_017,restaurants,sex,man,Memory,2,Rank,0.7203066842470647,0.7203066842470647,0.0
res_017,restaurants,sex,man,Memory,2,Explain,1.0,1.0,0.0
res_017,restaurants,sex,man,Memory,2,Memory,1.0,1.0,0.0
res_017,restaurants,sex,woman,Memory,2,Elicit,0.5,0.5,0.0
res_017,restaurants,sex,woman,Memory,2,Retrieve,0.5,0.5,0.0
res_017,restaurants,sex,woman,Memory,2,Rank,0.7203066842470647,0.7203066842470647,0.0
res_017,restaurants,sex,woman,Memory,2,Explain,1.0,1.0,0.0
res_017,restaurants,sex,woman,Memory,2,Memory,0.6666666666666666,1.0,-0.33333333333333337
res_017,restaurants,sex,man,Memory,3,Elicit,0.5,0.5,0.0
res_017,restaurants,sex,man,Memory,3,Retrieve,0.5,0.5,0.0
res_017,restaurants,sex,man,Memory,3,Rank,0.6981988474274462,0.6981988474274462,0.0
res_017,restaurants,sex,man,Memory,3,Explain,1.0,1.0,0.0
res_017,restaurants,sex,man,Memory,3,Memory,1.0,1.0,0.0
res_017,restaurants,sex,woman,Memory,3,Elicit,0.5,0.5,0.0
res_017,restaurants,sex,woman,Memory,3,Retrieve,0.5,0.5,0.0
res_017,restaurants,sex,woman,Memory,3,Rank,0.6981988474274462,0.6981988474274462,0.0
res_017,restaurants,sex,woman,Memory,3,Explain,1.0,1.0,0.0
res_017,restaurants,sex,woman,Memory,3,Memory,0.6666666666666666,1.0,-0.33333333333333337
res_018,restaurants,age,teen,none,0,Elicit,0.8,0.8,0.0
res_018,restaurants,age,teen,none,0,Retrieve,0.2,0.2,0.0
res_018,restaurants,age,teen,none,0,Rank,0.40773116037995194,0.40773116037995194,0.0
res_018,restaurants,age,teen,none,0,Explain,1.0,1.0,0.0
res_018,restaurants,age,teen,none,0,Memory,1.0,1.0,0.0
res_018,restaurants,age,young,none,0,Elicit,0.8,0.8,0.0
res_018,restaurants,age,young,none,0,Retrieve,0.2,0.2,0.0
res_018,restaurants,age,young,none,0,Rank,0.40773116037995194,0.40773116037995194,0.0
res_018,restaurants,age,young,none,0,Explain,1.0,1.0,0.0
res_018,restaurants,age,young,none,0,Memory,1.0,1.0,0.0
res_018,restaurants,age,adult,none,0,Elicit,0.8,0.8,0.0
res_018,restaurants,age,adult,none,0,Retrieve,0.2,0.2,0.0
res_018,restaurants,age,adult,none,0,Rank,0.40773116037995194,0.40773116037995194,0.0
res_018,restaurants,age,adult,none,0,Explain,1.0,1.0,0.0
res_018,restaurants,age,adult,none,0,Memory,1.0,1.0,0.0
res_018,restaurants,age,teen,none,1,Elicit,0.6,0.6,0.0
res_018,restaurants,age,teen,none,1,Retrieve,0.2,0.2,0.0
res_018,restaurants,age,teen,none,1,Rank,0.40773116037995194,0.40773116037995194,0.0
res_018,restaurants,age,teen,none,1,Explain,1.0,1.0,0.0
res_018,restaurants,age,teen,none,1,Memory,1.0,1.0,0.0
res_018,restaurants,age,young,none,1,Elicit,0.6,0.6,0.0
res_018,restaurants,age,young,none,1,Retrieve,0.2,0.2,0.0
res_018,restaurants,age,young,none,1,Rank,0.40773116037995194,0.40773116037995194,0.0
res_018,restaurants,age,young,none,1,Explain,1.0,1.0,0.0
res_018,restaurants,age,young,none,1,Memory,1.0,1.0,0.0
res_018,restaurants,age,adult,none,1,Elicit,0.6,0.6,0.0
res_018,restaurants,age,adult,none,1,Retrieve,0.2,0.2,0.0
res_018,restaurants,age,adult,none,1,Rank,0.40773116037995194,0.40773116037995194,0.0
res_018,restaurants,age,adult,none,1,Explain,1.0,1.0,0.0
res_018,restaurants,age,adult,none,1,Memory,1.0,1.0,0.0
res_018,restaurants,age,teen,none,2,Elicit,0.8,0.8,0.0
res_018,restaurants,age,teen,none,2,Retrieve,0.2,0.2,0.0
res_018,restaurants,age,teen,none,2,Rank,0.4057390652562516,0.4057390652562516,0.0
res_018,restaurants,age,teen,none,2,Explain,1.0,1.0,0.0
res_018,restaurants,age,teen,none,2,Memory,1.0,1.0,0.0
res_018,restaurants,age,young,none,2,Elicit,0.8,0.8,0.0
res_018,restaurants,age,young,none,2,Retrieve,0.2,0.2,0.0
res_018,restaurants,age,young,none,2,Rank,0.4057390652562516,0.4057390652562516,0.0
res_018,restaurants,age,young,none,2,Explain,1.0,1.0,0.0
res_018,restaurants,age,young,none,2,Memory,1.0,1.0,0.0
res_018,restaurants,age,adult,none,2,Elicit,0.8,0.8,0.0
res_018,restaurants,age,adult,none,2,Retrieve,0.2,0.2,0.0
res_018,restaurants,age,adult,none,2,Rank,0.4057390652562516,0.4057390652562516,0.0
res_018,restaurants,age,adult,none,2,Explain,1.0,1.0,0.0
res_018,restaurants,age,adult,none,2,Memory,1.0,1.0,0.0
res_018,restaurants,age,teen,none,3,Elicit,0.8,0.8,0.0
res_018,restaurants,age,teen,none,3,Retrieve,0.2,0.2,0.0
res_018,restaurants,age,teen,none,3,Rank,0.40773116037995194,0.40773116037995194,0.0
res_018,restaurants,age,teen,none,3,Explain,1.0,1.0,0.0
res_018,restaurants,age,teen,none,3,Memory,1.0,1.0,0.0
res_018,restaurants,age,young,none,3,Elicit,0.8,0.8,0.0
res_018,restaurants,age,young,none,3,Retrieve,0.2,0.2,0.0
res_018,restaurants,age,young,none,3,Rank,0.40773116037995194,0.40773116037995194,0.0
res_018,restaurants,age,young,none,3,Explain,1.0,1.0,0.0
res_018,restaurants,age,young,none,3,Memory,1.0,1.0,0.0
res_018,restaurants,age,adult,none,3,Elicit,0.8,0.8,0.0
res_018,restaurants,age,adult,none,3,Retrieve,0.2,0.2,0.0
res_018,restaurants,age,adult,none,3,Rank,0.40773116037995194,0.40773116037995194,0.0
res_018,restaurants,age,adult,none,3,Explain,1.0,1.0,0.0
res_018,restaurants,age,adult,none,3,Memory,1.0,1.0,0.0
res_019,restaurants,age,teen,Elicit,0,Elicit,0.5,0.5,0.0
res_019,restaurants,age,teen,Elicit,0,Retrieve,0.5,0.5,0.0
res_019,restaurants,age,teen,Elicit,0,Rank,0.7794777687327903,0.7794777687327903,0.0
res_019,restaurants,age,teen,Elicit,0,Explain,1.0,1.0,0.0
res_019,restaurants,age,teen,Elicit,0,Memory,1.0,1.0,0.0
res_019,restaurants,age,young,Elicit,0,Elicit,0.5,0.5,0.0
res_019,restaurants,age,young,Elicit,0,Retrieve,0.5,0.5,0.0
res_019,restaurants,age,young,Elicit,0,Rank,0.777999042348519,0.7794777687327903,-0.0014787263842712672
res_019,restaurants,age,young,Elicit,0,Explain,1.0,1.0,0.0
res_019,restaurants,age,young,Elicit,0,Memory,0.6666666666666666,1.0,-0.33333333333333337
res_019,restaurants,age,adult,Elicit,0,Elicit,0.5,0.5,0.0
res_019,restaurants,age,adult,Elicit,0,Retrieve,0.5,0.5,0.0
res_019,restaurants,age,adult,Elicit,0,Rank,0.7794777687327903,0.7794777687327903,0.0
res_019,restaurants,age,adult,Elicit,0,Explain,1.0,1.0,0.0
res_019,restaurants,age,adult,Elicit,0,Memory,1.0,1.0,0.0
res_019,restaurants,age,teen,Elicit,1,Elicit,0.5,0.5,0.0
res_019,restaurants,age,teen,Elicit,1,Retrieve,0.5,0.5,0.0
res_019,restaurants,age,teen,Elicit,1,Rank,0.7929555464167487,0.7929555464167487,0.0
res_019,restaurants,age,teen,Elicit,1,Explain,1.0,1.0,0.0
res_019,restaurants,age,teen,Elicit,1,Memory,1.0,1.0,0.0
res_019,restaurants,age,young,Elicit,1,Elicit,0.5,0.5,0.0
res_019,restaurants,age,young,Elicit,1,Retrieve,0.1,0.5,-0.4
res_019,restaurants,age,young,Elicit,1,Rank,0.17451242920128254,0.7929555464167487,-0.6184431172154662
res_019,restaurants,age,young,Elicit,1,Explain,1.0,1.0,0.0
res_019,restaurants,age,young,Elicit,1,Memory,0.6666666666666666,1.0,-0.33333333333333337
res_019,restaurants,age,adult,Elicit,1,Elicit,0.5,0.5,0.0
res_019,restaurants,age,adult,Elicit,1,Retrieve,0.5,0.5,0.0
res_019,restaurants,age,adult,Elicit,1,Rank,0.7929555464167487,0.7929555464167487,0.0
res_019,restaurants,age,adult,Elicit,1,Explain,1.0,1.0,0.0
res_019,restaurants,age,adult,Elicit,1,Memory,1.0,1.0,0.0
res_019,restaurants,age,teen,Elicit,2,Elicit,0.5,0.5,0.0
res_019,restaurants,age,teen,Elicit,2,Retrieve,0.5,0.5,0.0
res_019,restaurants,age,teen,Elicit,2,Rank,0.780589412698773,0.780589412698773,0.0
res_019,restaurants,age,teen,Elicit,2,Explain,1.0,1.0,0.0
res_019,restaurants,age,teen,Elicit,2,Memory,1.0,1.0,0.0
res_019,restaurants,age,young,Elicit,2,Elicit,0.5,0.5,0.0
res_019,restaurants,age,young,Elicit,2,Retrieve,0.5,0.5,0.0
res_019,restaurants,age,young,Elicit,2,Rank,0.7791106863145018,0.780589412698773,-0.0014787263842712672
res_019,restaurants,age,young,Elicit,2,Explain,1.0,1.0,0.0
res_019,restaurants,age,young,Elicit,2,Memory,0.6666666666666666,1.0,-0.33333333333333337
res_019,restaurants,age,adult,Elicit,2,Elicit,0.5,0.5,0.0
res_019,restaurants,age,adult,Elicit,2,Retrieve,0.5,0.5,0.0
res_019,restaurants,age,adult,Elicit,2,Rank,0.780589412698773,0.780589412698773,0.0
res_019,restaurants,age,adult,Elicit,2,Explain,1.0,1.0,0.0
res_019,restaurants,age,adult,Elicit,2,Memory,1.0,1.0,0.0
res_019,restaurants,age,teen,Elicit,3,Elicit,0.5,0.5,0.0
res_019,restaurants,age,teen,Elicit,3,Retrieve,0.5,0.5,0.0
res_019,restaurants,age,teen,Elicit,3,Rank,0.8327868591858754,0.8327868591858754,0.0
res_019,restaurants,age,teen,Elicit,3,Explain,1.0,1.0,0.0
res_019,restaurants,age,teen,Elicit,3,Memory,1.0,1.0,0.0
res_019,restaurants,age,young,Elicit,3,Elicit,0.5,0.5,0.0
res_019,restaurants,age,young,Elicit,3,Retrieve,0.5,0.5,0.0
res_019,restaurants,age,young,Elicit,3,Rank,0.7919402387263673,0.8327868591858754,-0.04084662045950804
res_019,restaurants,age,young,Elicit,3,Explain,1.0,1.0,0.0
res_019,restaurants,age,young,Elicit,3,Memory,0.6666666666666666,1.0,-0.33333333333333337
res_019,restaurants,age,adult,Elicit,3,Elicit,0.5,0.5,0.0
res_019,restaurants,age,adult,Elicit,3,Retrieve,0.5,0.5,0.0
res_019,restaurants,age,adult,Elicit,3,Rank,0.8327868591858754,0.8327868591858754,0.0
res_019,restaurants,age,adult,Elicit,3,Explain,1.0,1.0,0.0
res_019,restaurants,age,adult,Elicit,3,Memory,1.0,1.0,0.0
res_020,restaurants,age,teen,Retrieve,0,Elicit,0.8,0.8,0.0
res_020,restaurants,age,teen,Retrieve,0,Retrieve,0.3,0.3,0.0
res_020,restaurants,age,teen,Retrieve,0,Rank,0.5615791571878603,0.5615791571878603,0.0
res_020,restaurants,age,teen,Retrieve,0,Explain,1.0,1.0,0.0
res_020,restaurants,age,teen,Retrieve,0,Memory,1.0,1.0,0.0
res_020,restaurants,age,young,Retrieve,0,Elicit,0.8,0.8,0.0
res_020,restaurants,age,young,Retrieve,0,Retrieve,0.3,0.3,0.0
res_020,restaurants,age,young,Retrieve,0,Rank,0.5615791571878603,0.5615791571878603,0.0
res_020,restaurants,age,young,Retrieve,0,Explain,1.0,1.0,0.0
res_020,restaurants,age,young,Retrieve,0,Memory,1.0,1.0,0.0
res_020,restaurants,age,adult,Retrieve,0,Elicit,0.8,0.8,0.0
res_020,restaurants,age,adult,Retrieve,0,Retrieve,0.1,0.3,-0.19999999999999998
res_020,restaurants,age,adult,Retrieve,0,Rank,0.33719783592872865,0.5615791571878603,-0.22438132125913168
res_020,restaurants,age,adult,Retrieve,0,Explain,1.0,1.0,0.0
res_020,restaurants,age,adult,Retrieve,0,Memory,1.0,1.0,0.0
res_020,restaurants,age,teen,Retrieve,1,Elicit,0.8,0.8,0.0
res_020,restaurants,age,teen,Retrieve,1,Retrieve,0.3,0.3,0.0
res_020,restaurants,age,teen,Retrieve,1,Rank,0.5433311364875334,0.5433311364875334,0.0
res_020,restaurants,age,teen,Retrieve,1,Explain,1.0,1.0,0.0
res_020,restaurants,age,teen,Retrieve,1,Memory,1.0,1.0,0.0
res_020,restaurants,age,young,Retrieve,1,Elicit,0.8,0.8,0.0
res_020,restaurants,age,young,Retrieve,1,Retrieve,0.3,0.3,0.0
res_020,restaurants,age,young,Retrieve,1,Rank,0.5433311364875334,0.5433311364875334,0.0
res_020,restaurants,age,young,Retrieve,1,Explain,1.0,1.0,0.0
res_020,restaurants,age,young,Retrieve,1,Memory,1.0,1.0,0.0
res_020,restaurants,age,adult,Retrieve,1,Elicit,0.8,0.8,0.0
res_020,restaurants,age,adult,Retrieve,1,Retrieve,0.1,0.3,-0.19999999999999998
res_020,restaurants,age,adult,Retrieve,1,Rank,0.33719783592872865,0.5433311364875334,-0.20613330055880474
res_020,restaurants,age,adult,Retrieve,1,Explain,1.0,1.0,0.0
res_020,restaurants,age,adult,Retrieve,1,Memory,1.0,1.0,0.0
res_020,restaurants,age,teen,Retrieve,2,Elicit,0.8,0.8,0.0
res_020,restaurants,age,teen,Retrieve,2,Retrieve,0.3,0.3,0.0
res_020,restaurants,age,teen,Retrieve,2,Rank,0.5618130640199666,0.5618130640199666,0.0
res_020,restaurants,age,teen,Retrieve,2,Explain,1.0,1.0,0.0
res_020,restaurants,age,teen,Retrieve,2,Memory,1.0,1.0,0.0
res_020,restaurants,age,young,Retrieve,2,Elicit,0.8,0.8,0.0
res_020,restaurants,age,young,Retrieve,2,Retrieve,0.3,0.3,0.0
res_020,restaurants,age,young,Retrieve,2,Rank,0.5618130640199666,0.5618130640199666,0.0
res_020,restaurants,age,young,Retrieve,2,Explain,1.0,1.0,0.0
res_020,restaurants,age,young,Retrieve,2,Memory,1.0,1.0,0.0
res_020,restaurants,age,adult,Retrieve,2,Elicit,0.8,0.8,0.0
res_020,restaurants,age,adult,Retrieve,2,Retrieve,0.1,0.3,-0.19999999999999998
res_020,restaurants,age,adult,Retrieve,2,Rank,0.33719783592872865,0.5618130640199666,-0.2246152280912379
res_020,restaurants,age,adult,Retrieve,2,Explain,1.0,1.0,0.0
res_020,restaurants,age,adult,Retrieve,2,Memory,1.0,1.0,0.0
res_020,restaurants,age,teen,Retrieve,3,Elicit,0.8,0.8,0.0
res_020,restaurants,age,teen,Retrieve,3,Retrieve,0.3,0.3,0.0
res_020,restaurants,age,teen,Retrieve,3,Rank,0.5430730227137798,0.5430730227137798,0.0
res_020,restaurants,age,teen,Retrieve,3,Explain,1.0,1.0,0.0
res_020,restaurants,age,teen,Retrieve,3,Memory,1.0,1.0,0.0
res_020,restaurants,age,young,Retrieve,3,Elicit,0.8,0.8,0.0
res_020,restaurants,age,young,Retrieve,3,Retrieve,0.3,0.3,0.0
res_020,restaurants,age,young,Retrieve,3,Rank,0.5430730227137798,0.5430730227137798,0.0
res_020,restaurants,age,young,Retrieve,3,Explain,1.0,1.0,0.0
res_020,restaurants,age,young,Retrieve,3,Memory,1.0,1.0,0.0
res_020,restaurants,age,adult,Retrieve,3,Elicit,0.8,0.8,0.0
res_020,restaurants,age,adult,Retrieve,3,Retrieve,0.1,0.3,-0.19999999999999998
res_020,restaurants,age,adult,Retrieve,3,Rank,0.33719783592872865,0.5430730227137798,-0.20587518678505112
res_020,restaurants,age,adult,Retrieve,3,Explain,1.0,1.0,0.0
res_020,restaurants,age,adult,Retrieve,3,Memory,1.0,1.0,0.0
res_021,restaurants,age,teen,Rank,0,Elicit,0.8,0.8,0.0
res_021,restaurants,age,teen,Rank,0,Retrieve,0.3,0.3,0.0
res_021,restaurants,age,teen,Rank,0,Rank,0.26311570939595225,0.3761677841636595,-0.11305207476770723
res_021,restaurants,age,teen,Rank,0,Explain,1.0,1.0,0.0
res_021,restaurants,age,teen,Rank,0,Memory,1.0,1.0,0.0
res_021,restaurants,age,young,Rank,0,Elicit,0.8,0.8,0.0
res_021,restaurants,age,young,Rank,0,Retrieve,0.3,0.3,0.0
res_021,restaurants,age,young,Rank,0,Rank,0.3761677841636595,0.3761677841636595,0.0
res_021,restaurants,age,young,Rank,0,Explain,1.0,1.0,0.0
res_021,restaurants,age,young,Rank,0,Memory,1.0,1.0,0.0
res_021,restaurants,age,adult,Rank,0,Elicit,0.8,0.8,0.0
res_021,restaurants,age,adult,Rank,0,Retrieve,0.3,0.3,0.0
res_021,restaurants,age,adult,Rank,0,Rank,0.3761677841636595,0.3761677841636595,0.0
res_021,restaurants,age,adult,Rank,0,Explain,1.0,1.0,0.0
res_021,restaurants,age,adult,Rank,0,Memory,1.0,1.0,0.0
res_021,restaurants,age,teen,Rank,1,Elicit,0.8,0.8,0.0
res_021,restaurants,age,teen,Rank,1,Retrieve,0.3,0.3,0.0
res_021,restaurants,age,teen,Rank,1,Rank,0.29925150657156196,0.41632084716596757,-0.1170693405944056
res_021,restaurants,age,teen,Rank,1,Explain,1.0,1.0,0.0
res_021,restaurants,age,teen,Rank,1,Memory,1.0,1.0,0.0
res_021,restaurants,age,young,Rank,1,Elicit,0.8,0.8,0.0
res_021,restaurants,age,young,Rank,1,Retrieve,0.3,0.3,0.0
res_021,restaurants,age,young,Rank,1,Rank,0.41632084716596757,0.41632084716596757,0.0
res_021,restaurants,age,young,Rank,1,Explain,1.0,1.0,0.0
res_021,restaurants,age,young,Rank,1,Memory,1.0,1.0,0.0
res_021,restaurants,age,adult,Rank,1,Elicit,0.8,0.8,0.0
res_021,restaurants,age,adult,Rank,1,Retrieve,0.3,0.3,0.0
res_021,restaurants,age,adult,Rank,1,Rank,0.41632084716596757,0.41632084716596757,0.0
res_021,restaurants,age,adult,Rank,1,Explain,1.0,1.0,0.0
res_021,restaurants,age,adult,Rank,1,Memory,1.0,1.0,0.0
res_021,restaurants,age,teen,Rank,2,Elicit,0.8,0.8,0.0
res_021,restaurants,age,teen,Rank,2,Retrieve,0.3,0.3,0.0
res_021,restaurants,age,teen,Rank,2,Rank,0.2621617268771752,0.41116725873067034,-0.14900553185349513
res_021,restaurants,age,teen,Rank,2,Explain,1.0,1.0,0.0
res_021,restaurants,age,teen,Rank,2,Memory,1.0,1.0,0.0
res_021,restaurants,age,young,Rank,2,Elicit,0.8,0.8,0.0
res_021,restaurants,age,young,Rank,2,Retrieve,0.3,0.3,0.0
res_021,restaurants,age,young,Rank,2,Rank,0.41116725873067034,0.41116725873067034,0.0
res_021,restaurants,age,young,Rank,2,Explain,1.0,1.0,0.0
res_021,restaurants,age,young,Rank,2,Memory,1.0,1.0,0.0
res_021,restaurants,age,adult,Rank,2,Elicit,0.8,0.8,0.0
res_021,restaurants,age,adult,Rank,2,Retrieve,0.3,0.3,0.0
res_021,restaurants,age,adult,Rank,2,Rank,0.41116725873067034,0.41116725873067034,0.0
res_021,restaurants,age,adult,Rank,2,Explain,1.0,1.0,0.0
res_021,restaurants,age,adult,Rank,2,Memory,1.0,1.0,0.0
res_021,restaurants,age,teen,Rank,3,Elicit,0.6,0.6,0.0
res_021,restaurants,age,teen,Rank,3,Retrieve,0.3,0.3,0.0
res_021,restaurants,age,teen,Rank,3,Rank,0.3203856790862255,0.47931387051767976,-0.15892819143145426
res_021,restaurants,age,teen,Rank,3,Explain,1.0,1.0,0.0
res_021,restaurants,age,teen,Rank,3,Memory,1.0,1.0,0.0
res_021,restaurants,age,young,Rank,3,Elicit,0.6,0.6,0.0
res_021,restaurants,age,young,Rank,3,Retrieve,0.3,0.3,0.0
res_021,restaurants,age,young,Rank,3,Rank,0.47931387051767976,0.47931387051767976,0.0
res_021,restaurants,age,young,Rank,3,Explain,1.0,1.0,0.0
res_021,restaurants,age,young,Rank,3,Memory,1.0,1.0,0.0
res_021,restaurants,age,adult,Rank,3,Elicit,0.6,0.6,0.0
res_021,restaurants,age,adult,Rank,3,Retrieve,0.3,0.3,0.0
res_021,restaurants,age,adult,Rank,3,Rank,0.47931387051767976,0.47931387051767976,0.0
res_021,restaurants,age,adult,Rank,3,Explain,1.0,1.0,0.0
res_021,restaurants,age,adult,Rank,3,Memory,1.0,1.0,0.0
res_022,restaurants,age,teen,Explain,0,Elicit,0.5,0.5,0.0
res_022,restaurants,age,teen,Explain,0,Retrieve,0.5,0.5,0.0
res_022,restaurants,age,teen,Explain,0,Rank,0.5743863945186054,0.5743863945186054,0.0
res_022,restaurants,age,teen,Explain,0,Explain,1.0,1.0,0.0
res_022,restaurants,age,teen,Explain,0,Memory,1.0,1.0,0.0
res_022,restaurants,age,young,Explain,0,Elicit,0.5,0.5,0.0
res_022,restaurants,age,young,Explain,0,Retrieve,0.5,0.5,0.0
res_022,restaurants,age,young,Explain,0,Rank,0.5743863945186054,0.5743863945186054,0.0
res_022,restaurants,age,young,Explain,0,Explain,1.0,1.0,0.0
res_022,restaurants,age,young,Explain,0,Memory,0.6666666666666666,1.0,-0.33333333333333337
res_022,restaurants,age,adult,Explain,0,Elicit,0.5,0.5,0.0
res_022,restaurants,age,adult,Explain,0,Retrieve,0.5,0.5,0.0
res_022,restaurants,age,adult,Explain,0,Rank,0.5743863945186054,0.5743863945186054,0.0
res_022,restaurants,age,adult,Explain,0,Explain,1.0,1.0,0.0
res_022,restaurants,age,adult,Explain,0,Memory,1.0,1.0,0.0
res_022,restaurants,age,teen,Explain,1,Elicit,0.5,0.5,0.0
res_022,restaurants,age,teen,Explain,1,Retrieve,0.5,0.5,0.0
res_022,restaurants,age,teen,Explain,1,Rank,0.6902942154102687,0.6902942154102687,0.0
res_022,restaurants,age,teen,Explain,1,Explain,1.0,1.0,0.0
res_022,restaurants,age,teen,Explain,1,Memory,1.0,1.0,0.0
res_022,restaurants,age,young,Explain,1,Elicit,0.5,0.5,0.0
res_022,restaurants,age,young,Explain,1,Retrieve,0.5,0.5,0.0
res_022,restaurants,age,young,Explain,1,Rank,0.6902942154102687,0.6902942154102687,0.0
res_022,restaurants,age,young,Explain,1,Explain,0.5,1.0,-0.5
res_022,restaurants,age,young,Explain,1,Memory,0.6666666666666666,1.0,-0.33333333333333337
res_022,restaurants,age,adult,Explain,1,Elicit,0.5,0.5,0.0
res_022,restaurants,age,adult,Explain,1,Retrieve,0.5,0.5,0.0
res_022,restaurants,age,adult,Explain,1,Rank,0.6902942154102687,0.6902942154102687,0.0
res_022,restaurants,age,adult,Explain,1,Explain,1.0,1.0,0.0
res_022,restaurants,age,adult,Explain,1,Memory,1.0,1.0,0.0
res_022,restaurants,age,teen,Explain,2,Elicit,0.5,0.5,0.0
res_022,restaurants,age,teen,Explain,2,Retrieve,0.5,0.5,0.0
res_022,restaurants,age,teen,Explain,2,Rank,0.7712426971016958,0.7712426971016958,0.0
res_022,restaurants,age,teen,Explain,2,Explain,1.0,1.0,0.0
res_022,restaurants,age,teen,Explain,2,Memory,1.0,1.0,0.0
res_022,restaurants,age,young,Explain,2,Elicit,0.5,0.5,0.0
res_022,restaurants,age,young,Explain,2,Retrieve,0.5,0.5,0.0
res_022,restaurants,age,young,Explain,2,Rank,0.7712426971016958,0.7712426971016958,0.0
res_022,restaurants,age,young,Explain,2,Explain,0.5,1.0,-0.5
res_022,restaurants,age,young,Explain,2,Memory,0.6666666666666666,1.0,-0.33333333333333337
res_022,restaurants,age,adult,Explain,2,Elicit,0.5,0.5,0.0
res_022,restaurants,age,adult,Explain,2,Retrieve,0.5,0.5,0.0
res_022,restaurants,age,adult,Explain,2,Rank,0.7712426971016958,0.7712426971016958,0.0
res_022,restaurants,age,adult,Explain,2,Explain,1.0,1.0,0.0
res_022,restaurants,age,adult,Explain,2,Memory,1.0,1.0,0.0
res_022,restaurants,age,teen,Explain,3,Elicit,0.5,0.5,0.0
res_022,restaurants,age,teen,Explain,3,Retrieve,0.5,0.5,0.0
res_022,restaurants,age,teen,Explain,3,Rank,0.5956043203361844,0.5956043203361844,0.0
res_022,restaurants,age,teen,Explain,3,Explain,1.0,1.0,0.0
res_022,restaurants,age,teen,Explain,3,Memory,1.0,1.0,0.0
res_022,restaurants,age,young,Explain,3,Elicit,0.5,0.5,0.0
res_022,restaurants,age,young,Explain,3,Retrieve,0.5,0.5,0.0
res_022,restaurants,age,young,Explain,3,Rank,0.5956043203361844,0.5956043203361844,0.0
res_022,restaurants,age,young,Explain,3,Explain,1.0,1.0,0.0
res_022,restaurants,age,young,Explain,3,Memory,0.6666666666666666,1.0,-0.33333333333333337
res_022,restaurants,age,adult,Explain,3,Elicit,0.5,0.5,0.0
res_022,restaurants,age,adult,Explain,3,Retrieve,0.5,0.5,0.0
res_022,restaurants,age,adult,Explain,3,Rank,0.5956043203361844,0.5956043203361844,0.0
res_022,restaurants,age,adult,Explain,3,Explain,1.0,1.0,0.0
res_022,restaurants,age,adult,Explain,3,Memory,1.0,1.0,0.0
res_023,restaurants,age,teen,Memory,0,Elicit,0.5,0.5,0.0
res_023,restaurants,age,teen,Memory,0,Retrieve,0.4,0.4,0.0
res_023,restaurants,age,teen,Memory,0,Rank,0.8118215620950807,0.8118215620950807,0.0
res_023,restaurants,age,teen,Memory,0,Explain,1.0,1.0,0.0
res_023,restaurants,age,teen,Memory,0,Memory,1.0,1.0,0.0
res_023,restaurants,age,young,Memory,0,Elicit,0.5,0.5,0.0
res_023,restaurants,age,young,Memory,0,Retrieve,0.4,0.4,0.0
res_023,restaurants,age,young,Memory,0,Rank,0.8118215620950807,0.8118215620950807,0.0
res_023,restaurants,age,young,Memory,0,Explain,1.0,1.0,0.0
res_023,restaurants,age,young,Memory,0,Memory,1.0,1.0,0.0
res_023,restaurants,age,adult,Memory,0,Elicit,0.5,0.5,0.0
res_023,restaurants,age,adult,Memory,0,Retrieve,0.4,0.4,0.0
res_023,restaurants,age,adult,Memory,0,Rank,0.8118215620950807,0.8118215620950807,0.0
res_023,restaurants,age,adult,Memory,0,Explain,1.0,1.0,0.0
res_023,restaurants,age,adult,Memory,0,Memory,0.6666666666666666,1.0,-0.33333333333333337
res_023,restaurants,age,teen,Memory,1,Elicit,0.5,0.5,0.0
res_023,restaurants,age,teen,Memory,1,Retrieve,0.4,0.4,0.0
res_023,restaurants,age,teen,Memory,1,Rank,0.7544500880951013,0.7544500880951013,0.0
res_023,restaurants,age,teen,Memory,1,Explain,1.0,1.0,0.0
res_023,restaurants,age,teen,Memory,1,Memory,1.0,1.0,0.0
res_023,restaurants,age,young,Memory,1,Elicit,0.5,0.5,0.0
res_023,restaurants,age,young,Memory,1,Retrieve,0.4,0.4,0.0
res_023,restaurants,age,young,Memory,1,Rank,0.7544500880951013,0.7544500880951013,0.0
res_023,restaurants,age,young,Memory,1,Explain,1.0,1.0,0.0
res_023,restaurants,age,young,Memory,1,Memory,1.0,1.0,0.0
res_023,restaurants,age,adult,Memory,1,Elicit,0.5,0.5,0.0
res_023,restaurants,age,adult,Memory,1,Retrieve,0.4,0.4,0.0
res_023,restaurants,age,adult,Memory,1,Rank,0.7544500880951013,0.7544500880951013,0.0
res_023,restaurants,age,adult,Memory,1,Explain,1.0,1.0,0.0
res_023,restaurants,age,adult,Memory,1,Memory,0.6666666666666666,1.0,-0.33333333333333337
res_023,restaurants,age,teen,Memory,2,Elicit,0.5,0.5,0.0
res_023,restaurants,age,teen,Memory,2,Retrieve,0.4,0.4,0.0
res_023,restaurants,age,teen,Memory,2,Rank,0.9378729309060395,0.9378729309060395,0.0
res_023,restaurants,age,teen,Memory,2,Explain,1.0,1.0,0.0
res_023,restaurants,age,teen,Memory,2,Memory,1.0,1.0,0.0
res_023,restaurants,age,young,Memory,2,Elicit,0.5,0.5,0.0
res_023,restaurants,age,young,Memory,2,Retrieve,0.4,0.4,0.0
res_023,restaurants,age,young,Memory,2,Rank,0.9378729309060395,0.9378729309060395,0.0
res_023,restaurants,age,young,Memory,2,Explain,1.0,1.0,0.0
res_023,restaurants,age,young,Memory,2,Memory,1.0,1.0,0.0
res_023,restaurants,age,adult,Memory,2,Elicit,0.5,0.5,0.0
res_023,restaurants,age,adult,Memory,2,Retrieve,0.4,0.4,0.0
res_023,restaurants,age,adult,Memory,2,Rank,0.9378729309060395,0.9378729309060395,0.0
res_023,restaurants,age,adult,Memory,2,Explain,1.0,1.0,0.0
res_023,restaurants,age,adult,Memory,2,Memory,0.6666666666666666,1.0,-0.33333333333333337
res_023,restaurants,age,teen,Memory,3,Elicit,0.5,0.5,0.0
res_023,restaurants,age,teen,Memory,3,Retrieve,0.4,0.4,0.0
res_023,restaurants,age,teen,Memory,3,Rank,0.8521532830287565,0.8521532830287565,0.0
res_023,restaurants,age,teen,Memory,3,Explain,1.0,1.0,0.0
res_023,restaurants,age,teen,Memory,3,Memory,1.0,1.0,0.0
res_023,restaurants,age,young,Memory,3,Elicit,0.5,0.5,0.0
res_023,restaurants,age,young,Memory,3,Retrieve,0.4,0.4,0.0
res_023,restaurants,age,young,Memory,3,Rank,0.8521532830287565,0.8521532830287565,0.0
res_023,restaurants,age,young,Memory,3,Explain,1.0,1.0,0.0
res_023,restaurants,age,young,Memory,3,Memory,1.0,1.0,0.0
res_023,restaurants,age,adult,Memory,3,Elicit,0.5,0.5,0.0
res_023,restaurants,age,adult,Memory,3,Retrieve,0.4,0.4,0.0
res_023,restaurants,age,adult,Memory,3,Rank,0.8521532830287565,0.8521532830287565,0.0
res_023,restaurants,age,adult,Memory,3,Explain,1.0,1.0,0.0
res_023,restaurants,age,adult,Memory,3,Memory,0.6666666666666666,1.0,-0.33333333333333337
