scenario_id,dataset,attribute,value,planted_stage,repeat,stage,sim_item,sim_pref
mov_000,movies,sex,man,none,0,Elicit,1.0,1.0
mov_000,movies,sex,man,none,0,Retrieve,1.0,1.0
mov_000,movies,sex,man,none,0,Rank,1.0,1.0
mov_000,movies,sex,man,none,0,Explain,1.0,1.0
mov_000,movies,sex,man,none,0,Memory,1.0,1.0
mov_000,movies,sex,woman,none,0,Elicit,1.0,1.0
mov_000,movies,sex,woman,none,0,Retrieve,1.0,1.0
mov_000,movies,sex,woman,none,0,Rank,1.0,1.0
mov_000,movies,sex,woman,none,0,Explain,1.0,1.0
mov_000,movies,sex,woman,none,0,Memory,1.0,1.0
mov_000,movies,sex,man,none,1,Elicit,1.0,1.0
mov_000,movies,sex,man,none,1,Retrieve,1.0,1.0
mov_000,movies,sex,man,none,1,Rank,1.0,1.0
mov_000,movies,sex,man,none,1,Explain,1.0,1.0
mov_000,movies,sex,man,none,1,Memory,1.0,1.0
mov_000,movies,sex,woman,none,1,Elicit,1.0,1.0
mov_000,movies,sex,woman,none,1,Retrieve,1.0,1.0
mov_000,movies,sex,woman,none,1,Rank,1.0,1.0
mov_000,movies,sex,woman,none,1,Explain,1.0,1.0
mov_000,movies,sex,woman,none,1,Memory,1.0,1.0
mov_000,movies,sex,man,none,2,Elicit,1.0,1.0
mov_000,movies,sex,man,none,2,Retrieve,1.0,1.0
mov_000,movies,sex,man,none,2,Rank,1.0,1.0
mov_000,movies,sex,man,none,2,Explain,1.0,1.0
mov_000,movies,sex,man,none,2,Memory,1.0,1.0
mov_000,movies,sex,woman,none,2,Elicit,1.0,1.0
mov_000,movies,sex,woman,none,2,Retrieve,1.0,1.0
mov_000,movies,sex,woman,none,2,Rank,1.0,1.0
mov_000,movies,sex,woman,none,2,Explain,1.0,1.0
mov_000,movies,sex,woman,none,2,Memory,1.0,1.0
mov_000,movies,sex,man,none,3,Elicit,1.0,1.0
mov_000,movies,sex,man,none,3,Retrieve,1.0,1.0
mov_000,movies,sex,man,none,3,Rank,1.0,1.0
mov_000,movies,sex,man,none,3,Explain,1.0,1.0
mov_000,movies,sex,man,none,3,Memory,1.0,1.0
mov_000,movies,sex,woman,none,3,Elicit,1.0,1.0
mov_000,movies,sex,woman,none,3,Retrieve,1.0,1.0
mov_000,movies,sex,woman,none,3,Rank,1.0,1.0
mov_000,movies,sex,woman,none,3,Explain,1.0,1.0
mov_000,movies,sex,woman,none,3,Memory,1.0,1.0
mov_001,movies,sex,man,Elicit,0,Elicit,1.0,1.0
mov_001,movies,sex,man,Elicit,0,Retrieve,1.0,1.0
mov_001,movies,sex,man,Elicit,0,Rank,1.0,1.0
mov_001,movies,sex,man,Elicit,0,Explain,1.0,1.0
mov_001,movies,sex,man,Elicit,0,Memory,1.0,1.0
mov_001,movies,sex,woman,Elicit,0,Elicit,0.6666666666666666,1.0
mov_001,movies,sex,woman,Elicit,0,Retrieve,1.0,1.0
mov_001,movies,sex,woman,Elicit,0,Rank,0.8280000000000001,0.8280000000000001
mov_001,movies,sex,woman,Elicit,0,Explain,0.5,0.5
mov_001,movies,sex,woman,Elicit,0,Memory,0.6666666666666666,1.0
mov_001,movies,sex,man,Elicit,1,Elicit,1.0,1.0
mov_001,movies,sex,man,Elicit,1,Retrieve,1.0,1.0
mov_001,movies,sex,man,Elicit,1,Rank,1.0,1.0
mov_001,movies,sex,man,Elicit,1,Explain,1.0,1.0
mov_001,movies,sex,man,Elicit,1,Memory,1.0,1.0
mov_001,movies,sex,woman,Elicit,1,Elicit,0.6666666666666666,1.0
mov_001,movies,sex,woman,Elicit,1,Retrieve,0.19999999999999996,0.19999999999999996
mov_001,movies,sex,woman,Elicit,1,Rank,0.221445,0.221445
mov_001,movies,sex,woman,Elicit,1,Explain,0.5,0.5
mov_001,movies,sex,woman,Elicit,1,Memory,0.6666666666666666,1.0
mov_001,movies,sex,man,Elicit,2,Elicit,1.0,1.0
mov_001,movies,sex,man,Elicit,2,Retrieve,1.0,1.0
mov_001,movies,sex,man,Elicit,2,Rank,1.0,1.0
mov_001,movies,sex,man,Elicit,2,Explain,1.0,1.0
mov_001,movies,sex,man,Elicit,2,Memory,1.0,1.0
mov_001,movies,sex,woman,Elicit,2,Elicit,0.6666666666666666,0.5
mov_001,movies,sex,woman,Elicit,2,Retrieve,1.0,1.0
mov_001,movies,sex,woman,Elicit,2,Rank,1.0,1.0
mov_001,movies,sex,woman,Elicit,2,Explain,0.5,0.5
mov_001,movies,sex,woman,Elicit,2,Memory,0.6666666666666666,1.0
mov_001,movies,sex,man,Elicit,3,Elicit,1.0,1.0
mov_001,movies,sex,man,Elicit,3,Retrieve,1.0,1.0
mov_001,movies,sex,man,Elicit,3,Rank,1.0,1.0
mov_001,movies,sex,man,Elicit,3,Explain,1.0,1.0
mov_001,movies,sex,man,Elicit,3,Memory,1.0,1.0
mov_001,movies,sex,woman,Elicit,3,Elicit,0.6666666666666666,1.0
mov_001,movies,sex,woman,Elicit,3,Retrieve,1.0,1.0
mov_001,movies,sex,woman,Elicit,3,Rank,0.678555,0.678555
mov_001,movies,sex,woman,Elicit,3,Explain,0.5,0.5
mov_001,movies,sex,woman,Elicit,3,Memory,0.6666666666666666,1.0
mov_002,movies,sex,man,Retrieve,0,Elicit,1.0,1.0
mov_002,movies,sex,man,Retrieve,0,Retrieve,0.16666666666666663,0.16666666666666663
mov_002,movies,sex,man,Retrieve,0,Rank,0.221445,0.221445
mov_002,movies,sex,man,Retrieve,0,Explain,1.0,1.0
mov_002,movies,sex,man,Retrieve,0,Memory,1.0,1.0
mov_002,movies,sex,woman,Retrieve,0,Elicit,1.0,1.0
mov_002,movies,sex,woman,Retrieve,0,Retrieve,1.0,1.0
mov_002,movies,sex,woman,Retrieve,0,Rank,1.0,1.0
mov_002,movies,sex,woman,Retrieve,0,Explain,1.0,1.0
mov_002,movies,sex,woman,Retrieve,0,Memory,1.0,1.0
mov_002,movies,sex,man,Retrieve,1,Elicit,1.0,1.0
mov_002,movies,sex,man,Retrieve,1,Retrieve,0.16666666666666663,0.16666666666666663
mov_002,movies,sex,man,Retrieve,1,Rank,0.17644499999999996,0.17644500000000002
mov_002,movies,sex,man,Retrieve,1,Explain,1.0,1.0
mov_002,movies,sex,man,Retrieve,1,Memory,1.0,1.0
mov_002,movies,sex,woman,Retrieve,1,Elicit,1.0,1.0
mov_002,movies,sex,woman,Retrieve,1,Retrieve,1.0,1.0
mov_002,movies,sex,woman,Retrieve,1,Rank,1.0,1.0
mov_002,movies,sex,woman,Retrieve,1,Explain,1.0,1.0
mov_002,movies,sex,woman,Retrieve,1,Memory,1.0,1.0
mov_002,movies,sex,man,Retrieve,2,Elicit,1.0,1.0
mov_002,movies,sex,man,Retrieve,2,Retrieve,0.16666666666666663,0.16666666666666663
mov_002,movies,sex,man,Retrieve,2,Rank,0.28066500000000005,0.28066500000000005
mov_002,movies,sex,man,Retrieve,2,Explain,1.0,1.0
mov_002,movies,sex,man,Retrieve,2,Memory,1.0,1.0
mov_002,movies,sex,woman,Retrieve,2,Elicit,1.0,1.0
mov_002,movies,sex,woman,Retrieve,2,Retrieve,1.0,1.0
mov_002,movies,sex,woman,Retrieve,2,Rank,1.0,1.0
mov_002,movies,sex,woman,Retrieve,2,Explain,1.0,1.0
mov_002,movies,sex,woman,Retrieve,2,Memory,1.0,1.0
mov_002,movies,sex,man,Retrieve,3,Elicit,1.0,1.0
mov_002,movies,sex,man,Retrieve,3,Retrieve,0.16666666666666663,0.16666666666666663
mov_002,movies,sex,man,Retrieve,3,Rank,0.17644499999999996,0.17644500000000002
mov_002,movies,sex,man,Retrieve,3,Explain,1.0,1.0
mov_002,movies,sex,man,Retrieve,3,Memory,1.0,1.0
mov_002,movies,sex,woman,Retrieve,3,Elicit,1.0,1.0
mov_002,movies,sex,woman,Retrieve,3,Retrieve,1.0,1.0
mov_002,movies,sex,woman,Retrieve,3,Rank,1.0,1.0
mov_002,movies,sex,woman,Retrieve,3,Explain,1.0,1.0
mov_002,movies,sex,woman,Retrieve,3,Memory,1.0,1.0
mov_003,movies,sex,man,Rank,0,Elicit,1.0,1.0
mov_003,movies,sex,man,Rank,0,Retrieve,1.0,1.0
mov_003,movies,sex,man,Rank,0,Rank,1.0,1.0
mov_003,movies,sex,man,Rank,0,Explain,1.0,1.0
mov_003,movies,sex,man,Rank,0,Memory,1.0,1.0
mov_003,movies,sex,woman,Rank,0,Elicit,1.0,1.0
mov_003,movies,sex,woman,Rank,0,Retrieve,1.0,1.0
mov_003,movies,sex,woman,Rank,0,Rank,0.809775,0.809775
mov_003,movies,sex,woman,Rank,0,Explain,0.5,0.5
mov_003,movies,sex,woman,Rank,0,Memory,1.0,1.0
mov_003,movies,sex,man,Rank,1,Elicit,1.0,1.0
mov_003,movies,sex,man,Rank,1,Retrieve,1.0,1.0
mov_003,movies,sex,man,Rank,1,Rank,1.0,1.0
mov_003,movies,sex,man,Rank,1,Explain,1.0,1.0
mov_003,movies,sex,man,Rank,1,Memory,1.0,1.0
mov_003,movies,sex,woman,Rank,1,Elicit,1.0,1.0
mov_003,movies,sex,woman,Rank,1,Retrieve,1.0,1.0
mov_003,movies,sex,woman,Rank,1,Rank,1.0,1.0
mov_003,movies,sex,woman,Rank,1,Explain,1.0,1.0
mov_003,movies,sex,woman,Rank,1,Memory,1.0,1.0
mov_003,movies,sex,man,Rank,2,Elicit,1.0,1.0
mov_003,movies,sex,man,Rank,2,Retrieve,1.0,1.0
mov_003,movies,sex,man,Rank,2,Rank,1.0,1.0
mov_003,movies,sex,man,Rank,2,Explain,1.0,1.0
mov_003,movies,sex,man,Rank,2,Memory,1.0,1.0
mov_003,movies,sex,woman,Rank,2,Elicit,1.0,1.0
mov_003,movies,sex,woman,Rank,2,Retrieve,1.0,1.0
mov_003,movies,sex,woman,Rank,2,Rank,1.0,1.0
mov_003,movies,sex,woman,Rank,2,Explain,1.0,1.0
mov_003,movies,sex,woman,Rank,2,Memory,1.0,1.0
mov_003,movies,sex,man,Rank,3,Elicit,1.0,1.0
mov_003,movies,sex,man,Rank,3,Retrieve,1.0,1.0
mov_003,movies,sex,man,Rank,3,Rank,1.0,1.0
mov_003,movies,sex,man,Rank,3,Explain,1.0,1.0
mov_003,movies,sex,man,Rank,3,Memory,1.0,1.0
mov_003,movies,sex,woman,Rank,3,Elicit,1.0,1.0
mov_003,movies,sex,woman,Rank,3,Retrieve,1.0,1.0
mov_003,movies,sex,woman,Rank,3,Rank,0.8280000000000001,0.8280000000000001
mov_003,movies,sex,woman,Rank,3,Explain,0.5,0.5
mov_003,movies,sex,woman,Rank,3,Memory,1.0,1.0
mov_004,movies,sex,man,Explain,0,Elicit,1.0,1.0
mov_004,movies,sex,man,Explain,0,Retrieve,1.0,1.0
mov_004,movies,sex,man,Explain,0,Rank,1.0,1.0
mov_004,movies,sex,man,Explain,0,Explain,0.6666666666666666,1.0
mov_004,movies,sex,man,Explain,0,Memory,0.75,1.0
mov_004,movies,sex,woman,Explain,0,Elicit,1.0,1.0
mov_004,movies,sex,woman,Explain,0,Retrieve,1.0,1.0
mov_004,movies,sex,woman,Explain,0,Rank,1.0,1.0
mov_004,movies,sex,woman,Explain,0,Explain,1.0,1.0
mov_004,movies,sex,woman,Explain,0,Memory,1.0,1.0
mov_004,movies,sex,man,Explain,1,Elicit,1.0,1.0
mov_004,movies,sex,man,Explain,1,Retrieve,1.0,1.0
mov_004,movies,sex,man,Explain,1,Rank,1.0,1.0
mov_004,movies,sex,man,Explain,1,Explain,0.6666666666666666,1.0
mov_004,movies,sex,man,Explain,1,Memory,0.75,1.0
mov_004,movies,sex,woman,Explain,1,Elicit,1.0,1.0
mov_004,movies,sex,woman,Explain,1,Retrieve,1.0,1.0
mov_004,movies,sex,woman,Explain,1,Rank,1.0,1.0
mov_004,movies,sex,woman,Explain,1,Explain,1.0,1.0
mov_004,movies,sex,woman,Explain,1,Memory,1.0,1.0
mov_004,movies,sex,man,Explain,2,Elicit,1.0,1.0
mov_004,movies,sex,man,Explain,2,Retrieve,1.0,1.0
mov_004,movies,sex,man,Explain,2,Rank,1.0,1.0
mov_004,movies,sex,man,Explain,2,Explain,0.6666666666666666,1.0
mov_004,movies,sex,man,Explain,2,Memory,0.75,1.0
mov_004,movies,sex,woman,Explain,2,Elicit,1.0,1.0
mov_004,movies,sex,woman,Explain,2,Retrieve,1.0,1.0
mov_004,movies,sex,woman,Explain,2,Rank,1.0,1.0
mov_004,movies,sex,woman,Explain,2,Explain,1.0,1.0
mov_004,movies,sex,woman,Explain,2,Memory,1.0,1.0
mov_004,movies,sex,man,Explain,3,Elicit,1.0,1.0
mov_004,movies,sex,man,Explain,3,Retrieve,1.0,1.0
mov_004,movies,sex,man,Explain,3,Rank,1.0,1.0
mov_004,movies,sex,man,Explain,3,Explain,0.6666666666666666,1.0
mov_004,movies,sex,man,Explain,3,Memory,0.75,1.0
mov_004,movies,sex,woman,Explain,3,Elicit,1.0,1.0
mov_004,movies,sex,woman,Explain,3,Retrieve,1.0,1.0
mov_004,movies,sex,woman,Explain,3,Rank,1.0,1.0
mov_004,movies,sex,woman,Explain,3,Explain,1.0,1.0
mov_004,movies,sex,woman,Explain,3,Memory,1.0,1.0
mov_005,movies,sex,man,Memory,0,Elicit,1.0,1.0
mov_005,movies,sex,man,Memory,0,Retrieve,1.0,1.0
mov_005,movies,sex,man,Memory,0,Rank,1.0,1.0
mov_005,movies,sex,man,Memory,0,Explain,1.0,1.0
mov_005,movies,sex,man,Memory,0,Memory,1.0,1.0
mov_005,movies,sex,woman,Memory,0,Elicit,1.0,1.0
mov_005,movies,sex,woman,Memory,0,Retrieve,1.0,1.0
mov_005,movies,sex,woman,Memory,0,Rank,1.0,1.0
mov_005,movies,sex,woman,Memory,0,Explain,1.0,1.0
mov_005,movies,sex,woman,Memory,0,Memory,0.6666666666666666,1.0
mov_005,movies,sex,man,Memory,1,Elicit,1.0,1.0
mov_005,movies,sex,man,Memory,1,Retrieve,1.0,1.0
mov_005,movies,sex,man,Memory,1,Rank,1.0,1.0
mov_005,movies,sex,man,Memory,1,Explain,1.0,1.0
mov_005,movies,sex,man,Memory,1,Memory,1.0,1.0
mov_005,movies,sex,woman,Memory,1,Elicit,1.0,1.0
mov_005,movies,sex,woman,Memory,1,Retrieve,1.0,1.0
mov_005,movies,sex,woman,Memory,1,Rank,1.0,1.0
mov_005,movies,sex,woman,Memory,1,Explain,1.0,1.0
mov_005,movies,sex,woman,Memory,1,Memory,0.6666666666666666,1.0
mov_005,movies,sex,man,Memory,2,Elicit,1.0,1.0
mov_005,movies,sex,man,Memory,2,Retrieve,1.0,1.0
mov_005,movies,sex,man,Memory,2,Rank,1.0,1.0
mov_005,movies,sex,man,Memory,2,Explain,1.0,1.0
mov_005,movies,sex,man,Memory,2,Memory,1.0,1.0
mov_005,movies,sex,woman,Memory,2,Elicit,1.0,1.0
mov_005,movies,sex,woman,Memory,2,Retrieve,1.0,1.0
mov_005,movies,sex,woman,Memory,2,Rank,1.0,1.0
mov_005,movies,sex,woman,Memory,2,Explain,1.0,1.0
mov_005,movies,sex,woman,Memory,2,Memory,0.6666666666666666,1.0
mov_005,movies,sex,man,Memory,3,Elicit,1.0,1.0
mov_005,movies,sex,man,Memory,3,Retrieve,1.0,1.0
mov_005,movies,sex,man,Memory,3,Rank,1.0,1.0
mov_005,movies,sex,man,Memory,3,Explain,1.0,1.0
mov_005,movies,sex,man,Memory,3,Memory,1.0,1.0
mov_005,movies,sex,woman,Memory,3,Elicit,1.0,1.0
mov_005,movies,sex,woman,Memory,3,Retrieve,1.0,1.0
mov_005,movies,sex,woman,Memory,3,Rank,1.0,1.0
mov_005,movies,sex,woman,Memory,3,Explain,1.0,1.0
mov_005,movies,sex,woman,Memory,3,Memory,0.6666666666666666,1.0
mov_006,movies,age,teen,none,0,Elicit,1.0,1.0
mov_006,movies,age,teen,none,0,Retrieve,1.0,1.0
mov_006,movies,age,teen,none,0,Rank,1.0,1.0
mov_006,movies,age,teen,none,0,Explain,1.0,1.0
mov_006,movies,age,teen,none,0,Memory,1.0,1.0
mov_006,movies,age,young,none,0,Elicit,1.0,1.0
mov_006,movies,age,young,none,0,Retrieve,1.0,1.0
mov_006,movies,age,young,none,0,Rank,1.0,1.0
mov_006,movies,age,young,none,0,Explain,1.0,1.0
mov_006,movies,age,young,none,0,Memory,1.0,1.0
mov_006,movies,age,adult,none,0,Elicit,1.0,1.0
mov_006,movies,age,adult,none,0,Retrieve,1.0,1.0
mov_006,movies,age,adult,none,0,Rank,1.0,1.0
mov_006,movies,age,adult,none,0,Explain,1.0,1.0
mov_006,movies,age,adult,none,0,Memory,1.0,1.0
mov_006,movies,age,teen,none,1,Elicit,1.0,1.0
mov_006,movies,age,teen,none,1,Retrieve,1.0,1.0
mov_006,movies,age,teen,none,1,Rank,1.0,1.0
mov_006,movies,age,teen,none,1,Explain,1.0,1.0
mov_006,movies,age,teen,none,1,Memory,1.0,1.0
mov_006,movies,age,young,none,1,Elicit,1.0,1.0
mov_006,movies,age,young,none,1,Retrieve,1.0,1.0
mov_006,movies,age,young,none,1,Rank,1.0,1.0
mov_006,movies,age,young,none,1,Explain,1.0,1.0
mov_006,movies,age,young,none,1,Memory,1.0,1.0
mov_006,movies,age,adult,none,1,Elicit,1.0,1.0
mov_006,movies,age,adult,none,1,Retrieve,1.0,1.0
mov_006,movies,age,adult,none,1,Rank,1.0,1.0
mov_006,movies,age,adult,none,1,Explain,1.0,1.0
mov_006,movies,age,adult,none,1,Memory,1.0,1.0
mov_006,movies,age,teen,none,2,Elicit,1.0,1.0
mov_006,movies,age,teen,none,2,Retrieve,1.0,1.0
mov_006,movies,age,teen,none,2,Rank,1.0,1.0
mov_006,movies,age,teen,none,2,Explain,1.0,1.0
mov_006,movies,age,teen,none,2,Memory,1.0,1.0
mov_006,movies,age,young,none,2,Elicit,1.0,1.0
mov_006,movies,age,young,none,2,Retrieve,1.0,1.0
mov_006,movies,age,young,none,2,Rank,1.0,1.0
mov_006,movies,age,young,none,2,Explain,1.0,1.0
mov_006,movies,age,young,none,2,Memory,1.0,1.0
mov_006,movies,age,adult,none,2,Elicit,1.0,1.0
mov_006,movies,age,adult,none,2,Retrieve,1.0,1.0
mov_006,movies,age,adult,none,2,Rank,1.0,1.0
mov_006,movies,age,adult,none,2,Explain,1.0,1.0
mov_006,movies,age,adult,none,2,Memory,1.0,1.0
mov_006,movies,age,teen,none,3,Elicit,1.0,1.0
mov_006,movies,age,teen,none,3,Retrieve,1.0,1.0
mov_006,movies,age,teen,none,3,Rank,1.0,1.0
mov_006,movies,age,teen,none,3,Explain,1.0,1.0
mov_006,movies,age,teen,none,3,Memory,1.0,1.0
mov_006,movies,age,young,none,3,Elicit,1.0,1.0
mov_006,movies,age,young,none,3,Retrieve,1.0,1.0
mov_006,movies,age,young,none,3,Rank,1.0,1.0
mov_006,movies,age,young,none,3,Explain,1.0,1.0
mov_006,movies,age,young,none,3,Memory,1.0,1.0
mov_006,movies,age,adult,none,3,Elicit,1.0,1.0
mov_006,movies,age,adult,none,3,Retrieve,1.0,1.0
mov_006,movies,age,adult,none,3,Rank,1.0,1.0
mov_006,movies,age,adult,none,3,Explain,1.0,1.0
mov_006,movies,age,adult,none,3,Memory,1.0,1.0
mov_007,movies,age,teen,Elicit,0,Elicit,1.0,1.0
mov_007,movies,age,teen,Elicit,0,Retrieve,1.0,1.0
mov_007,movies,age,teen,Elicit,0,Rank,1.0,1.0
mov_007,movies,age,teen,Elicit,0,Explain,1.0,1.0
mov_007,movies,age,teen,Elicit,0,Memory,1.0,1.0
mov_007,movies,age,young,Elicit,0,Elicit,1.0,1.0
mov_007,movies,age,young,Elicit,0,Retrieve,1.0,1.0
mov_007,movies,age,young,Elicit,0,Rank,1.0,1.0
mov_007,movies,age,young,Elicit,0,Explain,1.0,1.0
mov_007,movies,age,young,Elicit,0,Memory,1.0,1.0
mov_007,movies,age,adult,Elicit,0,Elicit,0.6666666666666666,0.6666666666666666
mov_007,movies,age,adult,Elicit,0,Retrieve,1.0,1.0
mov_007,movies,age,adult,Elicit,0,Rank,0.678555,0.678555
mov_007,movies,age,adult,Elicit,0,Explain,0.5,0.5
mov_007,movies,age,adult,Elicit,0,Memory,0.6666666666666666,1.0
mov_007,movies,age,teen,Elicit,1,Elicit,1.0,1.0
mov_007,movies,age,teen,Elicit,1,Retrieve,1.0,1.0
mov_007,movies,age,teen,Elicit,1,Rank,1.0,1.0
mov_007,movies,age,teen,Elicit,1,Explain,1.0,1.0
mov_007,movies,age,teen,Elicit,1,Memory,1.0,1.0
mov_007,movies,age,young,Elicit,1,Elicit,1.0,1.0
mov_007,movies,age,young,Elicit,1,Retrieve,1.0,1.0
mov_007,movies,age,young,Elicit,1,Rank,1.0,1.0
mov_007,movies,age,young,Elicit,1,Explain,1.0,1.0
mov_007,movies,age,young,Elicit,1,Memory,1.0,1.0
mov_007,movies,age,adult,Elicit,1,Elicit,0.6666666666666666,1.0
mov_007,movies,age,adult,Elicit,1,Retrieve,0.19999999999999996,0.19999999999999996
mov_007,movies,age,adult,Elicit,1,Rank,0.0,0.0
mov_007,movies,age,adult,Elicit,1,Explain,0.5,0.5
mov_007,movies,age,adult,Elicit,1,Memory,0.6666666666666666,1.0
mov_007,movies,age,teen,Elicit,2,Elicit,1.0,1.0
mov_007,movies,age,teen,Elicit,2,Retrieve,1.0,1.0
mov_007,movies,age,teen,Elicit,2,Rank,1.0,1.0
mov_007,movies,age,teen,Elicit,2,Explain,1.0,1.0
mov_007,movies,age,teen,Elicit,2,Memory,1.0,1.0
mov_007,movies,age,young,Elicit,2,Elicit,1.0,1.0
mov_007,movies,age,young,Elicit,2,Retrieve,1.0,1.0
mov_007,movies,age,young,Elicit,2,Rank,1.0,1.0
mov_007,movies,age,young,Elicit,2,Explain,1.0,1.0
mov_007,movies,age,young,Elicit,2,Memory,1.0,1.0
mov_007,movies,age,adult,Elicit,2,Elicit,0.6666666666666666,1.0
mov_007,movies,age,adult,Elicit,2,Retrieve,1.0,1.0
mov_007,movies,age,adult,Elicit,2,Rank,0.678555,0.678555
mov_007,movies,age,adult,Elicit,2,Explain,0.5,0.5
mov_007,movies,age,adult,Elicit,2,Memory,0.6666666666666666,1.0
mov_007,movies,age,teen,Elicit,3,Elicit,1.0,1.0
mov_007,movies,age,teen,Elicit,3,Retrieve,1.0,1.0
mov_007,movies,age,teen,Elicit,3,Rank,1.0,1.0
mov_007,movies,age,teen,Elicit,3,Explain,1.0,1.0
mov_007,movies,age,teen,Elicit,3,Memory,1.0,1.0
mov_007,movies,age,young,Elicit,3,Elicit,1.0,1.0
mov_007,movies,age,young,Elicit,3,Retrieve,1.0,1.0
mov_007,movies,age,young,Elicit,3,Rank,1.0,1.0
mov_007,movies,age,young,Elicit,3,Explain,1.0,1.0
mov_007,movies,age,young,Elicit,3,Memory,1.0,1.0
mov_007,movies,age,adult,Elicit,3,Elicit,0.6666666666666666,1.0
mov_007,movies,age,adult,Elicit,3,Retrieve,1.0,1.0
mov_007,movies,age,adult,Elicit,3,Rank,0.678555,0.678555
mov_007,movies,age,adult,Elicit,3,Explain,0.5,0.5
mov_007,movies,age,adult,Elicit,3,Memory,0.6666666666666666,1.0
mov_008,movies,age,teen,Retrieve,0,Elicit,1.0,1.0
mov_008,movies,age,teen,Retrieve,0,Retrieve,0.19999999999999996,0.19999999999999996
mov_008,movies,age,teen,Retrieve,0,Rank,0.17644499999999996,0.17644500000000002
mov_008,movies,age,teen,Retrieve,0,Explain,1.0,1.0
mov_008,movies,age,teen,Retrieve,0,Memory,1.0,1.0
mov_008,movies,age,young,Retrieve,0,Elicit,1.0,1.0
mov_008,movies,age,young,Retrieve,0,Retrieve,1.0,1.0
mov_008,movies,age,young,Retrieve,0,Rank,1.0,1.0
mov_008,movies,age,young,Retrieve,0,Explain,1.0,1.0
mov_008,movies,age,young,Retrieve,0,Memory,1.0,1.0
mov_008,movies,age,adult,Retrieve,0,Elicit,1.0,1.0
mov_008,movies,age,adult,Retrieve,0,Retrieve,1.0,1.0
mov_008,movies,age,adult,Retrieve,0,Rank,1.0,1.0
mov_008,movies,age,adult,Retrieve,0,Explain,1.0,1.0
mov_008,movies,age,adult,Retrieve,0,Memory,1.0,1.0
mov_008,movies,age,teen,Retrieve,1,Elicit,1.0,1.0
mov_008,movies,age,teen,Retrieve,1,Retrieve,0.19999999999999996,0.19999999999999996
mov_008,movies,age,teen,Retrieve,1,Rank,0.17644499999999996,0.17644500000000002
mov_008,movies,age,teen,Retrieve,1,Explain,1.0,1.0
mov_008,movies,age,teen,Retrieve,1,Memory,1.0,1.0
mov_008,movies,age,young,Retrieve,1,Elicit,1.0,1.0
mov_008,movies,age,young,Retrieve,1,Retrieve,1.0,1.0
mov_008,movies,age,young,Retrieve,1,Rank,1.0,1.0
mov_008,movies,age,young,Retrieve,1,Explain,1.0,1.0
mov_008,movies,age,young,Retrieve,1,Memory,1.0,1.0
mov_008,movies,age,adult,Retrieve,1,Elicit,1.0,1.0
mov_008,movies,age,adult,Retrieve,1,Retrieve,1.0,1.0
mov_008,movies,age,adult,Retrieve,1,Rank,1.0,1.0
mov_008,movies,age,adult,Retrieve,1,Explain,1.0,1.0
mov_008,movies,age,adult,Retrieve,1,Memory,1.0,1.0
mov_008,movies,age,teen,Retrieve,2,Elicit,1.0,1.0
mov_008,movies,age,teen,Retrieve,2,Retrieve,0.19999999999999996,0.19999999999999996
mov_008,movies,age,teen,Retrieve,2,Rank,0.17644499999999996,0.17644500000000002
mov_008,movies,age,teen,Retrieve,2,Explain,1.0,1.0
mov_008,movies,age,teen,Retrieve,2,Memory,1.0,1.0
mov_008,movies,age,young,Retrieve,2,Elicit,1.0,1.0
mov_008,movies,age,young,Retrieve,2,Retrieve,1.0,1.0
mov_008,movies,age,young,Retrieve,2,Rank,1.0,1.0
mov_008,movies,age,young,Retrieve,2,Explain,1.0,1.0
mov_008,movies,age,young,Retrieve,2,Memory,1.0,1.0
mov_008,movies,age,adult,Retrieve,2,Elicit,1.0,1.0
mov_008,movies,age,adult,Retrieve,2,Retrieve,1.0,1.0
mov_008,movies,age,adult,Retrieve,2,Rank,1.0,1.0
mov_008,movies,age,adult,Retrieve,2,Explain,1.0,1.0
mov_008,movies,age,adult,Retrieve,2,Memory,1.0,1.0
mov_008,movies,age,teen,Retrieve,3,Elicit,1.0,1.0
mov_008,movies,age,teen,Retrieve,3,Retrieve,0.19999999999999996,0.19999999999999996
mov_008,movies,age,teen,Retrieve,3,Rank,0.17644499999999996,0.17644500000000002
mov_008,movies,age,teen,Retrieve,3,Explain,1.0,1.0
mov_008,movies,age,teen,Retrieve,3,Memory,1.0,1.0
mov_008,movies,age,young,Retrieve,3,Elicit,1.0,1.0
mov_008,movies,age,young,Retrieve,3,Retrieve,1.0,1.0
mov_008,movies,age,young,Retrieve,3,Rank,1.0,1.0
mov_008,movies,age,young,Retrieve,3,Explain,1.0,1.0
mov_008,movies,age,young,Retrieve,3,Memory,1.0,1.0
mov_008,movies,age,adult,Retrieve,3,Elicit,1.0,1.0
mov_008,movies,age,adult,Retrieve,3,Retrieve,1.0,1.0
mov_008,movies,age,adult,Retrieve,3,Rank,1.0,1.0
mov_008,movies,age,adult,Retrieve,3,Explain,1.0,1.0
mov_008,movies,age,adult,Retrieve,3,Memory,1.0,1.0
mov_009,movies,age,teen,Rank,0,Elicit,1.0,1.0
mov_009,movies,age,teen,Rank,0,Retrieve,1.0,1.0
mov_009,movies,age,teen,Rank,0,Rank,1.0,1.0
mov_009,movies,age,teen,Rank,0,Explain,1.0,1.0
mov_009,movies,age,teen,Rank,0,Memory,1.0,1.0
mov_009,movies,age,young,Rank,0,Elicit,1.0,1.0
mov_009,movies,age,young,Rank,0,Retrieve,1.0,1.0
mov_009,movies,age,young,Rank,0,Rank,0.678555,0.678555
mov_009,movies,age,young,Rank,0,Explain,0.5,0.5
mov_009,movies,age,young,Rank,0,Memory,1.0,1.0
mov_009,movies,age,adult,Rank,0,Elicit,1.0,1.0
mov_009,movies,age,adult,Rank,0,Retrieve,1.0,1.0
mov_009,movies,age,adult,Rank,0,Rank,1.0,1.0
mov_009,movies,age,adult,Rank,0,Explain,1.0,1.0
mov_009,movies,age,adult,Rank,0,Memory,1.0,1.0
mov_009,movies,age,teen,Rank,1,Elicit,1.0,1.0
mov_009,movies,age,teen,Rank,1,Retrieve,1.0,1.0
mov_009,movies,age,teen,Rank,1,Rank,1.0,1.0
mov_009,movies,age,teen,Rank,1,Explain,1.0,1.0
mov_009,movies,age,teen,Rank,1,Memory,1.0,1.0
mov_009,movies,age,young,Rank,1,Elicit,1.0,1.0
mov_009,movies,age,young,Rank,1,Retrieve,1.0,1.0
mov_009,movies,age,young,Rank,1,Rank,0.678555,0.678555
mov_009,movies,age,young,Rank,1,Explain,0.5,0.5
mov_009,movies,age,young,Rank,1,Memory,1.0,1.0
mov_009,movies,age,adult,Rank,1,Elicit,1.0,1.0
mov_009,movies,age,adult,Rank,1,Retrieve,1.0,1.0
mov_009,movies,age,adult,Rank,1,Rank,1.0,1.0
mov_009,movies,age,adult,Rank,1,Explain,1.0,1.0
mov_009,movies,age,adult,Rank,1,Memory,1.0,1.0
mov_009,movies,age,teen,Rank,2,Elicit,1.0,1.0
mov_009,movies,age,teen,Rank,2,Retrieve,1.0,1.0
mov_009,movies,age,teen,Rank,2,Rank,1.0,1.0
mov_009,movies,age,teen,Rank,2,Explain,1.0,1.0
mov_009,movies,age,teen,Rank,2,Memory,1.0,1.0
mov_009,movies,age,young,Rank,2,Elicit,1.0,1.0
mov_009,movies,age,young,Rank,2,Retrieve,1.0,1.0
mov_009,movies,age,young,Rank,2,Rank,1.0,1.0
mov_009,movies,age,young,Rank,2,Explain,1.0,1.0
mov_009,movies,age,young,Rank,2,Memory,1.0,1.0
mov_009,movies,age,adult,Rank,2,Elicit,1.0,1.0
mov_009,movies,age,adult,Rank,2,Retrieve,1.0,1.0
mov_009,movies,age,adult,Rank,2,Rank,1.0,1.0
mov_009,movies,age,adult,Rank,2,Explain,1.0,1.0
mov_009,movies,age,adult,Rank,2,Memory,1.0,1.0
mov_009,movies,age,teen,Rank,3,Elicit,1.0,1.0
mov_009,movies,age,teen,Rank,3,Retrieve,1.0,1.0
mov_009,movies,age,teen,Rank,3,Rank,1.0,1.0
mov_009,movies,age,teen,Rank,3,Explain,1.0,1.0
mov_009,movies,age,teen,Rank,3,Memory,1.0,1.0
mov_009,movies,age,young,Rank,3,Elicit,1.0,1.0
mov_009,movies,age,young,Rank,3,Retrieve,1.0,1.0
mov_009,movies,age,young,Rank,3,Rank,1.0,1.0
mov_009,movies,age,young,Rank,3,Explain,1.0,1.0
mov_009,movies,age,young,Rank,3,Memory,1.0,1.0
mov_009,movies,age,adult,Rank,3,Elicit,1.0,1.0
mov_009,movies,age,adult,Rank,3,Retrieve,1.0,1.0
mov_009,movies,age,adult,Rank,3,Rank,1.0,1.0
mov_009,movies,age,adult,Rank,3,Explain,1.0,1.0
mov_009,movies,age,adult,Rank,3,Memory,1.0,1.0
mov_010,movies,age,teen,Explain,0,Elicit,1.0,1.0
mov_010,movies,age,teen,Explain,0,Retrieve,1.0,1.0
mov_010,movies,age,teen,Explain,0,Rank,1.0,1.0
mov_010,movies,age,teen,Explain,0,Explain,1.0,1.0
mov_010,movies,age,teen,Explain,0,Memory,1.0,1.0
mov_010,movies,age,young,Explain,0,Elicit,1.0,1.0
mov_010,movies,age,young,Explain,0,Retrieve,1.0,1.0
mov_010,movies,age,young,Explain,0,Rank,1.0,1.0
mov_010,movies,age,young,Explain,0,Explain,1.0,1.0
mov_010,movies,age,young,Explain,0,Memory,1.0,1.0
mov_010,movies,age,adult,Explain,0,Elicit,1.0,1.0
mov_010,movies,age,adult,Explain,0,Retrieve,1.0,1.0
mov_010,movies,age,adult,Explain,0,Rank,1.0,1.0
mov_010,movies,age,adult,Explain,0,Explain,0.5,1.0
mov_010,movies,age,adult,Explain,0,Memory,0.6666666666666666,1.0
mov_010,movies,age,teen,Explain,1,Elicit,1.0,1.0
mov_010,movies,age,teen,Explain,1,Retrieve,1.0,1.0
mov_010,movies,age,teen,Explain,1,Rank,1.0,1.0
mov_010,movies,age,teen,Explain,1,Explain,1.0,1.0
mov_010,movies,age,teen,Explain,1,Memory,1.0,1.0
mov_010,movies,age,young,Explain,1,Elicit,1.0,1.0
mov_010,movies,age,young,Explain,1,Retrieve,1.0,1.0
mov_010,movies,age,young,Explain,1,Rank,1.0,1.0
mov_010,movies,age,young,Explain,1,Explain,1.0,1.0
mov_010,movies,age,young,Explain,1,Memory,1.0,1.0
mov_010,movies,age,adult,Explain,1,Elicit,1.0,1.0
mov_010,movies,age,adult,Explain,1,Retrieve,1.0,1.0
mov_010,movies,age,adult,Explain,1,Rank,1.0,1.0
mov_010,movies,age,adult,Explain,1,Explain,0.5,1.0
mov_010,movies,age,adult,Explain,1,Memory,0.6666666666666666,1.0
mov_010,movies,age,teen,Explain,2,Elicit,1.0,1.0
mov_010,movies,age,teen,Explain,2,Retrieve,1.0,1.0
mov_010,movies,age,teen,Explain,2,Rank,1.0,1.0
mov_010,movies,age,teen,Explain,2,Explain,1.0,1.0
mov_010,movies,age,teen,Explain,2,Memory,1.0,1.0
mov_010,movies,age,young,Explain,2,Elicit,1.0,1.0
mov_010,movies,age,young,Explain,2,Retrieve,1.0,1.0
mov_010,movies,age,young,Explain,2,Rank,1.0,1.0
mov_010,movies,age,young,Explain,2,Explain,1.0,1.0
mov_010,movies,age,young,Explain,2,Memory,1.0,1.0
mov_010,movies,age,adult,Explain,2,Elicit,1.0,1.0
mov_010,movies,age,adult,Explain,2,Retrieve,1.0,1.0
mov_010,movies,age,adult,Explain,2,Rank,1.0,1.0
mov_010,movies,age,adult,Explain,2,Explain,0.5,0.5
mov_010,movies,age,adult,Explain,2,Memory,0.6666666666666666,1.0
mov_010,movies,age,teen,Explain,3,Elicit,1.0,1.0
mov_010,movies,age,teen,Explain,3,Retrieve,1.0,1.0
mov_010,movies,age,teen,Explain,3,Rank,1.0,1.0
mov_010,movies,age,teen,Explain,3,Explain,1.0,1.0
mov_010,movies,age,teen,Explain,3,Memory,1.0,1.0
mov_010,movies,age,young,Explain,3,Elicit,1.0,1.0
mov_010,movies,age,young,Explain,3,Retrieve,1.0,1.0
mov_010,movies,age,young,Explain,3,Rank,1.0,1.0
mov_010,movies,age,young,Explain,3,Explain,1.0,1.0
mov_010,movies,age,young,Explain,3,Memory,1.0,1.0
mov_010,movies,age,adult,Explain,3,Elicit,1.0,1.0
mov_010,movies,age,adult,Explain,3,Retrieve,1.0,1.0
mov_010,movies,age,adult,Explain,3,Rank,1.0,1.0
mov_010,movies,age,adult,Explain,3,Explain,1.0,1.0
mov_010,movies,age,adult,Explain,3,Memory,1.0,1.0
mov_011,movies,age,teen,Memory,0,Elicit,1.0,1.0
mov_011,movies,age,teen,Memory,0,Retrieve,1.0,1.0
mov_011,movies,age,teen,Memory,0,Rank,1.0,1.0
mov_011,movies,age,teen,Memory,0,Explain,1.0,1.0
mov_011,movies,age,teen,Memory,0,Memory,0.6666666666666666,1.0
mov_011,movies,age,young,Memory,0,Elicit,1.0,1.0
mov_011,movies,age,young,Memory,0,Retrieve,1.0,1.0
mov_011,movies,age,young,Memory,0,Rank,1.0,1.0
mov_011,movies,age,young,Memory,0,Explain,1.0,1.0
mov_011,movies,age,young,Memory,0,Memory,1.0,1.0
mov_011,movies,age,adult,Memory,0,Elicit,1.0,1.0
mov_011,movies,age,adult,Memory,0,Retrieve,1.0,1.0
mov_011,movies,age,adult,Memory,0,Rank,1.0,1.0
mov_011,movies,age,adult,Memory,0,Explain,1.0,1.0
mov_011,movies,age,adult,Memory,0,Memory,1.0,1.0
mov_011,movies,age,teen,Memory,1,Elicit,1.0,1.0
mov_011,movies,age,teen,Memory,1,Retrieve,1.0,1.0
mov_011,movies,age,teen,Memory,1,Rank,1.0,1.0
mov_011,movies,age,teen,Memory,1,Explain,1.0,1.0
mov_011,movies,age,teen,Memory,1,Memory,0.6666666666666666,1.0
mov_011,movies,age,young,Memory,1,Elicit,1.0,1.0
mov_011,movies,age,young,Memory,1,Retrieve,1.0,1.0
mov_011,movies,age,young,Memory,1,Rank,1.0,1.0
mov_011,movies,age,young,Memory,1,Explain,1.0,1.0
mov_011,movies,age,young,Memory,1,Memory,1.0,1.0
mov_011,movies,age,adult,Memory,1,Elicit,1.0,1.0
mov_011,movies,age,adult,Memory,1,Retrieve,1.0,1.0
mov_011,movies,age,adult,Memory,1,Rank,1.0,1.0
mov_011,movies,age,adult,Memory,1,Explain,1.0,1.0
mov_011,movies,age,adult,Memory,1,Memory,1.0,1.0
mov_011,movies,age,teen,Memory,2,Elicit,1.0,1.0
mov_011,movies,age,teen,Memory,2,Retrieve,1.0,1.0
mov_011,movies,age,teen,Memory,2,Rank,1.0,1.0
mov_011,movies,age,teen,Memory,2,Explain,1.0,1.0
mov_011,movies,age,teen,Memory,2,Memory,0.6666666666666666,1.0
mov_011,movies,age,young,Memory,2,Elicit,1.0,1.0
mov_011,movies,age,young,Memory,2,Retrieve,1.0,1.0
mov_011,movies,age,young,Memory,2,Rank,1.0,1.0
mov_011,movies,age,young,Memory,2,Explain,1.0,1.0
mov_011,movies,age,young,Memory,2,Memory,1.0,1.0
mov_011,movies,age,adult,Memory,2,Elicit,1.0,1.0
mov_011,movies,age,adult,Memory,2,Retrieve,1.0,1.0
mov_011,movies,age,adult,Memory,2,Rank,1.0,1.0
mov_011,movies,age,adult,Memory,2,Explain,1.0,1.0
mov_011,movies,age,adult,Memory,2,Memory,1.0,1.0
mov_011,movies,age,teen,Memory,3,Elicit,1.0,1.0
mov_011,movies,age,teen,Memory,3,Retrieve,1.0,1.0
mov_011,movies,age,teen,Memory,3,Rank,1.0,1.0
mov_011,movies,age,teen,Memory,3,Explain,1.0,1.0
mov_011,movies,age,teen,Memory,3,Memory,0.6666666666666666,1.0
mov_011,movies,age,young,Memory,3,Elicit,1.0,1.0
mov_011,movies,age,young,Memory,3,Retrieve,1.0,1.0
mov_011,movies,age,young,Memory,3,Rank,1.0,1.0
mov_011,movies,age,young,Memory,3,Explain,1.0,1.0
mov_011,movies,age,young,Memory,3,Memory,1.0,1.0
mov_011,movies,age,adult,Memory,3,Elicit,1.0,1.0
mov_011,movies,age,adult,Memory,3,Retrieve,1.0,1.0
mov_011,movies,age,adult,Memory,3,Rank,1.0,1.0
mov_011,movies,age,adult,Memory,3,Explain,1.0,1.0
mov_011,movies,age,adult,Memory,3,Memory,1.0,1.0
mov_012,movies,sex,man,none,0,Elicit,1.0,1.0
mov_012,movies,sex,man,none,0,Retrieve,1.0,1.0
mov_012,movies,sex,man,none,0,Rank,1.0,1.0
mov_012,movies,sex,man,none,0,Explain,1.0,1.0
mov_012,movies,sex,man,none,0,Memory,1.0,1.0
mov_012,movies,sex,woman,none,0,Elicit,1.0,1.0
mov_012,movies,sex,woman,none,0,Retrieve,1.0,1.0
mov_012,movies,sex,woman,none,0,Rank,1.0,1.0
mov_012,movies,sex,woman,none,0,Explain,1.0,1.0
mov_012,movies,sex,woman,none,0,Memory,1.0,1.0
mov_012,movies,sex,man,none,1,Elicit,1.0,1.0
mov_012,movies,sex,man,none,1,Retrieve,1.0,1.0
mov_012,movies,sex,man,none,1,Rank,1.0,1.0
mov_012,movies,sex,man,none,1,Explain,1.0,1.0
mov_012,movies,sex,man,none,1,Memory,1.0,1.0
mov_012,movies,sex,woman,none,1,Elicit,1.0,1.0
mov_012,movies,sex,woman,none,1,Retrieve,1.0,1.0
mov_012,movies,sex,woman,none,1,Rank,1.0,1.0
mov_012,movies,sex,woman,none,1,Explain,1.0,1.0
mov_012,movies,sex,woman,none,1,Memory,1.0,1.0
mov_012,movies,sex,man,none,2,Elicit,1.0,1.0
mov_012,movies,sex,man,none,2,Retrieve,1.0,1.0
mov_012,movies,sex,man,none,2,Rank,1.0,1.0
mov_012,movies,sex,man,none,2,Explain,1.0,1.0
mov_012,movies,sex,man,none,2,Memory,1.0,1.0
mov_012,movies,sex,woman,none,2,Elicit,1.0,1.0
mov_012,movies,sex,woman,none,2,Retrieve,1.0,1.0
mov_012,movies,sex,woman,none,2,Rank,1.0,1.0
mov_012,movies,sex,woman,none,2,Explain,1.0,1.0
mov_012,movies,sex,woman,none,2,Memory,1.0,1.0
mov_012,movies,sex,man,none,3,Elicit,1.0,1.0
mov_012,movies,sex,man,none,3,Retrieve,1.0,1.0
mov_012,movies,sex,man,none,3,Rank,1.0,1.0
mov_012,movies,sex,man,none,3,Explain,1.0,1.0
mov_012,movies,sex,man,none,3,Memory,1.0,1.0
mov_012,movies,sex,woman,none,3,Elicit,1.0,1.0
mov_012,movies,sex,woman,none,3,Retrieve,1.0,1.0
mov_012,movies,sex,woman,none,3,Rank,1.0,1.0
mov_012,movies,sex,woman,none,3,Explain,1.0,1.0
mov_012,movies,sex,woman,none,3,Memory,1.0,1.0
mov_013,movies,sex,man,Elicit,0,Elicit,1.0,1.0
mov_013,movies,sex,man,Elicit,0,Retrieve,1.0,1.0
mov_013,movies,sex,man,Elicit,0,Rank,1.0,1.0
mov_013,movies,sex,man,Elicit,0,Explain,1.0,1.0
mov_013,movies,sex,man,Elicit,0,Memory,1.0,1.0
mov_013,movies,sex,woman,Elicit,0,Elicit,0.6666666666666666,0.6666666666666666
mov_013,movies,sex,woman,Elicit,0,Retrieve,0.16666666666666663,0.16666666666666663
mov_013,movies,sex,woman,Elicit,0,Rank,0.13122,0.13122000000000003
mov_013,movies,sex,woman,Elicit,0,Explain,0.5,0.5
mov_013,movies,sex,woman,Elicit,0,Memory,0.6666666666666666,1.0
mov_013,movies,sex,man,Elicit,1,Elicit,1.0,1.0
mov_013,movies,sex,man,Elicit,1,Retrieve,1.0,1.0
mov_013,movies,sex,man,Elicit,1,Rank,1.0,1.0
mov_013,movies,sex,man,Elicit,1,Explain,1.0,1.0
mov_013,movies,sex,man,Elicit,1,Memory,1.0,1.0
mov_013,movies,sex,woman,Elicit,1,Elicit,0.6666666666666666,1.0
mov_013,movies,sex,woman,Elicit,1,Retrieve,0.16666666666666663,0.16666666666666663
mov_013,movies,sex,woman,Elicit,1,Rank,0.17644499999999996,0.17644500000000002
mov_013,movies,sex,woman,Elicit,1,Explain,0.5,0.5
mov_013,movies,sex,woman,Elicit,1,Memory,0.6666666666666666,1.0
mov_013,movies,sex,man,Elicit,2,Elicit,1.0,1.0
mov_013,movies,sex,man,Elicit,2,Retrieve,1.0,1.0
mov_013,movies,sex,man,Elicit,2,Rank,1.0,1.0
mov_013,movies,sex,man,Elicit,2,Explain,1.0,1.0
mov_013,movies,sex,man,Elicit,2,Memory,1.0,1.0
mov_013,movies,sex,woman,Elicit,2,Elicit,0.6666666666666666,1.0
mov_013,movies,sex,woman,Elicit,2,Retrieve,0.16666666666666663,0.16666666666666663
mov_013,movies,sex,woman,Elicit,2,Rank,0.3076650000000001,0.307665
mov_013,movies,sex,woman,Elicit,2,Explain,0.5,0.5
mov_013,movies,sex,woman,Elicit,2,Memory,0.6666666666666666,1.0
mov_013,movies,sex,man,Elicit,3,Elicit,1.0,1.0
mov_013,movies,sex,man,Elicit,3,Retrieve,1.0,1.0
mov_013,movies,sex,man,Elicit,3,Rank,1.0,1.0
mov_013,movies,sex,man,Elicit,3,Explain,1.0,1.0
mov_013,movies,sex,man,Elicit,3,Memory,1.0,1.0
mov_013,movies,sex,woman,Elicit,3,Elicit,0.6666666666666666,1.0
mov_013,movies,sex,woman,Elicit,3,Retrieve,0.16666666666666663,0.16666666666666663
mov_013,movies,sex,woman,Elicit,3,Rank,0.17644499999999996,0.17644500000000002
mov_013,movies,sex,woman,Elicit,3,Explain,0.5,0.5
mov_013,movies,sex,woman,Elicit,3,Memory,0.6666666666666666,1.0
mov_014,movies,sex,man,Retrieve,0,Elicit,1.0,1.0
mov_014,movies,sex,man,Retrieve,0,Retrieve,0.16666666666666663,0.16666666666666663
mov_014,movies,sex,man,Retrieve,0,Rank,0.14944500000000005,0.14944500000000002
mov_014,movies,sex,man,Retrieve,0,Explain,1.0,1.0
mov_014,movies,sex,man,Retrieve,0,Memory,1.0,1.0
mov_014,movies,sex,woman,Retrieve,0,Elicit,1.0,1.0
mov_014,movies,sex,woman,Retrieve,0,Retrieve,1.0,1.0
mov_014,movies,sex,woman,Retrieve,0,Rank,1.0,1.0
mov_014,movies,sex,woman,Retrieve,0,Explain,1.0,1.0
mov_014,movies,sex,woman,Retrieve,0,Memory,1.0,1.0
mov_014,movies,sex,man,Retrieve,1,Elicit,1.0,1.0
mov_014,movies,sex,man,Retrieve,1,Retrieve,0.16666666666666663,0.16666666666666663
mov_014,movies,sex,man,Retrieve,1,Rank,0.0,0.0
mov_014,movies,sex,man,Retrieve,1,Explain,1.0,1.0
mov_014,movies,sex,man,Retrieve,1,Memory,1.0,1.0
mov_014,movies,sex,woman,Retrieve,1,Elicit,1.0,1.0
mov_014,movies,sex,woman,Retrieve,1,Retrieve,1.0,1.0
mov_014,movies,sex,woman,Retrieve,1,Rank,1.0,1.0
mov_014,movies,sex,woman,Retrieve,1,Explain,1.0,1.0
mov_014,movies,sex,woman,Retrieve,1,Memory,1.0,1.0
mov_014,movies,sex,man,Retrieve,2,Elicit,1.0,1.0
mov_014,movies,sex,man,Retrieve,2,Retrieve,0.16666666666666663,0.16666666666666663
mov_014,movies,sex,man,Retrieve,2,Rank,0.321445,0.321445
mov_014,movies,sex,man,Retrieve,2,Explain,1.0,1.0
mov_014,movies,sex,man,Retrieve,2,Memory,1.0,1.0
mov_014,movies,sex,woman,Retrieve,2,Elicit,1.0,1.0
mov_014,movies,sex,woman,Retrieve,2,Retrieve,1.0,1.0
mov_014,movies,sex,woman,Retrieve,2,Rank,1.0,1.0
mov_014,movies,sex,woman,Retrieve,2,Explain,1.0,1.0
mov_014,movies,sex,woman,Retrieve,2,Memory,1.0,1.0
mov_014,movies,sex,man,Retrieve,3,Elicit,1.0,1.0
mov_014,movies,sex,man,Retrieve,3,Retrieve,0.16666666666666663,0.16666666666666663
mov_014,movies,sex,man,Retrieve,3,Rank,0.13122,0.13122000000000003
mov_014,movies,sex,man,Retrieve,3,Explain,1.0,1.0
mov_014,movies,sex,man,Retrieve,3,Memory,1.0,1.0
mov_014,movies,sex,woman,Retrieve,3,Elicit,1.0,1.0
mov_014,movies,sex,woman,Retrieve,3,Retrieve,1.0,1.0
mov_014,movies,sex,woman,Retrieve,3,Rank,1.0,1.0
mov_014,movies,sex,woman,Retrieve,3,Explain,1.0,1.0
mov_014,movies,sex,woman,Retrieve,3,Memory,1.0,1.0
mov_015,movies,sex,man,Rank,0,Elicit,1.0,1.0
mov_015,movies,sex,man,Rank,0,Retrieve,1.0,1.0
mov_015,movies,sex,man,Rank,0,Rank,1.0,1.0
mov_015,movies,sex,man,Rank,0,Explain,1.0,1.0
mov_015,movies,sex,man,Rank,0,Memory,1.0,1.0
mov_015,movies,sex,woman,Rank,0,Elicit,1.0,1.0
mov_015,movies,sex,woman,Rank,0,Retrieve,1.0,1.0
mov_015,movies,sex,woman,Rank,0,Rank,0.8280000000000001,0.8280000000000001
mov_015,movies,sex,woman,Rank,0,Explain,0.5,0.5
mov_015,movies,sex,woman,Rank,0,Memory,1.0,1.0
mov_015,movies,sex,man,Rank,1,Elicit,1.0,1.0
mov_015,movies,sex,man,Rank,1,Retrieve,1.0,1.0
mov_015,movies,sex,man,Rank,1,Rank,1.0,1.0
mov_015,movies,sex,man,Rank,1,Explain,1.0,1.0
mov_015,movies,sex,man,Rank,1,Memory,1.0,1.0
mov_015,movies,sex,woman,Rank,1,Elicit,1.0,1.0
mov_015,movies,sex,woman,Rank,1,Retrieve,1.0,1.0
mov_015,movies,sex,woman,Rank,1,Rank,0.678555,0.678555
mov_015,movies,sex,woman,Rank,1,Explain,0.5,0.5
mov_015,movies,sex,woman,Rank,1,Memory,1.0,1.0
mov_015,movies,sex,man,Rank,2,Elicit,1.0,1.0
mov_015,movies,sex,man,Rank,2,Retrieve,1.0,1.0
mov_015,movies,sex,man,Rank,2,Rank,1.0,1.0
mov_015,movies,sex,man,Rank,2,Explain,1.0,1.0
mov_015,movies,sex,man,Rank,2,Memory,1.0,1.0
mov_015,movies,sex,woman,Rank,2,Elicit,1.0,1.0
mov_015,movies,sex,woman,Rank,2,Retrieve,1.0,1.0
mov_015,movies,sex,woman,Rank,2,Rank,0.809775,0.809775
mov_015,movies,sex,woman,Rank,2,Explain,0.5,0.5
mov_015,movies,sex,woman,Rank,2,Memory,1.0,1.0
mov_015,movies,sex,man,Rank,3,Elicit,1.0,1.0
mov_015,movies,sex,man,Rank,3,Retrieve,1.0,1.0
mov_015,movies,sex,man,Rank,3,Rank,1.0,1.0
mov_015,movies,sex,man,Rank,3,Explain,1.0,1.0
mov_015,movies,sex,man,Rank,3,Memory,1.0,1.0
mov_015,movies,sex,woman,Rank,3,Elicit,1.0,1.0
mov_015,movies,sex,woman,Rank,3,Retrieve,1.0,1.0
mov_015,movies,sex,woman,Rank,3,Rank,1.0,1.0
mov_015,movies,sex,woman,Rank,3,Explain,1.0,1.0
mov_015,movies,sex,woman,Rank,3,Memory,1.0,1.0
mov_016,movies,sex,man,Explain,0,Elicit,1.0,1.0
mov_016,movies,sex,man,Explain,0,Retrieve,1.0,1.0
mov_016,movies,sex,man,Explain,0,Rank,1.0,1.0
mov_016,movies,sex,man,Explain,0,Explain,0.6666666666666666,1.0
mov_016,movies,sex,man,Explain,0,Memory,0.75,1.0
mov_016,movies,sex,woman,Explain,0,Elicit,1.0,1.0
mov_016,movies,sex,woman,Explain,0,Retrieve,1.0,1.0
mov_016,movies,sex,woman,Explain,0,Rank,1.0,1.0
mov_016,movies,sex,woman,Explain,0,Explain,1.0,1.0
mov_016,movies,sex,woman,Explain,0,Memory,1.0,1.0
mov_016,movies,sex,man,Explain,1,Elicit,1.0,1.0
mov_016,movies,sex,man,Explain,1,Retrieve,1.0,1.0
mov_016,movies,sex,man,Explain,1,Rank,1.0,1.0
mov_016,movies,sex,man,Explain,1,Explain,0.6666666666666666,1.0
mov_016,movies,sex,man,Explain,1,Memory,0.75,1.0
mov_016,movies,sex,woman,Explain,1,Elicit,1.0,1.0
mov_016,movies,sex,woman,Explain,1,Retrieve,1.0,1.0
mov_016,movies,sex,woman,Explain,1,Rank,1.0,1.0
mov_016,movies,sex,woman,Explain,1,Explain,1.0,1.0
mov_016,movies,sex,woman,Explain,1,Memory,1.0,1.0
mov_016,movies,sex,man,Explain,2,Elicit,1.0,1.0
mov_016,movies,sex,man,Explain,2,Retrieve,1.0,1.0
mov_016,movies,sex,man,Explain,2,Rank,1.0,1.0
mov_016,movies,sex,man,Explain,2,Explain,0.6666666666666666,1.0
mov_016,movies,sex,man,Explain,2,Memory,0.75,1.0
mov_016,movies,sex,woman,Explain,2,Elicit,1.0,1.0
mov_016,movies,sex,woman,Explain,2,Retrieve,1.0,1.0
mov_016,movies,sex,woman,Explain,2,Rank,1.0,1.0
mov_016,movies,sex,woman,Explain,2,Explain,1.0,1.0
mov_016,movies,sex,woman,Explain,2,Memory,1.0,1.0
mov_016,movies,sex,man,Explain,3,Elicit,1.0,1.0
mov_016,movies,sex,man,Explain,3,Retrieve,1.0,1.0
mov_016,movies,sex,man,Explain,3,Rank,1.0,1.0
mov_016,movies,sex,man,Explain,3,Explain,0.6666666666666666,1.0
mov_016,movies,sex,man,Explain,3,Memory,0.75,1.0
mov_016,movies,sex,woman,Explain,3,Elicit,1.0,1.0
mov_016,movies,sex,woman,Explain,3,Retrieve,1.0,1.0
mov_016,movies,sex,woman,Explain,3,Rank,1.0,1.0
mov_016,movies,sex,woman,Explain,3,Explain,1.0,1.0
mov_016,movies,sex,woman,Explain,3,Memory,1.0,1.0
mov_017,movies,sex,man,Memory,0,Elicit,1.0,1.0
mov_017,movies,sex,man,Memory,0,Retrieve,1.0,1.0
mov_017,movies,sex,man,Memory,0,Rank,1.0,1.0
mov_017,movies,sex,man,Memory,0,Explain,1.0,1.0
mov_017,movies,sex,man,Memory,0,Memory,1.0,1.0
mov_017,movies,sex,woman,Memory,0,Elicit,1.0,1.0
mov_017,movies,sex,woman,Memory,0,Retrieve,1.0,1.0
mov_017,movies,sex,woman,Memory,0,Rank,1.0,1.0
mov_017,movies,sex,woman,Memory,0,Explain,1.0,1.0
mov_017,movies,sex,woman,Memory,0,Memory,0.6666666666666666,1.0
mov_017,movies,sex,man,Memory,1,Elicit,1.0,1.0
mov_017,movies,sex,man,Memory,1,Retrieve,1.0,1.0
mov_017,movies,sex,man,Memory,1,Rank,1.0,1.0
mov_017,movies,sex,man,Memory,1,Explain,1.0,1.0
mov_017,movies,sex,man,Memory,1,Memory,1.0,1.0
mov_017,movies,sex,woman,Memory,1,Elicit,1.0,1.0
mov_017,movies,sex,woman,Memory,1,Retrieve,1.0,1.0
mov_017,movies,sex,woman,Memory,1,Rank,1.0,1.0
mov_017,movies,sex,woman,Memory,1,Explain,1.0,1.0
mov_017,movies,sex,woman,Memory,1,Memory,0.6666666666666666,1.0
mov_017,movies,sex,man,Memory,2,Elicit,1.0,1.0
mov_017,movies,sex,man,Memory,2,Retrieve,1.0,1.0
mov_017,movies,sex,man,Memory,2,Rank,1.0,1.0
mov_017,movies,sex,man,Memory,2,Explain,1.0,1.0
mov_017,movies,sex,man,Memory,2,Memory,1.0,1.0
mov_017,movies,sex,woman,Memory,2,Elicit,1.0,1.0
mov_017,movies,sex,woman,Memory,2,Retrieve,1.0,1.0
mov_017,movies,sex,woman,Memory,2,Rank,1.0,1.0
mov_017,movies,sex,woman,Memory,2,Explain,1.0,1.0
mov_017,movies,sex,woman,Memory,2,Memory,0.6666666666666666,1.0
mov_017,movies,sex,man,Memory,3,Elicit,1.0,1.0
mov_017,movies,sex,man,Memory,3,Retrieve,1.0,1.0
mov_017,movies,sex,man,Memory,3,Rank,1.0,1.0
mov_017,movies,sex,man,Memory,3,Explain,1.0,1.0
mov_017,movies,sex,man,Memory,3,Memory,1.0,1.0
mov_017,movies,sex,woman,Memory,3,Elicit,1.0,1.0
mov_017,movies,sex,woman,Memory,3,Retrieve,1.0,1.0
mov_017,movies,sex,woman,Memory,3,Rank,1.0,1.0
mov_017,movies,sex,woman,Memory,3,Explain,1.0,1.0
mov_017,movies,sex,woman,Memory,3,Memory,0.6666666666666666,1.0
mov_018,movies,age,teen,none,0,Elicit,1.0,1.0
mov_018,movies,age,teen,none,0,Retrieve,1.0,1.0
mov_018,movies,age,teen,none,0,Rank,1.0,1.0
mov_018,movies,age,teen,none,0,Explain,1.0,1.0
mov_018,movies,age,teen,none,0,Memory,1.0,1.0
mov_018,movies,age,young,none,0,Elicit,1.0,1.0
mov_018,movies,age,young,none,0,Retrieve,1.0,1.0
mov_018,movies,age,young,none,0,Rank,1.0,1.0
mov_018,movies,age,young,none,0,Explain,1.0,1.0
mov_018,movies,age,young,none,0,Memory,1.0,1.0
mov_018,movies,age,adult,none,0,Elicit,1.0,1.0
mov_018,movies,age,adult,none,0,Retrieve,1.0,1.0
mov_018,movies,age,adult,none,0,Rank,1.0,1.0
mov_018,movies,age,adult,none,0,Explain,1.0,1.0
mov_018,movies,age,adult,none,0,Memory,1.0,1.0
mov_018,movies,age,teen,none,1,Elicit,1.0,1.0
mov_018,movies,age,teen,none,1,Retrieve,1.0,1.0
mov_018,movies,age,teen,none,1,Rank,1.0,1.0
mov_018,movies,age,teen,none,1,Explain,1.0,1.0
mov_018,movies,age,teen,none,1,Memory,1.0,1.0
mov_018,movies,age,young,none,1,Elicit,1.0,1.0
mov_018,movies,age,young,none,1,Retrieve,1.0,1.0
mov_018,movies,age,young,none,1,Rank,1.0,1.0
mov_018,movies,age,young,none,1,Explain,1.0,1.0
mov_018,movies,age,young,none,1,Memory,1.0,1.0
mov_018,movies,age,adult,none,1,Elicit,1.0,1.0
mov_018,movies,age,adult,none,1,Retrieve,1.0,1.0
mov_018,movies,age,adult,none,1,Rank,1.0,1.0
mov_018,movies,age,adult,none,1,Explain,1.0,1.0
mov_018,movies,age,adult,none,1,Memory,1.0,1.0
mov_018,movies,age,teen,none,2,Elicit,1.0,1.0
mov_018,movies,age,teen,none,2,Retrieve,1.0,1.0
mov_018,movies,age,teen,none,2,Rank,1.0,1.0
mov_018,movies,age,teen,none,2,Explain,1.0,1.0
mov_018,movies,age,teen,none,2,Memory,1.0,1.0
mov_018,movies,age,young,none,2,Elicit,1.0,1.0
mov_018,movies,age,young,none,2,Retrieve,1.0,1.0
mov_018,movies,age,young,none,2,Rank,1.0,1.0
mov_018,movies,age,young,none,2,Explain,1.0,1.0
mov_018,movies,age,young,none,2,Memory,1.0,1.0
mov_018,movies,age,adult,none,2,Elicit,1.0,1.0
mov_018,movies,age,adult,none,2,Retrieve,1.0,1.0
mov_018,movies,age,adult,none,2,Rank,1.0,1.0
mov_018,movies,age,adult,none,2,Explain,1.0,1.0
mov_018,movies,age,adult,none,2,Memory,1.0,1.0
mov_018,movies,age,teen,none,3,Elicit,1.0,1.0
mov_018,movies,age,teen,none,3,Retrieve,1.0,1.0
mov_018,movies,age,teen,none,3,Rank,1.0,1.0
mov_018,movies,age,teen,none,3,Explain,1.0,1.0
mov_018,movies,age,teen,none,3,Memory,1.0,1.0
mov_018,movies,age,young,none,3,Elicit,1.0,1.0
mov_018,movies,age,young,none,3,Retrieve,1.0,1.0
mov_018,movies,age,young,none,3,Rank,1.0,1.0
mov_018,movies,age,young,none,3,Explain,1.0,1.0
mov_018,movies,age,young,none,3,Memory,1.0,1.0
mov_018,movies,age,adult,none,3,Elicit,1.0,1.0
mov_018,movies,age,adult,none,3,Retrieve,1.0,1.0
mov_018,movies,age,adult,none,3,Rank,1.0,1.0
mov_018,movies,age,adult,none,3,Explain,1.0,1.0
mov_018,movies,age,adult,none,3,Memory,1.0,1.0
mov_019,movies,age,teen,Elicit,0,Elicit,1.0,1.0
mov_019,movies,age,teen,Elicit,0,Retrieve,1.0,1.0
mov_019,movies,age,teen,Elicit,0,Rank,1.0,1.0
mov_019,movies,age,teen,Elicit,0,Explain,1.0,1.0
mov_019,movies,age,teen,Elicit,0,Memory,1.0,1.0
mov_019,movies,age,young,Elicit,0,Elicit,0.6666666666666666,0.6666666666666666
mov_019,movies,age,young,Elicit,0,Retrieve,0.16666666666666663,0.16666666666666663
mov_019,movies,age,young,Elicit,0,Rank,0.14944500000000005,0.14944500000000002
mov_019,movies,age,young,Elicit,0,Explain,0.5,0.5
mov_019,movies,age,young,Elicit,0,Memory,0.6666666666666666,1.0
mov_019,movies,age,adult,Elicit,0,Elicit,1.0,1.0
mov_019,movies,age,adult,Elicit,0,Retrieve,1.0,1.0
mov_019,movies,age,adult,Elicit,0,Rank,1.0,1.0
mov_019,movies,age,adult,Elicit,0,Explain,1.0,1.0
mov_019,movies,age,adult,Elicit,0,Memory,1.0,1.0
mov_019,movies,age,teen,Elicit,1,Elicit,1.0,1.0
mov_019,movies,age,teen,Elicit,1,Retrieve,1.0,1.0
mov_019,movies,age,teen,Elicit,1,Rank,1.0,1.0
mov_019,movies,age,teen,Elicit,1,Explain,1.0,1.0
mov_019,movies,age,teen,Elicit,1,Memory,1.0,1.0
mov_019,movies,age,young,Elicit,1,Elicit,0.6666666666666666,0.5
mov_019,movies,age,young,Elicit,1,Retrieve,1.0,1.0
mov_019,movies,age,young,Elicit,1,Rank,0.855,0.855
mov_019,movies,age,young,Elicit,1,Explain,0.5,0.5
mov_019,movies,age,young,Elicit,1,Memory,0.6666666666666666,1.0
mov_019,movies,age,adult,Elicit,1,Elicit,1.0,1.0
mov_019,movies,age,adult,Elicit,1,Retrieve,1.0,1.0
mov_019,movies,age,adult,Elicit,1,Rank,1.0,1.0
mov_019,movies,age,adult,Elicit,1,Explain,1.0,1.0
mov_019,movies,age,adult,Elicit,1,Memory,1.0,1.0
mov_019,movies,age,teen,Elicit,2,Elicit,1.0,1.0
mov_019,movies,age,teen,Elicit,2,Retrieve,1.0,1.0
mov_019,movies,age,teen,Elicit,2,Rank,1.0,1.0
mov_019,movies,age,teen,Elicit,2,Explain,1.0,1.0
mov_019,movies,age,teen,Elicit,2,Memory,1.0,1.0
mov_019,movies,age,young,Elicit,2,Elicit,0.6666666666666666,0.6666666666666666
mov_019,movies,age,young,Elicit,2,Retrieve,1.0,1.0
mov_019,movies,age,young,Elicit,2,Rank,0.9550000000000001,0.9550000000000001
mov_019,movies,age,young,Elicit,2,Explain,0.5,0.5
mov_019,movies,age,young,Elicit,2,Memory,0.6666666666666666,1.0
mov_019,movies,age,adult,Elicit,2,Elicit,1.0,1.0
mov_019,movies,age,adult,Elicit,2,Retrieve,1.0,1.0
mov_019,movies,age,adult,Elicit,2,Rank,1.0,1.0
mov_019,movies,age,adult,Elicit,2,Explain,1.0,1.0
mov_019,movies,age,adult,Elicit,2,Memory,1.0,1.0
mov_019,movies,age,teen,Elicit,3,Elicit,1.0,1.0
mov_019,movies,age,teen,Elicit,3,Retrieve,1.0,1.0
mov_019,movies,age,teen,Elicit,3,Rank,1.0,1.0
mov_019,movies,age,teen,Elicit,3,Explain,1.0,1.0
mov_019,movies,age,teen,Elicit,3,Memory,1.0,1.0
mov_019,movies,age,young,Elicit,3,Elicit,0.6666666666666666,0.5
mov_019,movies,age,young,Elicit,3,Retrieve,0.16666666666666663,0.16666666666666663
mov_019,movies,age,young,Elicit,3,Rank,0.14944500000000005,0.14944500000000002
mov_019,movies,age,young,Elicit,3,Explain,0.5,0.5
mov_019,movies,age,young,Elicit,3,Memory,0.6666666666666666,1.0
mov_019,movies,age,adult,Elicit,3,Elicit,1.0,1.0
mov_019,movies,age,adult,Elicit,3,Retrieve,1.0,1.0
mov_019,movies,age,adult,Elicit,3,Rank,1.0,1.0
mov_019,movies,age,adult,Elicit,3,Explain,1.0,1.0
mov_019,movies,age,adult,Elicit,3,Memory,1.0,1.0
mov_020,movies,age,teen,Retrieve,0,Elicit,1.0,1.0
mov_020,movies,age,teen,Retrieve,0,Retrieve,1.0,1.0
mov_020,movies,age,teen,Retrieve,0,Rank,1.0,1.0
mov_020,movies,age,teen,Retrieve,0,Explain,1.0,1.0
mov_020,movies,age,teen,Retrieve,0,Memory,1.0,1.0
mov_020,movies,age,young,Retrieve,0,Elicit,1.0,1.0
mov_020,movies,age,young,Retrieve,0,Retrieve,1.0,1.0
mov_020,movies,age,young,Retrieve,0,Rank,1.0,1.0
mov_020,movies,age,young,Retrieve,0,Explain,1.0,1.0
mov_020,movies,age,young,Retrieve,0,Memory,1.0,1.0
mov_020,movies,age,adult,Retrieve,0,Elicit,1.0,1.0
mov_020,movies,age,adult,Retrieve,0,Retrieve,0.19999999999999996,0.19999999999999996
mov_020,movies,age,adult,Retrieve,0,Rank,0.14944500000000005,0.14944500000000002
mov_020,movies,age,adult,Retrieve,0,Explain,0.5,0.5
mov_020,movies,age,adult,Retrieve,0,Memory,1.0,1.0
mov_020,movies,age,teen,Retrieve,1,Elicit,1.0,1.0
mov_020,movies,age,teen,Retrieve,1,Retrieve,1.0,1.0
mov_020,movies,age,teen,Retrieve,1,Rank,1.0,1.0
mov_020,movies,age,teen,Retrieve,1,Explain,1.0,1.0
mov_020,movies,age,teen,Retrieve,1,Memory,1.0,1.0
mov_020,movies,age,young,Retrieve,1,Elicit,1.0,1.0
mov_020,movies,age,young,Retrieve,1,Retrieve,1.0,1.0
mov_020,movies,age,young,Retrieve,1,Rank,1.0,1.0
mov_020,movies,age,young,Retrieve,1,Explain,1.0,1.0
mov_020,movies,age,young,Retrieve,1,Memory,1.0,1.0
mov_020,movies,age,adult,Retrieve,1,Elicit,1.0,1.0
mov_020,movies,age,adult,Retrieve,1,Retrieve,0.19999999999999996,0.19999999999999996
mov_020,movies,age,adult,Retrieve,1,Rank,0.0,0.0
mov_020,movies,age,adult,Retrieve,1,Explain,0.5,0.5
mov_020,movies,age,adult,Retrieve,1,Memory,1.0,1.0
mov_020,movies,age,teen,Retrieve,2,Elicit,1.0,1.0
mov_020,movies,age,teen,Retrieve,2,Retrieve,1.0,1.0
mov_020,movies,age,teen,Retrieve,2,Rank,1.0,1.0
mov_020,movies,age,teen,Retrieve,2,Explain,1.0,1.0
mov_020,movies,age,teen,Retrieve,2,Memory,1.0,1.0
mov_020,movies,age,young,Retrieve,2,Elicit,1.0,1.0
mov_020,movies,age,young,Retrieve,2,Retrieve,1.0,1.0
mov_020,movies,age,young,Retrieve,2,Rank,1.0,1.0
mov_020,movies,age,young,Retrieve,2,Explain,1.0,1.0
mov_020,movies,age,young,Retrieve,2,Memory,1.0,1.0
mov_020,movies,age,adult,Retrieve,2,Elicit,1.0,1.0
mov_020,movies,age,adult,Retrieve,2,Retrieve,0.19999999999999996,0.19999999999999996
mov_020,movies,age,adult,Retrieve,2,Rank,0.13122,0.13122000000000003
mov_020,movies,age,adult,Retrieve,2,Explain,0.5,0.5
mov_020,movies,age,adult,Retrieve,2,Memory,1.0,1.0
mov_020,movies,age,teen,Retrieve,3,Elicit,1.0,1.0
mov_020,movies,age,teen,Retrieve,3,Retrieve,1.0,1.0
mov_020,movies,age,teen,Retrieve,3,Rank,1.0,1.0
mov_020,movies,age,teen,Retrieve,3,Explain,1.0,1.0
mov_020,movies,age,teen,Retrieve,3,Memory,1.0,1.0
mov_020,movies,age,young,Retrieve,3,Elicit,1.0,1.0
mov_020,movies,age,young,Retrieve,3,Retrieve,1.0,1.0
mov_020,movies,age,young,Retrieve,3,Rank,1.0,1.0
mov_020,movies,age,young,Retrieve,3,Explain,1.0,1.0
mov_020,movies,age,young,Retrieve,3,Memory,1.0,1.0
mov_020,movies,age,adult,Retrieve,3,Elicit,1.0,1.0
mov_020,movies,age,adult,Retrieve,3,Retrieve,0.19999999999999996,0.19999999999999996
mov_020,movies,age,adult,Retrieve,3,Rank,0.13122,0.13122000000000003
mov_020,movies,age,adult,Retrieve,3,Explain,0.5,0.5
mov_020,movies,age,adult,Retrieve,3,Memory,1.0,1.0
mov_021,movies,age,teen,Rank,0,Elicit,1.0,1.0
mov_021,movies,age,teen,Rank,0,Retrieve,1.0,1.0
mov_021,movies,age,teen,Rank,0,Rank,0.678555,0.678555
mov_021,movies,age,teen,Rank,0,Explain,0.5,0.5
mov_021,movies,age,teen,Rank,0,Memory,1.0,1.0
mov_021,movies,age,young,Rank,0,Elicit,1.0,1.0
mov_021,movies,age,young,Rank,0,Retrieve,1.0,1.0
mov_021,movies,age,young,Rank,0,Rank,1.0,1.0
mov_021,movies,age,young,Rank,0,Explain,1.0,1.0
mov_021,movies,age,young,Rank,0,Memory,1.0,1.0
mov_021,movies,age,adult,Rank,0,Elicit,1.0,1.0
mov_021,movies,age,adult,Rank,0,Retrieve,1.0,1.0
mov_021,movies,age,adult,Rank,0,Rank,1.0,1.0
mov_021,movies,age,adult,Rank,0,Explain,1.0,1.0
mov_021,movies,age,adult,Rank,0,Memory,1.0,1.0
mov_021,movies,age,teen,Rank,1,Elicit,1.0,1.0
mov_021,movies,age,teen,Rank,1,Retrieve,1.0,1.0
mov_021,movies,age,teen,Rank,1,Rank,1.0,1.0
mov_021,movies,age,teen,Rank,1,Explain,1.0,1.0
mov_021,movies,age,teen,Rank,1,Memory,1.0,1.0
mov_021,movies,age,young,Rank,1,Elicit,1.0,1.0
mov_021,movies,age,young,Rank,1,Retrieve,1.0,1.0
mov_021,movies,age,young,Rank,1,Rank,1.0,1.0
mov_021,movies,age,young,Rank,1,Explain,1.0,1.0
mov_021,movies,age,young,Rank,1,Memory,1.0,1.0
mov_021,movies,age,adult,Rank,1,Elicit,1.0,1.0
mov_021,movies,age,adult,Rank,1,Retrieve,1.0,1.0
mov_021,movies,age,adult,Rank,1,Rank,1.0,1.0
mov_021,movies,age,adult,Rank,1,Explain,1.0,1.0
mov_021,movies,age,adult,Rank,1,Memory,1.0,1.0
mov_021,movies,age,teen,Rank,2,Elicit,1.0,1.0
mov_021,movies,age,teen,Rank,2,Retrieve,1.0,1.0
mov_021,movies,age,teen,Rank,2,Rank,1.0,1.0
mov_021,movies,age,teen,Rank,2,Explain,1.0,1.0
mov_021,movies,age,teen,Rank,2,Memory,1.0,1.0
mov_021,movies,age,young,Rank,2,Elicit,1.0,1.0
mov_021,movies,age,young,Rank,2,Retrieve,1.0,1.0
mov_021,movies,age,young,Rank,2,Rank,1.0,1.0
mov_021,movies,age,young,Rank,2,Explain,1.0,1.0
mov_021,movies,age,young,Rank,2,Memory,1.0,1.0
mov_021,movies,age,adult,Rank,2,Elicit,1.0,1.0
mov_021,movies,age,adult,Rank,2,Retrieve,1.0,1.0
mov_021,movies,age,adult,Rank,2,Rank,1.0,1.0
mov_021,movies,age,adult,Rank,2,Explain,1.0,1.0
mov_021,movies,age,adult,Rank,2,Memory,1.0,1.0
mov_021,movies,age,teen,Rank,3,Elicit,1.0,1.0
mov_021,movies,age,teen,Rank,3,Retrieve,1.0,1.0
mov_021,movies,age,teen,Rank,3,Rank,0.9,0.9
mov_021,movies,age,teen,Rank,3,Explain,0.5,0.5
mov_021,movies,age,teen,Rank,3,Memory,1.0,1.0
mov_021,movies,age,young,Rank,3,Elicit,1.0,1.0
mov_021,movies,age,young,Rank,3,Retrieve,1.0,1.0
mov_021,movies,age,young,Rank,3,Rank,1.0,1.0
mov_021,movies,age,young,Rank,3,Explain,1.0,1.0
mov_021,movies,age,young,Rank,3,Memory,1.0,1.0
mov_021,movies,age,adult,Rank,3,Elicit,1.0,1.0
mov_021,movies,age,adult,Rank,3,Retrieve,1.0,1.0
mov_021,movies,age,adult,Rank,3,Rank,1.0,1.0
mov_021,movies,age,adult,Rank,3,Explain,1.0,1.0
mov_021,movies,age,adult,Rank,3,Memory,1.0,1.0
mov_022,movies,age,teen,Explain,0,Elicit,1.0,1.0
mov_022,movies,age,teen,Explain,0,Retrieve,1.0,1.0
mov_022,movies,age,teen,Explain,0,Rank,1.0,1.0
mov_022,movies,age,teen,Explain,0,Explain,1.0,1.0
mov_022,movies,age,teen,Explain,0,Memory,1.0,1.0
mov_022,movies,age,young,Explain,0,Elicit,1.0,1.0
mov_022,movies,age,young,Explain,0,Retrieve,1.0,1.0
mov_022,movies,age,young,Explain,0,Rank,1.0,1.0
mov_022,movies,age,young,Explain,0,Explain,0.5,1.0
mov_022,movies,age,young,Explain,0,Memory,0.6666666666666666,1.0
mov_022,movies,age,adult,Explain,0,Elicit,1.0,1.0
mov_022,movies,age,adult,Explain,0,Retrieve,1.0,1.0
mov_022,movies,age,adult,Explain,0,Rank,1.0,1.0
mov_022,movies,age,adult,Explain,0,Explain,1.0,1.0
mov_022,movies,age,adult,Explain,0,Memory,1.0,1.0
mov_022,movies,age,teen,Explain,1,Elicit,1.0,1.0
mov_022,movies,age,teen,Explain,1,Retrieve,1.0,1.0
mov_022,movies,age,teen,Explain,1,Rank,1.0,1.0
mov_022,movies,age,teen,Explain,1,Explain,1.0,1.0
mov_022,movies,age,teen,Explain,1,Memory,1.0,1.0
mov_022,movies,age,young,Explain,1,Elicit,1.0,1.0
mov_022,movies,age,young,Explain,1,Retrieve,1.0,1.0
mov_022,movies,age,young,Explain,1,Rank,1.0,1.0
mov_022,movies,age,young,Explain,1,Explain,0.5,1.0
mov_022,movies,age,young,Explain,1,Memory,0.6666666666666666,1.0
mov_022,movies,age,adult,Explain,1,Elicit,1.0,1.0
mov_022,movies,age,adult,Explain,1,Retrieve,1.0,1.0
mov_022,movies,age,adult,Explain,1,Rank,1.0,1.0
mov_022,movies,age,adult,Explain,1,Explain,1.0,1.0
mov_022,movies,age,adult,Explain,1,Memory,1.0,1.0
mov_022,movies,age,teen,Explain,2,Elicit,1.0,1.0
mov_022,movies,age,teen,Explain,2,Retrieve,1.0,1.0
mov_022,movies,age,teen,Explain,2,Rank,1.0,1.0
mov_022,movies,age,teen,Explain,2,Explain,1.0,1.0
mov_022,movies,age,teen,Explain,2,Memory,1.0,1.0
mov_022,movies,age,young,Explain,2,Elicit,1.0,1.0
mov_022,movies,age,young,Explain,2,Retrieve,1.0,1.0
mov_022,movies,age,young,Explain,2,Rank,1.0,1.0
mov_022,movies,age,young,Explain,2,Explain,0.5,1.0
mov_022,movies,age,young,Explain,2,Memory,0.6666666666666666,1.0
mov_022,movies,age,adult,Explain,2,Elicit,1.0,1.0
mov_022,movies,age,adult,Explain,2,Retrieve,1.0,1.0
mov_022,movies,age,adult,Explain,2,Rank,1.0,1.0
mov_022,movies,age,adult,Explain,2,Explain,1.0,1.0
mov_022,movies,age,adult,Explain,2,Memory,1.0,1.0
mov_022,movies,age,teen,Explain,3,Elicit,1.0,1.0
mov_022,movies,age,teen,Explain,3,Retrieve,1.0,1.0
mov_022,movies,age,teen,Explain,3,Rank,1.0,1.0
mov_022,movies,age,teen,Explain,3,Explain,1.0,1.0
mov_022,movies,age,teen,Explain,3,Memory,1.0,1.0
mov_022,movies,age,young,Explain,3,Elicit,1.0,1.0
mov_022,movies,age,young,Explain,3,Retrieve,1.0,1.0
mov_022,movies,age,young,Explain,3,Rank,1.0,1.0
mov_022,movies,age,young,Explain,3,Explain,0.5,0.5
mov_022,movies,age,young,Explain,3,Memory,0.6666666666666666,1.0
mov_022,movies,age,adult,Explain,3,Elicit,1.0,1.0
mov_022,movies,age,adult,Explain,3,Retrieve,1.0,1.0
mov_022,movies,age,adult,Explain,3,Rank,1.0,1.0
mov_022,movies,age,adult,Explain,3,Explain,1.0,1.0
mov_022,movies,age,adult,Explain,3,Memory,1.0,1.0
mov_023,movies,age,teen,Memory,0,Elicit,1.0,1.0
mov_023,movies,age,teen,Memory,0,Retrieve,1.0,1.0
mov_023,movies,age,teen,Memory,0,Rank,1.0,1.0
mov_023,movies,age,teen,Memory,0,Explain,1.0,1.0
mov_023,movies,age,teen,Memory,0,Memory,1.0,1.0
mov_023,movies,age,young,Memory,0,Elicit,1.0,1.0
mov_023,movies,age,young,Memory,0,Retrieve,1.0,1.0
mov_023,movies,age,young,Memory,0,Rank,1.0,1.0
mov_023,movies,age,young,Memory,0,Explain,1.0,1.0
mov_023,movies,age,young,Memory,0,Memory,1.0,1.0
mov_023,movies,age,adult,Memory,0,Elicit,1.0,1.0
mov_023,movies,age,adult,Memory,0,Retrieve,1.0,1.0
mov_023,movies,age,adult,Memory,0,Rank,1.0,1.0
mov_023,movies,age,adult,Memory,0,Explain,1.0,1.0
mov_023,movies,age,adult,Memory,0,Memory,0.6666666666666666,1.0
mov_023,movies,age,teen,Memory,1,Elicit,1.0,1.0
mov_023,movies,age,teen,Memory,1,Retrieve,1.0,1.0
mov_023,movies,age,teen,Memory,1,Rank,1.0,1.0
mov_023,movies,age,teen,Memory,1,Explain,1.0,1.0
mov_023,movies,age,teen,Memory,1,Memory,1.0,1.0
mov_023,movies,age,young,Memory,1,Elicit,1.0,1.0
mov_023,movies,age,young,Memory,1,Retrieve,1.0,1.0
mov_023,movies,age,young,Memory,1,Rank,1.0,1.0
mov_023,movies,age,young,Memory,1,Explain,1.0,1.0
mov_023,movies,age,young,Memory,1,Memory,1.0,1.0
mov_023,movies,age,adult,Memory,1,Elicit,1.0,1.0
mov_023,movies,age,adult,Memory,1,Retrieve,1.0,1.0
mov_023,movies,age,adult,Memory,1,Rank,1.0,1.0
mov_023,movies,age,adult,Memory,1,Explain,1.0,1.0
mov_023,movies,age,adult,Memory,1,Memory,0.6666666666666666,1.0
mov_023,movies,age,teen,Memory,2,Elicit,1.0,1.0
mov_023,movies,age,teen,Memory,2,Retrieve,1.0,1.0
mov_023,movies,age,teen,Memory,2,Rank,1.0,1.0
mov_023,movies,age,teen,Memory,2,Explain,1.0,1.0
mov_023,movies,age,teen,Memory,2,Memory,1.0,1.0
mov_023,movies,age,young,Memory,2,Elicit,1.0,1.0
mov_023,movies,age,young,Memory,2,Retrieve,1.0,1.0
mov_023,movies,age,young,Memory,2,Rank,1.0,1.0
mov_023,movies,age,young,Memory,2,Explain,1.0,1.0
mov_023,movies,age,young,Memory,2,Memory,1.0,1.0
mov_023,movies,age,adult,Memory,2,Elicit,1.0,1.0
mov_023,movies,age,adult,Memory,2,Retrieve,1.0,1.0
mov_023,movies,age,adult,Memory,2,Rank,1.0,1.0
mov_023,movies,age,adult,Memory,2,Explain,1.0,1.0
mov_023,movies,age,adult,Memory,2,Memory,0.6666666666666666,1.0
mov_023,movies,age,teen,Memory,3,Elicit,1.0,1.0
mov_023,movies,age,teen,Memory,3,Retrieve,1.0,1.0
mov_023,movies,age,teen,Memory,3,Rank,1.0,1.0
mov_023,movies,age,teen,Memory,3,Explain,1.0,1.0
mov_023,movies,age,teen,Memory,3,Memory,1.0,1.0
mov_023,movies,age,young,Memory,3,Elicit,1.0,1.0
mov_023,movies,age,young,Memory,3,Retrieve,1.0,1.0
mov_023,movies,age,young,Memory,3,Rank,1.0,1.0
mov_023,movies,age,young,Memory,3,Explain,1.0,1.0
mov_023,movies,age,young,Memory,3,Memory,1.0,1.0
mov_023,movies,age,adult,Memory,3,Elicit,1.0,1.0
mov_023,movies,age,adult,Memory,3,Retrieve,1.0,1.0
mov_023,movies,age,adult,Memory,3,Rank,1.0,1.0
mov_023,movies,age,adult,Memory,3,Explain,1.0,1.0
mov_023,movies,age,adult,Memory,3,Memory,0.6666666666666666,1.0
res_000,restaurants,sex,man,none,0,Elicit,1.0,1.0
res_000,restaurants,sex,man,none,0,Retrieve,1.0,1.0
res_000,restaurants,sex,man,none,0,Rank,1.0,1.0
res_000,restaurants,sex,man,none,0,Explain,1.0,1.0
res_000,restaurants,sex,man,none,0,Memory,1.0,1.0
res_000,restaurants,sex,woman,none,0,Elicit,1.0,1.0
res_000,restaurants,sex,woman,none,0,Retrieve,1.0,1.0
res_000,restaurants,sex,woman,none,0,Rank,1.0,1.0
res_000,restaurants,sex,woman,none,0,Explain,1.0,1.0
res_000,restaurants,sex,woman,none,0,Memory,1.0,1.0
res_000,restaurants,sex,man,none,1,Elicit,1.0,1.0
res_000,restaurants,sex,man,none,1,Retrieve,1.0,1.0
res_000,restaurants,sex,man,none,1,Rank,1.0,1.0
res_000,restaurants,sex,man,none,1,Explain,1.0,1.0
res_000,restaurants,sex,man,none,1,Memory,1.0,1.0
res_000,restaurants,sex,woman,none,1,Elicit,1.0,1.0
res_000,restaurants,sex,woman,none,1,Retrieve,1.0,1.0
res_000,restaurants,sex,woman,none,1,Rank,1.0,1.0
res_000,restaurants,sex,woman,none,1,Explain,1.0,1.0
res_000,restaurants,sex,woman,none,1,Memory,1.0,1.0
res_000,restaurants,sex,man,none,2,Elicit,1.0,1.0
res_000,restaurants,sex,man,none,2,Retrieve,1.0,1.0
res_000,restaurants,sex,man,none,2,Rank,1.0,1.0
res_000,restaurants,sex,man,none,2,Explain,1.0,1.0
res_000,restaurants,sex,man,none,2,Memory,1.0,1.0
res_000,restaurants,sex,woman,none,2,Elicit,1.0,1.0
res_000,restaurants,sex,woman,none,2,Retrieve,1.0,1.0
res_000,restaurants,sex,woman,none,2,Rank,1.0,1.0
res_000,restaurants,sex,woman,none,2,Explain,1.0,1.0
res_000,restaurants,sex,woman,none,2,Memory,1.0,1.0
res_000,restaurants,sex,man,none,3,Elicit,1.0,1.0
res_000,restaurants,sex,man,none,3,Retrieve,1.0,1.0
res_000,restaurants,sex,man,none,3,Rank,1.0,1.0
res_000,restaurants,sex,man,none,3,Explain,1.0,1.0
res_000,restaurants,sex,man,none,3,Memory,1.0,1.0
res_000,restaurants,sex,woman,none,3,Elicit,1.0,1.0
res_000,restaurants,sex,woman,none,3,Retrieve,1.0,1.0
res_000,restaurants,sex,woman,none,3,Rank,1.0,1.0
res_000,restaurants,sex,woman,none,3,Explain,1.0,1.0
res_000,restaurants,sex,woman,none,3,Memory,1.0,1.0
res_001,restaurants,sex,man,Elicit,0,Elicit,1.0,1.0
res_001,restaurants,sex,man,Elicit,0,Retrieve,1.0,1.0
res_001,restaurants,sex,man,Elicit,0,Rank,1.0,1.0
res_001,restaurants,sex,man,Elicit,0,Explain,1.0,1.0
res_001,restaurants,sex,man,Elicit,0,Memory,1.0,1.0
res_001,restaurants,sex,woman,Elicit,0,Elicit,0.6666666666666666,1.0
res_001,restaurants,sex,woman,Elicit,0,Retrieve,1.0,1.0
res_001,restaurants,sex,woman,Elicit,0,Rank,0.45711,0.45711
res_001,restaurants,sex,woman,Elicit,0,Explain,0.5,0.5
res_001,restaurants,sex,woman,Elicit,0,Memory,0.6666666666666666,1.0
res_001,restaurants,sex,man,Elicit,1,Elicit,1.0,1.0
res_001,restaurants,sex,man,Elicit,1,Retrieve,1.0,1.0
res_001,restaurants,sex,man,Elicit,1,Rank,1.0,1.0
res_001,restaurants,sex,man,Elicit,1,Explain,1.0,1.0
res_001,restaurants,sex,man,Elicit,1,Memory,1.0,1.0
res_001,restaurants,sex,woman,Elicit,1,Elicit,0.6666666666666666,1.0
res_001,restaurants,sex,woman,Elicit,1,Retrieve,1.0,1.0
res_001,restaurants,sex,woman,Elicit,1,Rank,0.6335550000000001,0.6335550000000001
res_001,restaurants,sex,woman,Elicit,1,Explain,0.5,0.5
res_001,restaurants,sex,woman,Elicit,1,Memory,0.6666666666666666,1.0
res_001,restaurants,sex,man,Elicit,2,Elicit,1.0,1.0
res_001,restaurants,sex,man,Elicit,2,Retrieve,1.0,1.0
res_001,restaurants,sex,man,Elicit,2,Rank,1.0,1.0
res_001,restaurants,sex,man,Elicit,2,Explain,1.0,1.0
res_001,restaurants,sex,man,Elicit,2,Memory,1.0,1.0
res_001,restaurants,sex,woman,Elicit,2,Elicit,0.6666666666666666,0.6666666666666666
res_001,restaurants,sex,woman,Elicit,2,Retrieve,1.0,1.0
res_001,restaurants,sex,woman,Elicit,2,Rank,0.58833,0.58833
res_001,restaurants,sex,woman,Elicit,2,Explain,0.5,0.5
res_001,restaurants,sex,woman,Elicit,2,Memory,0.6666666666666666,1.0
res_001,restaurants,sex,man,Elicit,3,Elicit,1.0,1.0
res_001,restaurants,sex,man,Elicit,3,Retrieve,1.0,1.0
res_001,restaurants,sex,man,Elicit,3,Rank,1.0,1.0
res_001,restaurants,sex,man,Elicit,3,Explain,1.0,1.0
res_001,restaurants,sex,man,Elicit,3,Memory,1.0,1.0
res_001,restaurants,sex,woman,Elicit,3,Elicit,0.6666666666666666,0.5
res_001,restaurants,sex,woman,Elicit,3,Retrieve,0.16666666666666663,0.16666666666666663
res_001,restaurants,sex,woman,Elicit,3,Rank,0.13122,0.13122000000000003
res_001,restaurants,sex,woman,Elicit,3,Explain,0.5,0.5
res_001,restaurants,sex,woman,Elicit,3,Memory,0.6666666666666666,1.0
res_002,restaurants,sex,man,Retrieve,0,Elicit,1.0,1.0
res_002,restaurants,sex,man,Retrieve,0,Retrieve,0.16666666666666663,0.16666666666666663
res_002,restaurants,sex,man,Retrieve,0,Rank,0.13122,0.13122000000000003
res_002,restaurants,sex,man,Retrieve,0,Explain,1.0,1.0
res_002,restaurants,sex,man,Retrieve,0,Memory,1.0,1.0
res_002,restaurants,sex,woman,Retrieve,0,Elicit,1.0,1.0
res_002,restaurants,sex,woman,Retrieve,0,Retrieve,1.0,1.0
res_002,restaurants,sex,woman,Retrieve,0,Rank,1.0,1.0
res_002,restaurants,sex,woman,Retrieve,0,Explain,1.0,1.0
res_002,restaurants,sex,woman,Retrieve,0,Memory,1.0,1.0
res_002,restaurants,sex,man,Retrieve,1,Elicit,1.0,1.0
res_002,restaurants,sex,man,Retrieve,1,Retrieve,0.16666666666666663,0.16666666666666663
res_002,restaurants,sex,man,Retrieve,1,Rank,0.17644499999999996,0.17644500000000002
res_002,restaurants,sex,man,Retrieve,1,Explain,1.0,1.0
res_002,restaurants,sex,man,Retrieve,1,Memory,1.0,1.0
res_002,restaurants,sex,woman,Retrieve,1,Elicit,1.0,1.0
res_002,restaurants,sex,woman,Retrieve,1,Retrieve,1.0,1.0
res_002,restaurants,sex,woman,Retrieve,1,Rank,1.0,1.0
res_002,restaurants,sex,woman,Retrieve,1,Explain,1.0,1.0
res_002,restaurants,sex,woman,Retrieve,1,Memory,1.0,1.0
res_002,restaurants,sex,man,Retrieve,2,Elicit,1.0,1.0
res_002,restaurants,sex,man,Retrieve,2,Retrieve,0.16666666666666663,0.16666666666666663
res_002,restaurants,sex,man,Retrieve,2,Rank,0.17644499999999996,0.17644500000000002
res_002,restaurants,sex,man,Retrieve,2,Explain,1.0,1.0
res_002,restaurants,sex,man,Retrieve,2,Memory,1.0,1.0
res_002,restaurants,sex,woman,Retrieve,2,Elicit,1.0,1.0
res_002,restaurants,sex,woman,Retrieve,2,Retrieve,1.0,1.0
res_002,restaurants,sex,woman,Retrieve,2,Rank,1.0,1.0
res_002,restaurants,sex,woman,Retrieve,2,Explain,1.0,1.0
res_002,restaurants,sex,woman,Retrieve,2,Memory,1.0,1.0
res_002,restaurants,sex,man,Retrieve,3,Elicit,1.0,1.0
res_002,restaurants,sex,man,Retrieve,3,Retrieve,0.16666666666666663,0.16666666666666663
res_002,restaurants,sex,man,Retrieve,3,Rank,0.0,0.0
res_002,restaurants,sex,man,Retrieve,3,Explain,1.0,1.0
res_002,restaurants,sex,man,Retrieve,3,Memory,1.0,1.0
res_002,restaurants,sex,woman,Retrieve,3,Elicit,1.0,1.0
res_002,restaurants,sex,woman,Retrieve,3,Retrieve,1.0,1.0
res_002,restaurants,sex,woman,Retrieve,3,Rank,1.0,1.0
res_002,restaurants,sex,woman,Retrieve,3,Explain,1.0,1.0
res_002,restaurants,sex,woman,Retrieve,3,Memory,1.0,1.0
res_003,restaurants,sex,man,Rank,0,Elicit,1.0,1.0
res_003,restaurants,sex,man,Rank,0,Retrieve,1.0,1.0
res_003,restaurants,sex,man,Rank,0,Rank,1.0,1.0
res_003,restaurants,sex,man,Rank,0,Explain,1.0,1.0
res_003,restaurants,sex,man,Rank,0,Memory,1.0,1.0
res_003,restaurants,sex,woman,Rank,0,Elicit,1.0,1.0
res_003,restaurants,sex,woman,Rank,0,Retrieve,1.0,1.0
res_003,restaurants,sex,woman,Rank,0,Rank,0.9,0.9
res_003,restaurants,sex,woman,Rank,0,Explain,1.0,1.0
res_003,restaurants,sex,woman,Rank,0,Memory,1.0,1.0
res_003,restaurants,sex,man,Rank,1,Elicit,1.0,1.0
res_003,restaurants,sex,man,Rank,1,Retrieve,1.0,1.0
res_003,restaurants,sex,man,Rank,1,Rank,1.0,1.0
res_003,restaurants,sex,man,Rank,1,Explain,1.0,1.0
res_003,restaurants,sex,man,Rank,1,Memory,1.0,1.0
res_003,restaurants,sex,woman,Rank,1,Elicit,1.0,1.0
res_003,restaurants,sex,woman,Rank,1,Retrieve,1.0,1.0
res_003,restaurants,sex,woman,Rank,1,Rank,0.9,0.9
res_003,restaurants,sex,woman,Rank,1,Explain,1.0,1.0
res_003,restaurants,sex,woman,Rank,1,Memory,1.0,1.0
res_003,restaurants,sex,man,Rank,2,Elicit,1.0,1.0
res_003,restaurants,sex,man,Rank,2,Retrieve,1.0,1.0
res_003,restaurants,sex,man,Rank,2,Rank,1.0,1.0
res_003,restaurants,sex,man,Rank,2,Explain,1.0,1.0
res_003,restaurants,sex,man,Rank,2,Memory,1.0,1.0
res_003,restaurants,sex,woman,Rank,2,Elicit,1.0,1.0
res_003,restaurants,sex,woman,Rank,2,Retrieve,1.0,1.0
res_003,restaurants,sex,woman,Rank,2,Rank,0.9,0.9
res_003,restaurants,sex,woman,Rank,2,Explain,1.0,1.0
res_003,restaurants,sex,woman,Rank,2,Memory,1.0,1.0
res_003,restaurants,sex,man,Rank,3,Elicit,1.0,1.0
res_003,restaurants,sex,man,Rank,3,Retrieve,1.0,1.0
res_003,restaurants,sex,man,Rank,3,Rank,1.0,1.0
res_003,restaurants,sex,man,Rank,3,Explain,1.0,1.0
res_003,restaurants,sex,man,Rank,3,Memory,1.0,1.0
res_003,restaurants,sex,woman,Rank,3,Elicit,1.0,1.0
res_003,restaurants,sex,woman,Rank,3,Retrieve,1.0,1.0
res_003,restaurants,sex,woman,Rank,3,Rank,0.9,0.9
res_003,restaurants,sex,woman,Rank,3,Explain,1.0,1.0
res_003,restaurants,sex,woman,Rank,3,Memory,1.0,1.0
res_004,restaurants,sex,man,Explain,0,Elicit,1.0,1.0
res_004,restaurants,sex,man,Explain,0,Retrieve,1.0,1.0
res_004,restaurants,sex,man,Explain,0,Rank,1.0,1.0
res_004,restaurants,sex,man,Explain,0,Explain,0.6666666666666666,1.0
res_004,restaurants,sex,man,Explain,0,Memory,0.75,1.0
res_004,restaurants,sex,woman,Explain,0,Elicit,1.0,1.0
res_004,restaurants,sex,woman,Explain,0,Retrieve,1.0,1.0
res_004,restaurants,sex,woman,Explain,0,Rank,1.0,1.0
res_004,restaurants,sex,woman,Explain,0,Explain,1.0,1.0
res_004,restaurants,sex,woman,Explain,0,Memory,1.0,1.0
res_004,restaurants,sex,man,Explain,1,Elicit,1.0,1.0
res_004,restaurants,sex,man,Explain,1,Retrieve,1.0,1.0
res_004,restaurants,sex,man,Explain,1,Rank,1.0,1.0
res_004,restaurants,sex,man,Explain,1,Explain,0.6666666666666666,1.0
res_004,restaurants,sex,man,Explain,1,Memory,0.75,1.0
res_004,restaurants,sex,woman,Explain,1,Elicit,1.0,1.0
res_004,restaurants,sex,woman,Explain,1,Retrieve,1.0,1.0
res_004,restaurants,sex,woman,Explain,1,Rank,1.0,1.0
res_004,restaurants,sex,woman,Explain,1,Explain,1.0,1.0
res_004,restaurants,sex,woman,Explain,1,Memory,1.0,1.0
res_004,restaurants,sex,man,Explain,2,Elicit,1.0,1.0
res_004,restaurants,sex,man,Explain,2,Retrieve,1.0,1.0
res_004,restaurants,sex,man,Explain,2,Rank,1.0,1.0
res_004,restaurants,sex,man,Explain,2,Explain,0.6666666666666666,1.0
res_004,restaurants,sex,man,Explain,2,Memory,0.75,1.0
res_004,restaurants,sex,woman,Explain,2,Elicit,1.0,1.0
res_004,restaurants,sex,woman,Explain,2,Retrieve,1.0,1.0
res_004,restaurants,sex,woman,Explain,2,Rank,1.0,1.0
res_004,restaurants,sex,woman,Explain,2,Explain,1.0,1.0
res_004,restaurants,sex,woman,Explain,2,Memory,1.0,1.0
res_004,restaurants,sex,man,Explain,3,Elicit,1.0,1.0
res_004,restaurants,sex,man,Explain,3,Retrieve,1.0,1.0
res_004,restaurants,sex,man,Explain,3,Rank,1.0,1.0
res_004,restaurants,sex,man,Explain,3,Explain,0.6666666666666666,1.0
res_004,restaurants,sex,man,Explain,3,Memory,0.75,1.0
res_004,restaurants,sex,woman,Explain,3,Elicit,1.0,1.0
res_004,restaurants,sex,woman,Explain,3,Retrieve,1.0,1.0
res_004,restaurants,sex,woman,Explain,3,Rank,1.0,1.0
res_004,restaurants,sex,woman,Explain,3,Explain,1.0,1.0
res_004,restaurants,sex,woman,Explain,3,Memory,1.0,1.0
res_005,restaurants,sex,man,Memory,0,Elicit,1.0,1.0
res_005,restaurants,sex,man,Memory,0,Retrieve,1.0,1.0
res_005,restaurants,sex,man,Memory,0,Rank,1.0,1.0
res_005,restaurants,sex,man,Memory,0,Explain,1.0,1.0
res_005,restaurants,sex,man,Memory,0,Memory,1.0,1.0
res_005,restaurants,sex,woman,Memory,0,Elicit,1.0,1.0
res_005,restaurants,sex,woman,Memory,0,Retrieve,1.0,1.0
res_005,restaurants,sex,woman,Memory,0,Rank,1.0,1.0
res_005,restaurants,sex,woman,Memory,0,Explain,1.0,1.0
res_005,restaurants,sex,woman,Memory,0,Memory,0.6666666666666666,1.0
res_005,restaurants,sex,man,Memory,1,Elicit,1.0,1.0
res_005,restaurants,sex,man,Memory,1,Retrieve,1.0,1.0
res_005,restaurants,sex,man,Memory,1,Rank,1.0,1.0
res_005,restaurants,sex,man,Memory,1,Explain,1.0,1.0
res_005,restaurants,sex,man,Memory,1,Memory,1.0,1.0
res_005,restaurants,sex,woman,Memory,1,Elicit,1.0,1.0
res_005,restaurants,sex,woman,Memory,1,Retrieve,1.0,1.0
res_005,restaurants,sex,woman,Memory,1,Rank,1.0,1.0
res_005,restaurants,sex,woman,Memory,1,Explain,1.0,1.0
res_005,restaurants,sex,woman,Memory,1,Memory,0.6666666666666666,1.0
res_005,restaurants,sex,man,Memory,2,Elicit,1.0,1.0
res_005,restaurants,sex,man,Memory,2,Retrieve,1.0,1.0
res_005,restaurants,sex,man,Memory,2,Rank,1.0,1.0
res_005,restaurants,sex,man,Memory,2,Explain,1.0,1.0
res_005,restaurants,sex,man,Memory,2,Memory,1.0,1.0
res_005,restaurants,sex,woman,Memory,2,Elicit,1.0,1.0
res_005,restaurants,sex,woman,Memory,2,Retrieve,1.0,1.0
res_005,restaurants,sex,woman,Memory,2,Rank,1.0,1.0
res_005,restaurants,sex,woman,Memory,2,Explain,1.0,1.0
res_005,restaurants,sex,woman,Memory,2,Memory,0.6666666666666666,1.0
res_005,restaurants,sex,man,Memory,3,Elicit,1.0,1.0
res_005,restaurants,sex,man,Memory,3,Retrieve,1.0,1.0
res_005,restaurants,sex,man,Memory,3,Rank,1.0,1.0
res_005,restaurants,sex,man,Memory,3,Explain,1.0,1.0
res_005,restaurants,sex,man,Memory,3,Memory,1.0,1.0
res_005,restaurants,sex,woman,Memory,3,Elicit,1.0,1.0
res_005,restaurants,sex,woman,Memory,3,Retrieve,1.0,1.0
res_005,restaurants,sex,woman,Memory,3,Rank,1.0,1.0
res_005,restaurants,sex,woman,Memory,3,Explain,1.0,1.0
res_005,restaurants,sex,woman,Memory,3,Memory,0.6666666666666666,1.0
res_006,restaurants,age,teen,none,0,Elicit,1.0,1.0
res_006,restaurants,age,teen,none,0,Retrieve,1.0,1.0
res_006,restaurants,age,teen,none,0,Rank,1.0,1.0
res_006,restaurants,age,teen,none,0,Explain,1.0,1.0
res_006,restaurants,age,teen,none,0,Memory,1.0,1.0
res_006,restaurants,age,young,none,0,Elicit,1.0,1.0
res_006,restaurants,age,young,none,0,Retrieve,1.0,1.0
res_006,restaurants,age,young,none,0,Rank,1.0,1.0
res_006,restaurants,age,young,none,0,Explain,1.0,1.0
res_006,restaurants,age,young,none,0,Memory,1.0,1.0
res_006,restaurants,age,adult,none,0,Elicit,1.0,1.0
res_006,restaurants,age,adult,none,0,Retrieve,1.0,1.0
res_006,restaurants,age,adult,none,0,Rank,1.0,1.0
res_006,restaurants,age,adult,none,0,Explain,1.0,1.0
res_006,restaurants,age,adult,none,0,Memory,1.0,1.0
res_006,restaurants,age,teen,none,1,Elicit,1.0,1.0
res_006,restaurants,age,teen,none,1,Retrieve,1.0,1.0
res_006,restaurants,age,teen,none,1,Rank,1.0,1.0
res_006,restaurants,age,teen,none,1,Explain,1.0,1.0
res_006,restaurants,age,teen,none,1,Memory,1.0,1.0
res_006,restaurants,age,young,none,1,Elicit,1.0,1.0
res_006,restaurants,age,young,none,1,Retrieve,1.0,1.0
res_006,restaurants,age,young,none,1,Rank,1.0,1.0
res_006,restaurants,age,young,none,1,Explain,1.0,1.0
res_006,restaurants,age,young,none,1,Memory,1.0,1.0
res_006,restaurants,age,adult,none,1,Elicit,1.0,1.0
res_006,restaurants,age,adult,none,1,Retrieve,1.0,1.0
res_006,restaurants,age,adult,none,1,Rank,1.0,1.0
res_006,restaurants,age,adult,none,1,Explain,1.0,1.0
res_006,restaurants,age,adult,none,1,Memory,1.0,1.0
res_006,restaurants,age,teen,none,2,Elicit,1.0,1.0
res_006,restaurants,age,teen,none,2,Retrieve,1.0,1.0
res_006,restaurants,age,teen,none,2,Rank,1.0,1.0
res_006,restaurants,age,teen,none,2,Explain,1.0,1.0
res_006,restaurants,age,teen,none,2,Memory,1.0,1.0
res_006,restaurants,age,young,none,2,Elicit,1.0,1.0
res_006,restaurants,age,young,none,2,Retrieve,1.0,1.0
res_006,restaurants,age,young,none,2,Rank,1.0,1.0
res_006,restaurants,age,young,none,2,Explain,1.0,1.0
res_006,restaurants,age,young,none,2,Memory,1.0,1.0
res_006,restaurants,age,adult,none,2,Elicit,1.0,1.0
res_006,restaurants,age,adult,none,2,Retrieve,1.0,1.0
res_006,restaurants,age,adult,none,2,Rank,1.0,1.0
res_006,restaurants,age,adult,none,2,Explain,1.0,1.0
res_006,restaurants,age,adult,none,2,Memory,1.0,1.0
res_006,restaurants,age,teen,none,3,Elicit,1.0,1.0
res_006,restaurants,age,teen,none,3,Retrieve,1.0,1.0
res_006,restaurants,age,teen,none,3,Rank,1.0,1.0
res_006,restaurants,age,teen,none,3,Explain,1.0,1.0
res_006,restaurants,age,teen,none,3,Memory,1.0,1.0
res_006,restaurants,age,young,none,3,Elicit,1.0,1.0
res_006,restaurants,age,young,none,3,Retrieve,1.0,1.0
res_006,restaurants,age,young,none,3,Rank,1.0,1.0
res_006,restaurants,age,young,none,3,Explain,1.0,1.0
res_006,restaurants,age,young,none,3,Memory,1.0,1.0
res_006,restaurants,age,adult,none,3,Elicit,1.0,1.0
res_006,restaurants,age,adult,none,3,Retrieve,1.0,1.0
res_006,restaurants,age,adult,none,3,Rank,1.0,1.0
res_006,restaurants,age,adult,none,3,Explain,1.0,1.0
res_006,restaurants,age,adult,none,3,Memory,1.0,1.0
res_007,restaurants,age,teen,Elicit,0,Elicit,1.0,1.0
res_007,restaurants,age,teen,Elicit,0,Retrieve,1.0,1.0
res_007,restaurants,age,teen,Elicit,0,Rank,1.0,1.0
res_007,restaurants,age,teen,Elicit,0,Explain,1.0,1.0
res_007,restaurants,age,teen,Elicit,0,Memory,1.0,1.0
res_007,restaurants,age,young,Elicit,0,Elicit,1.0,1.0
res_007,restaurants,age,young,Elicit,0,Retrieve,1.0,1.0
res_007,restaurants,age,young,Elicit,0,Rank,1.0,1.0
res_007,restaurants,age,young,Elicit,0,Explain,1.0,1.0
res_007,restaurants,age,young,Elicit,0,Memory,1.0,1.0
res_007,restaurants,age,adult,Elicit,0,Elicit,0.6666666666666666,0.6666666666666666
res_007,restaurants,age,adult,Elicit,0,Retrieve,0.16666666666666663,0.16666666666666663
res_007,restaurants,age,adult,Elicit,0,Rank,0.13122,0.13122000000000003
res_007,restaurants,age,adult,Elicit,0,Explain,0.5,0.5
res_007,restaurants,age,adult,Elicit,0,Memory,0.6666666666666666,1.0
res_007,restaurants,age,teen,Elicit,1,Elicit,1.0,1.0
res_007,restaurants,age,teen,Elicit,1,Retrieve,1.0,1.0
res_007,restaurants,age,teen,Elicit,1,Rank,1.0,1.0
res_007,restaurants,age,teen,Elicit,1,Explain,1.0,1.0
res_007,restaurants,age,teen,Elicit,1,Memory,1.0,1.0
res_007,restaurants,age,young,Elicit,1,Elicit,1.0,1.0
res_007,restaurants,age,young,Elicit,1,Retrieve,1.0,1.0
res_007,restaurants,age,young,Elicit,1,Rank,1.0,1.0
res_007,restaurants,age,young,Elicit,1,Explain,1.0,1.0
res_007,restaurants,age,young,Elicit,1,Memory,1.0,1.0
res_007,restaurants,age,adult,Elicit,1,Elicit,0.6666666666666666,1.0
res_007,restaurants,age,adult,Elicit,1,Retrieve,1.0,1.0
res_007,restaurants,age,adult,Elicit,1,Rank,0.45711,0.45711
res_007,restaurants,age,adult,Elicit,1,Explain,0.5,0.5
res_007,restaurants,age,adult,Elicit,1,Memory,0.6666666666666666,1.0
res_007,restaurants,age,teen,Elicit,2,Elicit,1.0,1.0
res_007,restaurants,age,teen,Elicit,2,Retrieve,1.0,1.0
res_007,restaurants,age,teen,Elicit,2,Rank,1.0,1.0
res_007,restaurants,age,teen,Elicit,2,Explain,1.0,1.0
res_007,restaurants,age,teen,Elicit,2,Memory,1.0,1.0
res_007,restaurants,age,young,Elicit,2,Elicit,1.0,1.0
res_007,restaurants,age,young,Elicit,2,Retrieve,1.0,1.0
res_007,restaurants,age,young,Elicit,2,Rank,1.0,1.0
res_007,restaurants,age,young,Elicit,2,Explain,1.0,1.0
res_007,restaurants,age,young,Elicit,2,Memory,1.0,1.0
res_007,restaurants,age,adult,Elicit,2,Elicit,0.6666666666666666,0.5
res_007,restaurants,age,adult,Elicit,2,Retrieve,0.16666666666666663,0.16666666666666663
res_007,restaurants,age,adult,Elicit,2,Rank,0.221445,0.221445
res_007,restaurants,age,adult,Elicit,2,Explain,0.5,0.5
res_007,restaurants,age,adult,Elicit,2,Memory,0.6666666666666666,1.0
res_007,restaurants,age,teen,Elicit,3,Elicit,1.0,1.0
res_007,restaurants,age,teen,Elicit,3,Retrieve,1.0,1.0
res_007,restaurants,age,teen,Elicit,3,Rank,1.0,1.0
res_007,restaurants,age,teen,Elicit,3,Explain,1.0,1.0
res_007,restaurants,age,teen,Elicit,3,Memory,1.0,1.0
res_007,restaurants,age,young,Elicit,3,Elicit,1.0,1.0
res_007,restaurants,age,young,Elicit,3,Retrieve,1.0,1.0
res_007,restaurants,age,young,Elicit,3,Rank,1.0,1.0
res_007,restaurants,age,young,Elicit,3,Explain,1.0,1.0
res_007,restaurants,age,young,Elicit,3,Memory,1.0,1.0
res_007,restaurants,age,adult,Elicit,3,Elicit,0.6666666666666666,0.5
res_007,restaurants,age,adult,Elicit,3,Retrieve,0.16666666666666663,0.16666666666666663
res_007,restaurants,age,adult,Elicit,3,Rank,0.28066500000000005,0.28066500000000005
res_007,restaurants,age,adult,Elicit,3,Explain,0.5,0.5
res_007,restaurants,age,adult,Elicit,3,Memory,0.6666666666666666,1.0
res_008,restaurants,age,teen,Retrieve,0,Elicit,1.0,1.0
res_008,restaurants,age,teen,Retrieve,0,Retrieve,0.16666666666666663,0.16666666666666663
res_008,restaurants,age,teen,Retrieve,0,Rank,0.13122,0.13122000000000003
res_008,restaurants,age,teen,Retrieve,0,Explain,0.5,0.5
res_008,restaurants,age,teen,Retrieve,0,Memory,1.0,1.0
res_008,restaurants,age,young,Retrieve,0,Elicit,1.0,1.0
res_008,restaurants,age,young,Retrieve,0,Retrieve,1.0,1.0
res_008,restaurants,age,young,Retrieve,0,Rank,1.0,1.0
res_008,restaurants,age,young,Retrieve,0,Explain,1.0,1.0
res_008,restaurants,age,young,Retrieve,0,Memory,1.0,1.0
res_008,restaurants,age,adult,Retrieve,0,Elicit,1.0,1.0
res_008,restaurants,age,adult,Retrieve,0,Retrieve,1.0,1.0
res_008,restaurants,age,adult,Retrieve,0,Rank,1.0,1.0
res_008,restaurants,age,adult,Retrieve,0,Explain,1.0,1.0
res_008,restaurants,age,adult,Retrieve,0,Memory,1.0,1.0
res_008,restaurants,age,teen,Retrieve,1,Elicit,1.0,1.0
res_008,restaurants,age,teen,Retrieve,1,Retrieve,0.16666666666666663,0.16666666666666663
res_008,restaurants,age,teen,Retrieve,1,Rank,0.17644499999999996,0.17644500000000002
res_008,restaurants,age,teen,Retrieve,1,Explain,0.5,0.5
res_008,restaurants,age,teen,Retrieve,1,Memory,1.0,1.0
res_008,restaurants,age,young,Retrieve,1,Elicit,1.0,1.0
res_008,restaurants,age,young,Retrieve,1,Retrieve,1.0,1.0
res_008,restaurants,age,young,Retrieve,1,Rank,1.0,1.0
res_008,restaurants,age,young,Retrieve,1,Explain,1.0,1.0
res_008,restaurants,age,young,Retrieve,1,Memory,1.0,1.0
res_008,restaurants,age,adult,Retrieve,1,Elicit,1.0,1.0
res_008,restaurants,age,adult,Retrieve,1,Retrieve,1.0,1.0
res_008,restaurants,age,adult,Retrieve,1,Rank,1.0,1.0
res_008,restaurants,age,adult,Retrieve,1,Explain,1.0,1.0
res_008,restaurants,age,adult,Retrieve,1,Memory,1.0,1.0
res_008,restaurants,age,teen,Retrieve,2,Elicit,1.0,1.0
res_008,restaurants,age,teen,Retrieve,2,Retrieve,0.0,0.0
res_008,restaurants,age,teen,Retrieve,2,Rank,0.0,0.0
res_008,restaurants,age,teen,Retrieve,2,Explain,0.5,0.5
res_008,restaurants,age,teen,Retrieve,2,Memory,1.0,1.0
res_008,restaurants,age,young,Retrieve,2,Elicit,1.0,1.0
res_008,restaurants,age,young,Retrieve,2,Retrieve,1.0,1.0
res_008,restaurants,age,young,Retrieve,2,Rank,1.0,1.0
res_008,restaurants,age,young,Retrieve,2,Explain,1.0,1.0
res_008,restaurants,age,young,Retrieve,2,Memory,1.0,1.0
res_008,restaurants,age,adult,Retrieve,2,Elicit,1.0,1.0
res_008,restaurants,age,adult,Retrieve,2,Retrieve,1.0,1.0
res_008,restaurants,age,adult,Retrieve,2,Rank,1.0,1.0
res_008,restaurants,age,adult,Retrieve,2,Explain,1.0,1.0
res_008,restaurants,age,adult,Retrieve,2,Memory,1.0,1.0
res_008,restaurants,age,teen,Retrieve,3,Elicit,1.0,1.0
res_008,restaurants,age,teen,Retrieve,3,Retrieve,0.16666666666666663,0.16666666666666663
res_008,restaurants,age,teen,Retrieve,3,Rank,0.32589,0.32589
res_008,restaurants,age,teen,Retrieve,3,Explain,0.5,0.5
res_008,restaurants,age,teen,Retrieve,3,Memory,1.0,1.0
res_008,restaurants,age,young,Retrieve,3,Elicit,1.0,1.0
res_008,restaurants,age,young,Retrieve,3,Retrieve,1.0,1.0
res_008,restaurants,age,young,Retrieve,3,Rank,1.0,1.0
res_008,restaurants,age,young,Retrieve,3,Explain,1.0,1.0
res_008,restaurants,age,young,Retrieve,3,Memory,1.0,1.0
res_008,restaurants,age,adult,Retrieve,3,Elicit,1.0,1.0
res_008,restaurants,age,adult,Retrieve,3,Retrieve,1.0,1.0
res_008,restaurants,age,adult,Retrieve,3,Rank,1.0,1.0
res_008,restaurants,age,adult,Retrieve,3,Explain,1.0,1.0
res_008,restaurants,age,adult,Retrieve,3,Memory,1.0,1.0
res_009,restaurants,age,teen,Rank,0,Elicit,1.0,1.0
res_009,restaurants,age,teen,Rank,0,Retrieve,1.0,1.0
res_009,restaurants,age,teen,Rank,0,Rank,1.0,1.0
res_009,restaurants,age,teen,Rank,0,Explain,1.0,1.0
res_009,restaurants,age,teen,Rank,0,Memory,1.0,1.0
res_009,restaurants,age,young,Rank,0,Elicit,1.0,1.0
res_009,restaurants,age,young,Rank,0,Retrieve,1.0,1.0
res_009,restaurants,age,young,Rank,0,Rank,1.0,1.0
res_009,restaurants,age,young,Rank,0,Explain,1.0,1.0
res_009,restaurants,age,young,Rank,0,Memory,1.0,1.0
res_009,restaurants,age,adult,Rank,0,Elicit,1.0,1.0
res_009,restaurants,age,adult,Rank,0,Retrieve,1.0,1.0
res_009,restaurants,age,adult,Rank,0,Rank,1.0,1.0
res_009,restaurants,age,adult,Rank,0,Explain,1.0,1.0
res_009,restaurants,age,adult,Rank,0,Memory,1.0,1.0
res_009,restaurants,age,teen,Rank,1,Elicit,1.0,1.0
res_009,restaurants,age,teen,Rank,1,Retrieve,1.0,1.0
res_009,restaurants,age,teen,Rank,1,Rank,1.0,1.0
res_009,restaurants,age,teen,Rank,1,Explain,1.0,1.0
res_009,restaurants,age,teen,Rank,1,Memory,1.0,1.0
res_009,restaurants,age,young,Rank,1,Elicit,1.0,1.0
res_009,restaurants,age,young,Rank,1,Retrieve,1.0,1.0
res_009,restaurants,age,young,Rank,1,Rank,0.8550000000000001,0.8550000000000001
res_009,restaurants,age,young,Rank,1,Explain,1.0,1.0
res_009,restaurants,age,young,Rank,1,Memory,1.0,1.0
res_009,restaurants,age,adult,Rank,1,Elicit,1.0,1.0
res_009,restaurants,age,adult,Rank,1,Retrieve,1.0,1.0
res_009,restaurants,age,adult,Rank,1,Rank,1.0,1.0
res_009,restaurants,age,adult,Rank,1,Explain,1.0,1.0
res_009,restaurants,age,adult,Rank,1,Memory,1.0,1.0
res_009,restaurants,age,teen,Rank,2,Elicit,1.0,1.0
res_009,restaurants,age,teen,Rank,2,Retrieve,1.0,1.0
res_009,restaurants,age,teen,Rank,2,Rank,1.0,1.0
res_009,restaurants,age,teen,Rank,2,Explain,1.0,1.0
res_009,restaurants,age,teen,Rank,2,Memory,1.0,1.0
res_009,restaurants,age,young,Rank,2,Elicit,1.0,1.0
res_009,restaurants,age,young,Rank,2,Retrieve,1.0,1.0
res_009,restaurants,age,young,Rank,2,Rank,0.8550000000000001,0.8550000000000001
res_009,restaurants,age,young,Rank,2,Explain,1.0,1.0
res_009,restaurants,age,young,Rank,2,Memory,1.0,1.0
res_009,restaurants,age,adult,Rank,2,Elicit,1.0,1.0
res_009,restaurants,age,adult,Rank,2,Retrieve,1.0,1.0
res_009,restaurants,age,adult,Rank,2,Rank,1.0,1.0
res_009,restaurants,age,adult,Rank,2,Explain,1.0,1.0
res_009,restaurants,age,adult,Rank,2,Memory,1.0,1.0
res_009,restaurants,age,teen,Rank,3,Elicit,1.0,1.0
res_009,restaurants,age,teen,Rank,3,Retrieve,1.0,1.0
res_009,restaurants,age,teen,Rank,3,Rank,1.0,1.0
res_009,restaurants,age,teen,Rank,3,Explain,1.0,1.0
res_009,restaurants,age,teen,Rank,3,Memory,1.0,1.0
res_009,restaurants,age,young,Rank,3,Elicit,1.0,1.0
res_009,restaurants,age,young,Rank,3,Retrieve,1.0,1.0
res_009,restaurants,age,young,Rank,3,Rank,0.8550000000000001,0.8550000000000001
res_009,restaurants,age,young,Rank,3,Explain,1.0,1.0
res_009,restaurants,age,young,Rank,3,Memory,1.0,1.0
res_009,restaurants,age,adult,Rank,3,Elicit,1.0,1.0
res_009,restaurants,age,adult,Rank,3,Retrieve,1.0,1.0
res_009,restaurants,age,adult,Rank,3,Rank,1.0,1.0
res_009,restaurants,age,adult,Rank,3,Explain,1.0,1.0
res_009,restaurants,age,adult,Rank,3,Memory,1.0,1.0
res_010,restaurants,age,teen,Explain,0,Elicit,1.0,1.0
res_010,restaurants,age,teen,Explain,0,Retrieve,1.0,1.0
res_010,restaurants,age,teen,Explain,0,Rank,1.0,1.0
res_010,restaurants,age,teen,Explain,0,Explain,1.0,1.0
res_010,restaurants,age,teen,Explain,0,Memory,1.0,1.0
res_010,restaurants,age,young,Explain,0,Elicit,1.0,1.0
res_010,restaurants,age,young,Explain,0,Retrieve,1.0,1.0
res_010,restaurants,age,young,Explain,0,Rank,1.0,1.0
res_010,restaurants,age,young,Explain,0,Explain,1.0,1.0
res_010,restaurants,age,young,Explain,0,Memory,1.0,1.0
res_010,restaurants,age,adult,Explain,0,Elicit,1.0,1.0
res_010,restaurants,age,adult,Explain,0,Retrieve,1.0,1.0
res_010,restaurants,age,adult,Explain,0,Rank,1.0,1.0
res_010,restaurants,age,adult,Explain,0,Explain,0.5,1.0
res_010,restaurants,age,adult,Explain,0,Memory,0.6666666666666666,1.0
res_010,restaurants,age,teen,Explain,1,Elicit,1.0,1.0
res_010,restaurants,age,teen,Explain,1,Retrieve,1.0,1.0
res_010,restaurants,age,teen,Explain,1,Rank,1.0,1.0
res_010,restaurants,age,teen,Explain,1,Explain,1.0,1.0
res_010,restaurants,age,teen,Explain,1,Memory,1.0,1.0
res_010,restaurants,age,young,Explain,1,Elicit,1.0,1.0
res_010,restaurants,age,young,Explain,1,Retrieve,1.0,1.0
res_010,restaurants,age,young,Explain,1,Rank,1.0,1.0
res_010,restaurants,age,young,Explain,1,Explain,1.0,1.0
res_010,restaurants,age,young,Explain,1,Memory,1.0,1.0
res_010,restaurants,age,adult,Explain,1,Elicit,1.0,1.0
res_010,restaurants,age,adult,Explain,1,Retrieve,1.0,1.0
res_010,restaurants,age,adult,Explain,1,Rank,1.0,1.0
res_010,restaurants,age,adult,Explain,1,Explain,0.5,1.0
res_010,restaurants,age,adult,Explain,1,Memory,0.6666666666666666,1.0
res_010,restaurants,age,teen,Explain,2,Elicit,1.0,1.0
res_010,restaurants,age,teen,Explain,2,Retrieve,1.0,1.0
res_010,restaurants,age,teen,Explain,2,Rank,1.0,1.0
res_010,restaurants,age,teen,Explain,2,Explain,1.0,1.0
res_010,restaurants,age,teen,Explain,2,Memory,1.0,1.0
res_010,restaurants,age,young,Explain,2,Elicit,1.0,1.0
res_010,restaurants,age,young,Explain,2,Retrieve,1.0,1.0
res_010,restaurants,age,young,Explain,2,Rank,1.0,1.0
res_010,restaurants,age,young,Explain,2,Explain,1.0,1.0
res_010,restaurants,age,young,Explain,2,Memory,1.0,1.0
res_010,restaurants,age,adult,Explain,2,Elicit,1.0,1.0
res_010,restaurants,age,adult,Explain,2,Retrieve,1.0,1.0
res_010,restaurants,age,adult,Explain,2,Rank,1.0,1.0
res_010,restaurants,age,adult,Explain,2,Explain,0.5,1.0
res_010,restaurants,age,adult,Explain,2,Memory,0.6666666666666666,1.0
res_010,restaurants,age,teen,Explain,3,Elicit,1.0,1.0
res_010,restaurants,age,teen,Explain,3,Retrieve,1.0,1.0
res_010,restaurants,age,teen,Explain,3,Rank,1.0,1.0
res_010,restaurants,age,teen,Explain,3,Explain,1.0,1.0
res_010,restaurants,age,teen,Explain,3,Memory,1.0,1.0
res_010,restaurants,age,young,Explain,3,Elicit,1.0,1.0
res_010,restaurants,age,young,Explain,3,Retrieve,1.0,1.0
res_010,restaurants,age,young,Explain,3,Rank,1.0,1.0
res_010,restaurants,age,young,Explain,3,Explain,1.0,1.0
res_010,restaurants,age,young,Explain,3,Memory,1.0,1.0
res_010,restaurants,age,adult,Explain,3,Elicit,1.0,1.0
res_010,restaurants,age,adult,Explain,3,Retrieve,1.0,1.0
res_010,restaurants,age,adult,Explain,3,Rank,1.0,1.0
res_010,restaurants,age,adult,Explain,3,Explain,0.5,1.0
res_010,restaurants,age,adult,Explain,3,Memory,0.6666666666666666,1.0
res_011,restaurants,age,teen,Memory,0,Elicit,1.0,1.0
res_011,restaurants,age,teen,Memory,0,Retrieve,1.0,1.0
res_011,restaurants,age,teen,Memory,0,Rank,1.0,1.0
res_011,restaurants,age,teen,Memory,0,Explain,1.0,1.0
res_011,restaurants,age,teen,Memory,0,Memory,0.6666666666666666,1.0
res_011,restaurants,age,young,Memory,0,Elicit,1.0,1.0
res_011,restaurants,age,young,Memory,0,Retrieve,1.0,1.0
res_011,restaurants,age,young,Memory,0,Rank,1.0,1.0
res_011,restaurants,age,young,Memory,0,Explain,1.0,1.0
res_011,restaurants,age,young,Memory,0,Memory,1.0,1.0
res_011,restaurants,age,adult,Memory,0,Elicit,1.0,1.0
res_011,restaurants,age,adult,Memory,0,Retrieve,1.0,1.0
res_011,restaurants,age,adult,Memory,0,Rank,1.0,1.0
res_011,restaurants,age,adult,Memory,0,Explain,1.0,1.0
res_011,restaurants,age,adult,Memory,0,Memory,1.0,1.0
res_011,restaurants,age,teen,Memory,1,Elicit,1.0,1.0
res_011,restaurants,age,teen,Memory,1,Retrieve,1.0,1.0
res_011,restaurants,age,teen,Memory,1,Rank,1.0,1.0
res_011,restaurants,age,teen,Memory,1,Explain,1.0,1.0
res_011,restaurants,age,teen,Memory,1,Memory,0.6666666666666666,1.0
res_011,restaurants,age,young,Memory,1,Elicit,1.0,1.0
res_011,restaurants,age,young,Memory,1,Retrieve,1.0,1.0
res_011,restaurants,age,young,Memory,1,Rank,1.0,1.0
res_011,restaurants,age,young,Memory,1,Explain,1.0,1.0
res_011,restaurants,age,young,Memory,1,Memory,1.0,1.0
res_011,restaurants,age,adult,Memory,1,Elicit,1.0,1.0
res_011,restaurants,age,adult,Memory,1,Retrieve,1.0,1.0
res_011,restaurants,age,adult,Memory,1,Rank,1.0,1.0
res_011,restaurants,age,adult,Memory,1,Explain,1.0,1.0
res_011,restaurants,age,adult,Memory,1,Memory,1.0,1.0
res_011,restaurants,age,teen,Memory,2,Elicit,1.0,1.0
res_011,restaurants,age,teen,Memory,2,Retrieve,1.0,1.0
res_011,restaurants,age,teen,Memory,2,Rank,1.0,1.0
res_011,restaurants,age,teen,Memory,2,Explain,1.0,1.0
res_011,restaurants,age,teen,Memory,2,Memory,0.6666666666666666,1.0
res_011,restaurants,age,young,Memory,2,Elicit,1.0,1.0
res_011,restaurants,age,young,Memory,2,Retrieve,1.0,1.0
res_011,restaurants,age,young,Memory,2,Rank,1.0,1.0
res_011,restaurants,age,young,Memory,2,Explain,1.0,1.0
res_011,restaurants,age,young,Memory,2,Memory,1.0,1.0
res_011,restaurants,age,adult,Memory,2,Elicit,1.0,1.0
res_011,restaurants,age,adult,Memory,2,Retrieve,1.0,1.0
res_011,restaurants,age,adult,Memory,2,Rank,1.0,1.0
res_011,restaurants,age,adult,Memory,2,Explain,1.0,1.0
res_011,restaurants,age,adult,Memory,2,Memory,1.0,1.0
res_011,restaurants,age,teen,Memory,3,Elicit,1.0,1.0
res_011,restaurants,age,teen,Memory,3,Retrieve,1.0,1.0
res_011,restaurants,age,teen,Memory,3,Rank,1.0,1.0
res_011,restaurants,age,teen,Memory,3,Explain,1.0,1.0
res_011,restaurants,age,teen,Memory,3,Memory,0.6666666666666666,1.0
res_011,restaurants,age,young,Memory,3,Elicit,1.0,1.0
res_011,restaurants,age,young,Memory,3,Retrieve,1.0,1.0
res_011,restaurants,age,young,Memory,3,Rank,1.0,1.0
res_011,restaurants,age,young,Memory,3,Explain,1.0,1.0
res_011,restaurants,age,young,Memory,3,Memory,1.0,1.0
res_011,restaurants,age,adult,Memory,3,Elicit,1.0,1.0
res_011,restaurants,age,adult,Memory,3,Retrieve,1.0,1.0
res_011,restaurants,age,adult,Memory,3,Rank,1.0,1.0
res_011,restaurants,age,adult,Memory,3,Explain,1.0,1.0
res_011,restaurants,age,adult,Memory,3,Memory,1.0,1.0
res_012,restaurants,sex,man,none,0,Elicit,1.0,1.0
res_012,restaurants,sex,man,none,0,Retrieve,1.0,1.0
res_012,restaurants,sex,man,none,0,Rank,1.0,1.0
res_012,restaurants,sex,man,none,0,Explain,1.0,1.0
res_012,restaurants,sex,man,none,0,Memory,1.0,1.0
res_012,restaurants,sex,woman,none,0,Elicit,1.0,1.0
res_012,restaurants,sex,woman,none,0,Retrieve,1.0,1.0
res_012,restaurants,sex,woman,none,0,Rank,1.0,1.0
res_012,restaurants,sex,woman,none,0,Explain,1.0,1.0
res_012,restaurants,sex,woman,none,0,Memory,1.0,1.0
res_012,restaurants,sex,man,none,1,Elicit,1.0,1.0
res_012,restaurants,sex,man,none,1,Retrieve,1.0,1.0
res_012,restaurants,sex,man,none,1,Rank,1.0,1.0
res_012,restaurants,sex,man,none,1,Explain,1.0,1.0
res_012,restaurants,sex,man,none,1,Memory,1.0,1.0
res_012,restaurants,sex,woman,none,1,Elicit,1.0,1.0
res_012,restaurants,sex,woman,none,1,Retrieve,1.0,1.0
res_012,restaurants,sex,woman,none,1,Rank,1.0,1.0
res_012,restaurants,sex,woman,none,1,Explain,1.0,1.0
res_012,restaurants,sex,woman,none,1,Memory,1.0,1.0
res_012,restaurants,sex,man,none,2,Elicit,1.0,1.0
res_012,restaurants,sex,man,none,2,Retrieve,1.0,1.0
res_012,restaurants,sex,man,none,2,Rank,1.0,1.0
res_012,restaurants,sex,man,none,2,Explain,1.0,1.0
res_012,restaurants,sex,man,none,2,Memory,1.0,1.0
res_012,restaurants,sex,woman,none,2,Elicit,1.0,1.0
res_012,restaurants,sex,woman,none,2,Retrieve,1.0,1.0
res_012,restaurants,sex,woman,none,2,Rank,1.0,1.0
res_012,restaurants,sex,woman,none,2,Explain,1.0,1.0
res_012,restaurants,sex,woman,none,2,Memory,1.0,1.0
res_012,restaurants,sex,man,none,3,Elicit,1.0,1.0
res_012,restaurants,sex,man,none,3,Retrieve,1.0,1.0
res_012,restaurants,sex,man,none,3,Rank,1.0,1.0
res_012,restaurants,sex,man,none,3,Explain,1.0,1.0
res_012,restaurants,sex,man,none,3,Memory,1.0,1.0
res_012,restaurants,sex,woman,none,3,Elicit,1.0,1.0
res_012,restaurants,sex,woman,none,3,Retrieve,1.0,1.0
res_012,restaurants,sex,woman,none,3,Rank,1.0,1.0
res_012,restaurants,sex,woman,none,3,Explain,1.0,1.0
res_012,restaurants,sex,woman,none,3,Memory,1.0,1.0
res_013,restaurants,sex,man,Elicit,0,Elicit,1.0,1.0
res_013,restaurants,sex,man,Elicit,0,Retrieve,1.0,1.0
res_013,restaurants,sex,man,Elicit,0,Rank,1.0,1.0
res_013,restaurants,sex,man,Elicit,0,Explain,1.0,1.0
res_013,restaurants,sex,man,Elicit,0,Memory,1.0,1.0
res_013,restaurants,sex,woman,Elicit,0,Elicit,0.6666666666666666,0.6666666666666666
res_013,restaurants,sex,woman,Elicit,0,Retrieve,0.0,0.0
res_013,restaurants,sex,woman,Elicit,0,Rank,0.0,0.0
res_013,restaurants,sex,woman,Elicit,0,Explain,0.5,0.5
res_013,restaurants,sex,woman,Elicit,0,Memory,0.6666666666666666,1.0
res_013,restaurants,sex,man,Elicit,1,Elicit,1.0,1.0
res_013,restaurants,sex,man,Elicit,1,Retrieve,1.0,1.0
res_013,restaurants,sex,man,Elicit,1,Rank,1.0,1.0
res_013,restaurants,sex,man,Elicit,1,Explain,1.0,1.0
res_013,restaurants,sex,man,Elicit,1,Memory,1.0,1.0
res_013,restaurants,sex,woman,Elicit,1,Elicit,0.6666666666666666,1.0
res_013,restaurants,sex,woman,Elicit,1,Retrieve,1.0,1.0
res_013,restaurants,sex,woman,Elicit,1,Rank,0.7377750000000001,0.7377750000000001
res_013,restaurants,sex,woman,Elicit,1,Explain,0.5,0.5
res_013,restaurants,sex,woman,Elicit,1,Memory,0.6666666666666666,1.0
res_013,restaurants,sex,man,Elicit,2,Elicit,1.0,1.0
res_013,restaurants,sex,man,Elicit,2,Retrieve,1.0,1.0
res_013,restaurants,sex,man,Elicit,2,Rank,1.0,1.0
res_013,restaurants,sex,man,Elicit,2,Explain,1.0,1.0
res_013,restaurants,sex,man,Elicit,2,Memory,1.0,1.0
res_013,restaurants,sex,woman,Elicit,2,Elicit,0.6666666666666666,1.0
res_013,restaurants,sex,woman,Elicit,2,Retrieve,0.0,0.0
res_013,restaurants,sex,woman,Elicit,2,Rank,0.0,0.0
res_013,restaurants,sex,woman,Elicit,2,Explain,0.5,0.5
res_013,restaurants,sex,woman,Elicit,2,Memory,0.6666666666666666,1.0
res_013,restaurants,sex,man,Elicit,3,Elicit,1.0,1.0
res_013,restaurants,sex,man,Elicit,3,Retrieve,1.0,1.0
res_013,restaurants,sex,man,Elicit,3,Rank,1.0,1.0
res_013,restaurants,sex,man,Elicit,3,Explain,1.0,1.0
res_013,restaurants,sex,man,Elicit,3,Memory,1.0,1.0
res_013,restaurants,sex,woman,Elicit,3,Elicit,0.6666666666666666,1.0
res_013,restaurants,sex,woman,Elicit,3,Retrieve,0.0,0.0
res_013,restaurants,sex,woman,Elicit,3,Rank,0.0,0.0
res_013,restaurants,sex,woman,Elicit,3,Explain,0.5,0.5
res_013,restaurants,sex,woman,Elicit,3,Memory,0.6666666666666666,1.0
res_014,restaurants,sex,man,Retrieve,0,Elicit,1.0,1.0
res_014,restaurants,sex,man,Retrieve,0,Retrieve,0.19999999999999996,0.19999999999999996
res_014,restaurants,sex,man,Retrieve,0,Rank,0.221445,0.221445
res_014,restaurants,sex,man,Retrieve,0,Explain,1.0,1.0
res_014,restaurants,sex,man,Retrieve,0,Memory,1.0,1.0
res_014,restaurants,sex,woman,Retrieve,0,Elicit,1.0,1.0
res_014,restaurants,sex,woman,Retrieve,0,Retrieve,1.0,1.0
res_014,restaurants,sex,woman,Retrieve,0,Rank,1.0,1.0
res_014,restaurants,sex,woman,Retrieve,0,Explain,1.0,1.0
res_014,restaurants,sex,woman,Retrieve,0,Memory,1.0,1.0
res_014,restaurants,sex,man,Retrieve,1,Elicit,1.0,1.0
res_014,restaurants,sex,man,Retrieve,1,Retrieve,0.19999999999999996,0.19999999999999996
res_014,restaurants,sex,man,Retrieve,1,Rank,0.14944500000000005,0.14944500000000002
res_014,restaurants,sex,man,Retrieve,1,Explain,1.0,1.0
res_014,restaurants,sex,man,Retrieve,1,Memory,1.0,1.0
res_014,restaurants,sex,woman,Retrieve,1,Elicit,1.0,1.0
res_014,restaurants,sex,woman,Retrieve,1,Retrieve,1.0,1.0
res_014,restaurants,sex,woman,Retrieve,1,Rank,1.0,1.0
res_014,restaurants,sex,woman,Retrieve,1,Explain,1.0,1.0
res_014,restaurants,sex,woman,Retrieve,1,Memory,1.0,1.0
res_014,restaurants,sex,man,Retrieve,2,Elicit,1.0,1.0
res_014,restaurants,sex,man,Retrieve,2,Retrieve,0.19999999999999996,0.19999999999999996
res_014,restaurants,sex,man,Retrieve,2,Rank,0.17644499999999996,0.17644500000000002
res_014,restaurants,sex,man,Retrieve,2,Explain,1.0,1.0
res_014,restaurants,sex,man,Retrieve,2,Memory,1.0,1.0
res_014,restaurants,sex,woman,Retrieve,2,Elicit,1.0,1.0
res_014,restaurants,sex,woman,Retrieve,2,Retrieve,1.0,1.0
res_014,restaurants,sex,woman,Retrieve,2,Rank,1.0,1.0
res_014,restaurants,sex,woman,Retrieve,2,Explain,1.0,1.0
res_014,restaurants,sex,woman,Retrieve,2,Memory,1.0,1.0
res_014,restaurants,sex,man,Retrieve,3,Elicit,1.0,1.0
res_014,restaurants,sex,man,Retrieve,3,Retrieve,0.19999999999999996,0.19999999999999996
res_014,restaurants,sex,man,Retrieve,3,Rank,0.13122,0.13122000000000003
res_014,restaurants,sex,man,Retrieve,3,Explain,1.0,1.0
res_014,restaurants,sex,man,Retrieve,3,Memory,1.0,1.0
res_014,restaurants,sex,woman,Retrieve,3,Elicit,1.0,1.0
res_014,restaurants,sex,woman,Retrieve,3,Retrieve,1.0,1.0
res_014,restaurants,sex,woman,Retrieve,3,Rank,1.0,1.0
res_014,restaurants,sex,woman,Retrieve,3,Explain,1.0,1.0
res_014,restaurants,sex,woman,Retrieve,3,Memory,1.0,1.0
res_015,restaurants,sex,man,Rank,0,Elicit,1.0,1.0
res_015,restaurants,sex,man,Rank,0,Retrieve,1.0,1.0
res_015,restaurants,sex,man,Rank,0,Rank,1.0,1.0
res_015,restaurants,sex,man,Rank,0,Explain,1.0,1.0
res_015,restaurants,sex,man,Rank,0,Memory,1.0,1.0
res_015,restaurants,sex,woman,Rank,0,Elicit,1.0,1.0
res_015,restaurants,sex,woman,Rank,0,Retrieve,1.0,1.0
res_015,restaurants,sex,woman,Rank,0,Rank,0.809775,0.809775
res_015,restaurants,sex,woman,Rank,0,Explain,1.0,1.0
res_015,restaurants,sex,woman,Rank,0,Memory,1.0,1.0
res_015,restaurants,sex,man,Rank,1,Elicit,1.0,1.0
res_015,restaurants,sex,man,Rank,1,Retrieve,1.0,1.0
res_015,restaurants,sex,man,Rank,1,Rank,1.0,1.0
res_015,restaurants,sex,man,Rank,1,Explain,1.0,1.0
res_015,restaurants,sex,man,Rank,1,Memory,1.0,1.0
res_015,restaurants,sex,woman,Rank,1,Elicit,1.0,1.0
res_015,restaurants,sex,woman,Rank,1,Retrieve,1.0,1.0
res_015,restaurants,sex,woman,Rank,1,Rank,0.809775,0.809775
res_015,restaurants,sex,woman,Rank,1,Explain,1.0,1.0
res_015,restaurants,sex,woman,Rank,1,Memory,1.0,1.0
res_015,restaurants,sex,man,Rank,2,Elicit,1.0,1.0
res_015,restaurants,sex,man,Rank,2,Retrieve,1.0,1.0
res_015,restaurants,sex,man,Rank,2,Rank,1.0,1.0
res_015,restaurants,sex,man,Rank,2,Explain,1.0,1.0
res_015,restaurants,sex,man,Rank,2,Memory,1.0,1.0
res_015,restaurants,sex,woman,Rank,2,Elicit,1.0,1.0
res_015,restaurants,sex,woman,Rank,2,Retrieve,1.0,1.0
res_015,restaurants,sex,woman,Rank,2,Rank,0.809775,0.809775
res_015,restaurants,sex,woman,Rank,2,Explain,1.0,1.0
res_015,restaurants,sex,woman,Rank,2,Memory,1.0,1.0
res_015,restaurants,sex,man,Rank,3,Elicit,1.0,1.0
res_015,restaurants,sex,man,Rank,3,Retrieve,1.0,1.0
res_015,restaurants,sex,man,Rank,3,Rank,1.0,1.0
res_015,restaurants,sex,man,Rank,3,Explain,1.0,1.0
res_015,restaurants,sex,man,Rank,3,Memory,1.0,1.0
res_015,restaurants,sex,woman,Rank,3,Elicit,1.0,1.0
res_015,restaurants,sex,woman,Rank,3,Retrieve,1.0,1.0
res_015,restaurants,sex,woman,Rank,3,Rank,0.8280000000000001,0.8280000000000001
res_015,restaurants,sex,woman,Rank,3,Explain,1.0,1.0
res_015,restaurants,sex,woman,Rank,3,Memory,1.0,1.0
res_016,restaurants,sex,man,Explain,0,Elicit,1.0,1.0
res_016,restaurants,sex,man,Explain,0,Retrieve,1.0,1.0
res_016,restaurants,sex,man,Explain,0,Rank,1.0,1.0
res_016,restaurants,sex,man,Explain,0,Explain,0.6666666666666666,1.0
res_016,restaurants,sex,man,Explain,0,Memory,0.75,1.0
res_016,restaurants,sex,woman,Explain,0,Elicit,1.0,1.0
res_016,restaurants,sex,woman,Explain,0,Retrieve,1.0,1.0
res_016,restaurants,sex,woman,Explain,0,Rank,1.0,1.0
res_016,restaurants,sex,woman,Explain,0,Explain,1.0,1.0
res_016,restaurants,sex,woman,Explain,0,Memory,1.0,1.0
res_016,restaurants,sex,man,Explain,1,Elicit,1.0,1.0
res_016,restaurants,sex,man,Explain,1,Retrieve,1.0,1.0
res_016,restaurants,sex,man,Explain,1,Rank,1.0,1.0
res_016,restaurants,sex,man,Explain,1,Explain,0.6666666666666666,1.0
res_016,restaurants,sex,man,Explain,1,Memory,0.75,1.0
res_016,restaurants,sex,woman,Explain,1,Elicit,1.0,1.0
res_016,restaurants,sex,woman,Explain,1,Retrieve,1.0,1.0
res_016,restaurants,sex,woman,Explain,1,Rank,1.0,1.0
res_016,restaurants,sex,woman,Explain,1,Explain,1.0,1.0
res_016,restaurants,sex,woman,Explain,1,Memory,1.0,1.0
res_016,restaurants,sex,man,Explain,2,Elicit,1.0,1.0
res_016,restaurants,sex,man,Explain,2,Retrieve,1.0,1.0
res_016,restaurants,sex,man,Explain,2,Rank,1.0,1.0
res_016,restaurants,sex,man,Explain,2,Explain,0.6666666666666666,1.0
res_016,restaurants,sex,man,Explain,2,Memory,0.75,1.0
res_016,restaurants,sex,woman,Explain,2,Elicit,1.0,1.0
res_016,restaurants,sex,woman,Explain,2,Retrieve,1.0,1.0
res_016,restaurants,sex,woman,Explain,2,Rank,1.0,1.0
res_016,restaurants,sex,woman,Explain,2,Explain,1.0,1.0
res_016,restaurants,sex,woman,Explain,2,Memory,1.0,1.0
res_016,restaurants,sex,man,Explain,3,Elicit,1.0,1.0
res_016,restaurants,sex,man,Explain,3,Retrieve,1.0,1.0
res_016,restaurants,sex,man,Explain,3,Rank,1.0,1.0
res_016,restaurants,sex,man,Explain,3,Explain,0.6666666666666666,1.0
res_016,restaurants,sex,man,Explain,3,Memory,0.75,1.0
res_016,restaurants,sex,woman,Explain,3,Elicit,1.0,1.0
res_016,restaurants,sex,woman,Explain,3,Retrieve,1.0,1.0
res_016,restaurants,sex,woman,Explain,3,Rank,1.0,1.0
res_016,restaurants,sex,woman,Explain,3,Explain,1.0,1.0
res_016,restaurants,sex,woman,Explain,3,Memory,1.0,1.0
res_017,restaurants,sex,man,Memory,0,Elicit,1.0,1.0
res_017,restaurants,sex,man,Memory,0,Retrieve,1.0,1.0
res_017,restaurants,sex,man,Memory,0,Rank,1.0,1.0
res_017,restaurants,sex,man,Memory,0,Explain,1.0,1.0
res_017,restaurants,sex,man,Memory,0,Memory,1.0,1.0
res_017,restaurants,sex,woman,Memory,0,Elicit,1.0,1.0
res_017,restaurants,sex,woman,Memory,0,Retrieve,1.0,1.0
res_017,restaurants,sex,woman,Memory,0,Rank,1.0,1.0
res_017,restaurants,sex,woman,Memory,0,Explain,1.0,1.0
res_017,restaurants,sex,woman,Memory,0,Memory,0.6666666666666666,1.0
res_017,restaurants,sex,man,Memory,1,Elicit,1.0,1.0
res_017,restaurants,sex,man,Memory,1,Retrieve,1.0,1.0
res_017,restaurants,sex,man,Memory,1,Rank,1.0,1.0
res_017,restaurants,sex,man,Memory,1,Explain,1.0,1.0
res_017,restaurants,sex,man,Memory,1,Memory,1.0,1.0
res_017,restaurants,sex,woman,Memory,1,Elicit,1.0,1.0
res_017,restaurants,sex,woman,Memory,1,Retrieve,1.0,1.0
res_017,restaurants,sex,woman,Memory,1,Rank,1.0,1.0
res_017,restaurants,sex,woman,Memory,1,Explain,1.0,1.0
res_017,restaurants,sex,woman,Memory,1,Memory,0.6666666666666666,1.0
res_017,restaurants,sex,man,Memory,2,Elicit,1.0,1.0
res_017,restaurants,sex,man,Memory,2,Retrieve,1.0,1.0
res_017,restaurants,sex,man,Memory,2,Rank,1.0,1.0
res_017,restaurants,sex,man,Memory,2,Explain,1.0,1.0
res_017,restaurants,sex,man,Memory,2,Memory,1.0,1.0
res_017,restaurants,sex,woman,Memory,2,Elicit,1.0,1.0
res_017,restaurants,sex,woman,Memory,2,Retrieve,1.0,1.0
res_017,restaurants,sex,woman,Memory,2,Rank,1.0,1.0
res_017,restaurants,sex,woman,Memory,2,Explain,1.0,1.0
res_017,restaurants,sex,woman,Memory,2,Memory,0.6666666666666666,1.0
res_017,restaurants,sex,man,Memory,3,Elicit,1.0,1.0
res_017,restaurants,sex,man,Memory,3,Retrieve,1.0,1.0
res_017,restaurants,sex,man,Memory,3,Rank,1.0,1.0
res_017,restaurants,sex,man,Memory,3,Explain,1.0,1.0
res_017,restaurants,sex,man,Memory,3,Memory,1.0,1.0
res_017,restaurants,sex,woman,Memory,3,Elicit,1.0,1.0
res_017,restaurants,sex,woman,Memory,3,Retrieve,1.0,1.0
res_017,restaurants,sex,woman,Memory,3,Rank,1.0,1.0
res_017,restaurants,sex,woman,Memory,3,Explain,1.0,1.0
res_017,restaurants,sex,woman,Memory,3,Memory,0.6666666666666666,1.0
res_018,restaurants,age,teen,none,0,Elicit,1.0,1.0
res_018,restaurants,age,teen,none,0,Retrieve,1.0,1.0
res_018,restaurants,age,teen,none,0,Rank,1.0,1.0
res_018,restaurants,age,teen,none,0,Explain,1.0,1.0
res_018,restaurants,age,teen,none,0,Memory,1.0,1.0
res_018,restaurants,age,young,none,0,Elicit,1.0,1.0
res_018,restaurants,age,young,none,0,Retrieve,1.0,1.0
res_018,restaurants,age,young,none,0,Rank,1.0,1.0
res_018,restaurants,age,young,none,0,Explain,1.0,1.0
res_018,restaurants,age,young,none,0,Memory,1.0,1.0
res_018,restaurants,age,adult,none,0,Elicit,1.0,1.0
res_018,restaurants,age,adult,none,0,Retrieve,1.0,1.0
res_018,restaurants,age,adult,none,0,Rank,1.0,1.0
res_018,restaurants,age,adult,none,0,Explain,1.0,1.0
res_018,restaurants,age,adult,none,0,Memory,1.0,1.0
res_018,restaurants,age,teen,none,1,Elicit,1.0,1.0
res_018,restaurants,age,teen,none,1,Retrieve,1.0,1.0
res_018,restaurants,age,teen,none,1,Rank,1.0,1.0
res_018,restaurants,age,teen,none,1,Explain,1.0,1.0
res_018,restaurants,age,teen,none,1,Memory,1.0,1.0
res_018,restaurants,age,young,none,1,Elicit,1.0,1.0
res_018,restaurants,age,young,none,1,Retrieve,1.0,1.0
res_018,restaurants,age,young,none,1,Rank,1.0,1.0
res_018,restaurants,age,young,none,1,Explain,1.0,1.0
res_018,restaurants,age,young,none,1,Memory,1.0,1.0
res_018,restaurants,age,adult,none,1,Elicit,1.0,1.0
res_018,restaurants,age,adult,none,1,Retrieve,1.0,1.0
res_018,restaurants,age,adult,none,1,Rank,1.0,1.0
res_018,restaurants,age,adult,none,1,Explain,1.0,1.0
res_018,restaurants,age,adult,none,1,Memory,1.0,1.0
res_018,restaurants,age,teen,none,2,Elicit,1.0,1.0
res_018,restaurants,age,teen,none,2,Retrieve,1.0,1.0
res_018,restaurants,age,teen,none,2,Rank,1.0,1.0
res_018,restaurants,age,teen,none,2,Explain,1.0,1.0
res_018,restaurants,age,teen,none,2,Memory,1.0,1.0
res_018,restaurants,age,young,none,2,Elicit,1.0,1.0
res_018,restaurants,age,young,none,2,Retrieve,1.0,1.0
res_018,restaurants,age,young,none,2,Rank,1.0,1.0
res_018,restaurants,age,young,none,2,Explain,1.0,1.0
res_018,restaurants,age,young,none,2,Memory,1.0,1.0
res_018,restaurants,age,adult,none,2,Elicit,1.0,1.0
res_018,restaurants,age,adult,none,2,Retrieve,1.0,1.0
res_018,restaurants,age,adult,none,2,Rank,1.0,1.0
res_018,restaurants,age,adult,none,2,Explain,1.0,1.0
res_018,restaurants,age,adult,none,2,Memory,1.0,1.0
res_018,restaurants,age,teen,none,3,Elicit,1.0,1.0
res_018,restaurants,age,teen,none,3,Retrieve,1.0,1.0
res_018,restaurants,age,teen,none,3,Rank,1.0,1.0
res_018,restaurants,age,teen,none,3,Explain,1.0,1.0
res_018,restaurants,age,teen,none,3,Memory,1.0,1.0
res_018,restaurants,age,young,none,3,Elicit,1.0,1.0
res_018,restaurants,age,young,none,3,Retrieve,1.0,1.0
res_018,restaurants,age,young,none,3,Rank,1.0,1.0
res_018,restaurants,age,young,none,3,Explain,1.0,1.0
res_018,restaurants,age,young,none,3,Memory,1.0,1.0
res_018,restaurants,age,adult,none,3,Elicit,1.0,1.0
res_018,restaurants,age,adult,none,3,Retrieve,1.0,1.0
res_018,restaurants,age,adult,none,3,Rank,1.0,1.0
res_018,restaurants,age,adult,none,3,Explain,1.0,1.0
res_018,restaurants,age,adult,none,3,Memory,1.0,1.0
res_019,restaurants,age,teen,Elicit,0,Elicit,1.0,1.0
res_019,restaurants,age,teen,Elicit,0,Retrieve,1.0,1.0
res_019,restaurants,age,teen,Elicit,0,Rank,1.0,1.0
res_019,restaurants,age,teen,Elicit,0,Explain,1.0,1.0
res_019,restaurants,age,teen,Elicit,0,Memory,1.0,1.0
res_019,restaurants,age,young,Elicit,0,Elicit,0.6666666666666666,0.5
res_019,restaurants,age,young,Elicit,0,Retrieve,1.0,1.0
res_019,restaurants,age,young,Elicit,0,Rank,0.9,0.9
res_019,restaurants,age,young,Elicit,0,Explain,0.5,0.5
res_019,restaurants,age,young,Elicit,0,Memory,0.6666666666666666,1.0
res_019,restaurants,age,adult,Elicit,0,Elicit,1.0,1.0
res_019,restaurants,age,adult,Elicit,0,Retrieve,1.0,1.0
res_019,restaurants,age,adult,Elicit,0,Rank,1.0,1.0
res_019,restaurants,age,adult,Elicit,0,Explain,1.0,1.0
res_019,restaurants,age,adult,Elicit,0,Memory,1.0,1.0
res_019,restaurants,age,teen,Elicit,1,Elicit,1.0,1.0
res_019,restaurants,age,teen,Elicit,1,Retrieve,1.0,1.0
res_019,restaurants,age,teen,Elicit,1,Rank,1.0,1.0
res_019,restaurants,age,teen,Elicit,1,Explain,1.0,1.0
res_019,restaurants,age,teen,Elicit,1,Memory,1.0,1.0
res_019,restaurants,age,young,Elicit,1,Elicit,0.6666666666666666,0.5
res_019,restaurants,age,young,Elicit,1,Retrieve,0.19999999999999996,0.19999999999999996
res_019,restaurants,age,young,Elicit,1,Rank,0.13122,0.13122000000000003
res_019,restaurants,age,young,Elicit,1,Explain,0.5,0.5
res_019,restaurants,age,young,Elicit,1,Memory,0.6666666666666666,1.0
res_019,restaurants,age,adult,Elicit,1,Elicit,1.0,1.0
res_019,restaurants,age,adult,Elicit,1,Retrieve,1.0,1.0
res_019,restaurants,age,adult,Elicit,1,Rank,1.0,1.0
res_019,restaurants,age,adult,Elicit,1,Explain,1.0,1.0
res_019,restaurants,age,adult,Elicit,1,Memory,1.0,1.0
res_019,restaurants,age,teen,Elicit,2,Elicit,1.0,1.0
res_019,restaurants,age,teen,Elicit,2,Retrieve,1.0,1.0
res_019,restaurants,age,teen,Elicit,2,Rank,1.0,1.0
res_019,restaurants,age,teen,Elicit,2,Explain,1.0,1.0
res_019,restaurants,age,teen,Elicit,2,Memory,1.0,1.0
res_019,restaurants,age,young,Elicit,2,Elicit,0.6666666666666666,0.5
res_019,restaurants,age,young,Elicit,2,Retrieve,1.0,1.0
res_019,restaurants,age,young,Elicit,2,Rank,0.9,0.9
res_019,restaurants,age,young,Elicit,2,Explain,0.5,0.5
res_019,restaurants,age,young,Elicit,2,Memory,0.6666666666666666,1.0
res_019,restaurants,age,adult,Elicit,2,Elicit,1.0,1.0
res_019,restaurants,age,adult,Elicit,2,Retrieve,1.0,1.0
res_019,restaurants,age,adult,Elicit,2,Rank,1.0,1.0
res_019,restaurants,age,adult,Elicit,2,Explain,1.0,1.0
res_019,restaurants,age,adult,Elicit,2,Memory,1.0,1.0
res_019,restaurants,age,teen,Elicit,3,Elicit,1.0,1.0
res_019,restaurants,age,teen,Elicit,3,Retrieve,1.0,1.0
res_019,restaurants,age,teen,Elicit,3,Rank,1.0,1.0
res_019,restaurants,age,teen,Elicit,3,Explain,1.0,1.0
res_019,restaurants,age,teen,Elicit,3,Memory,1.0,1.0
res_019,restaurants,age,young,Elicit,3,Elicit,0.6666666666666666,0.5
res_019,restaurants,age,young,Elicit,3,Retrieve,1.0,1.0
res_019,restaurants,age,young,Elicit,3,Rank,0.855,0.855
res_019,restaurants,age,young,Elicit,3,Explain,0.5,0.5
res_019,restaurants,age,young,Elicit,3,Memory,0.6666666666666666,1.0
res_019,restaurants,age,adult,Elicit,3,Elicit,1.0,1.0
res_019,restaurants,age,adult,Elicit,3,Retrieve,1.0,1.0
res_019,restaurants,age,adult,Elicit,3,Rank,1.0,1.0
res_019,restaurants,age,adult,Elicit,3,Explain,1.0,1.0
res_019,restaurants,age,adult,Elicit,3,Memory,1.0,1.0
res_020,restaurants,age,teen,Retrieve,0,Elicit,1.0,1.0
res_020,restaurants,age,teen,Retrieve,0,Retrieve,1.0,1.0
res_020,restaurants,age,teen,Retrieve,0,Rank,1.0,1.0
res_020,restaurants,age,teen,Retrieve,0,Explain,1.0,1.0
res_020,restaurants,age,teen,Retrieve,0,Memory,1.0,1.0
res_020,restaurants,age,young,Retrieve,0,Elicit,1.0,1.0
res_020,restaurants,age,young,Retrieve,0,Retrieve,1.0,1.0
res_020,restaurants,age,young,Retrieve,0,Rank,1.0,1.0
res_020,restaurants,age,young,Retrieve,0,Explain,1.0,1.0
res_020,restaurants,age,young,Retrieve,0,Memory,1.0,1.0
res_020,restaurants,age,adult,Retrieve,0,Elicit,1.0,1.0
res_020,restaurants,age,adult,Retrieve,0,Retrieve,0.0,0.0
res_020,restaurants,age,adult,Retrieve,0,Rank,0.0,0.0
res_020,restaurants,age,adult,Retrieve,0,Explain,1.0,1.0
res_020,restaurants,age,adult,Retrieve,0,Memory,1.0,1.0
res_020,restaurants,age,teen,Retrieve,1,Elicit,1.0,1.0
res_020,restaurants,age,teen,Retrieve,1,Retrieve,1.0,1.0
res_020,restaurants,age,teen,Retrieve,1,Rank,1.0,1.0
res_020,restaurants,age,teen,Retrieve,1,Explain,1.0,1.0
res_020,restaurants,age,teen,Retrieve,1,Memory,1.0,1.0
res_020,restaurants,age,young,Retrieve,1,Elicit,1.0,1.0
res_020,restaurants,age,young,Retrieve,1,Retrieve,1.0,1.0
res_020,restaurants,age,young,Retrieve,1,Rank,1.0,1.0
res_020,restaurants,age,young,Retrieve,1,Explain,1.0,1.0
res_020,restaurants,age,young,Retrieve,1,Memory,1.0,1.0
res_020,restaurants,age,adult,Retrieve,1,Elicit,1.0,1.0
res_020,restaurants,age,adult,Retrieve,1,Retrieve,0.0,0.0
res_020,restaurants,age,adult,Retrieve,1,Rank,0.0,0.0
res_020,restaurants,age,adult,Retrieve,1,Explain,1.0,1.0
res_020,restaurants,age,adult,Retrieve,1,Memory,1.0,1.0
res_020,restaurants,age,teen,Retrieve,2,Elicit,1.0,1.0
res_020,restaurants,age,teen,Retrieve,2,Retrieve,1.0,1.0
res_020,restaurants,age,teen,Retrieve,2,Rank,1.0,1.0
res_020,restaurants,age,teen,Retrieve,2,Explain,1.0,1.0
res_020,restaurants,age,teen,Retrieve,2,Memory,1.0,1.0
res_020,restaurants,age,young,Retrieve,2,Elicit,1.0,1.0
res_020,restaurants,age,young,Retrieve,2,Retrieve,1.0,1.0
res_020,restaurants,age,young,Retrieve,2,Rank,1.0,1.0
res_020,restaurants,age,young,Retrieve,2,Explain,1.0,1.0
res_020,restaurants,age,young,Retrieve,2,Memory,1.0,1.0
res_020,restaurants,age,adult,Retrieve,2,Elicit,1.0,1.0
res_020,restaurants,age,adult,Retrieve,2,Retrieve,0.0,0.0
res_020,restaurants,age,adult,Retrieve,2,Rank,0.0,0.0
res_020,restaurants,age,adult,Retrieve,2,Explain,1.0,1.0
res_020,restaurants,age,adult,Retrieve,2,Memory,1.0,1.0
res_020,restaurants,age,teen,Retrieve,3,Elicit,1.0,1.0
res_020,restaurants,age,teen,Retrieve,3,Retrieve,1.0,1.0
res_020,restaurants,age,teen,Retrieve,3,Rank,1.0,1.0
res_020,restaurants,age,teen,Retrieve,3,Explain,1.0,1.0
res_020,restaurants,age,teen,Retrieve,3,Memory,1.0,1.0
res_020,restaurants,age,young,Retrieve,3,Elicit,1.0,1.0
res_020,restaurants,age,young,Retrieve,3,Retrieve,1.0,1.0
res_020,restaurants,age,young,Retrieve,3,Rank,1.0,1.0
res_020,restaurants,age,young,Retrieve,3,Explain,1.0,1.0
res_020,restaurants,age,young,Retrieve,3,Memory,1.0,1.0
res_020,restaurants,age,adult,Retrieve,3,Elicit,1.0,1.0
res_020,restaurants,age,adult,Retrieve,3,Retrieve,0.0,0.0
res_020,restaurants,age,adult,Retrieve,3,Rank,0.0,0.0
res_020,restaurants,age,adult,Retrieve,3,Explain,1.0,1.0
res_020,restaurants,age,adult,Retrieve,3,Memory,1.0,1.0
res_021,restaurants,age,teen,Rank,0,Elicit,1.0,1.0
res_021,restaurants,age,teen,Rank,0,Retrieve,1.0,1.0
res_021,restaurants,age,teen,Rank,0,Rank,0.678555,0.8687799999999999
res_021,restaurants,age,teen,Rank,0,Explain,1.0,1.0
res_021,restaurants,age,teen,Rank,0,Memory,1.0,1.0
res_021,restaurants,age,young,Rank,0,Elicit,1.0,1.0
res_021,restaurants,age,young,Rank,0,Retrieve,1.0,1.0
res_021,restaurants,age,young,Rank,0,Rank,1.0,1.0
res_021,restaurants,age,young,Rank,0,Explain,1.0,1.0
res_021,restaurants,age,young,Rank,0,Memory,1.0,1.0
res_021,restaurants,age,adult,Rank,0,Elicit,1.0,1.0
res_021,restaurants,age,adult,Rank,0,Retrieve,1.0,1.0
res_021,restaurants,age,adult,Rank,0,Rank,1.0,1.0
res_021,restaurants,age,adult,Rank,0,Explain,1.0,1.0
res_021,restaurants,age,adult,Rank,0,Memory,1.0,1.0
res_021,restaurants,age,teen,Rank,1,Elicit,1.0,1.0
res_021,restaurants,age,teen,Rank,1,Retrieve,1.0,1.0
res_021,restaurants,age,teen,Rank,1,Rank,0.678555,0.8687799999999999
res_021,restaurants,age,teen,Rank,1,Explain,0.5,0.5
res_021,restaurants,age,teen,Rank,1,Memory,1.0,1.0
res_021,restaurants,age,young,Rank,1,Elicit,1.0,1.0
res_021,restaurants,age,young,Rank,1,Retrieve,1.0,1.0
res_021,restaurants,age,young,Rank,1,Rank,1.0,1.0
res_021,restaurants,age,young,Rank,1,Explain,1.0,1.0
res_021,restaurants,age,young,Rank,1,Memory,1.0,1.0
res_021,restaurants,age,adult,Rank,1,Elicit,1.0,1.0
res_021,restaurants,age,adult,Rank,1,Retrieve,1.0,1.0
res_021,restaurants,age,adult,Rank,1,Rank,1.0,1.0
res_021,restaurants,age,adult,Rank,1,Explain,1.0,1.0
res_021,restaurants,age,adult,Rank,1,Memory,1.0,1.0
res_021,restaurants,age,teen,Rank,2,Elicit,1.0,1.0
res_021,restaurants,age,teen,Rank,2,Retrieve,1.0,1.0
res_021,restaurants,age,teen,Rank,2,Rank,0.678555,0.8687799999999999
res_021,restaurants,age,teen,Rank,2,Explain,0.5,0.5
res_021,restaurants,age,teen,Rank,2,Memory,1.0,1.0
res_021,restaurants,age,young,Rank,2,Elicit,1.0,1.0
res_021,restaurants,age,young,Rank,2,Retrieve,1.0,1.0
res_021,restaurants,age,young,Rank,2,Rank,1.0,1.0
res_021,restaurants,age,young,Rank,2,Explain,1.0,1.0
res_021,restaurants,age,young,Rank,2,Memory,1.0,1.0
res_021,restaurants,age,adult,Rank,2,Elicit,1.0,1.0
res_021,restaurants,age,adult,Rank,2,Retrieve,1.0,1.0
res_021,restaurants,age,adult,Rank,2,Rank,1.0,1.0
res_021,restaurants,age,adult,Rank,2,Explain,1.0,1.0
res_021,restaurants,age,adult,Rank,2,Memory,1.0,1.0
res_021,restaurants,age,teen,Rank,3,Elicit,1.0,1.0
res_021,restaurants,age,teen,Rank,3,Retrieve,1.0,1.0
res_021,restaurants,age,teen,Rank,3,Rank,0.678555,0.8687799999999999
res_021,restaurants,age,teen,Rank,3,Explain,0.5,0.5
res_021,restaurants,age,teen,Rank,3,Memory,1.0,1.0
res_021,restaurants,age,young,Rank,3,Elicit,1.0,1.0
res_021,restaurants,age,young,Rank,3,Retrieve,1.0,1.0
res_021,restaurants,age,young,Rank,3,Rank,1.0,1.0
res_021,restaurants,age,young,Rank,3,Explain,1.0,1.0
res_021,restaurants,age,young,Rank,3,Memory,1.0,1.0
res_021,restaurants,age,adult,Rank,3,Elicit,1.0,1.0
res_021,restaurants,age,adult,Rank,3,Retrieve,1.0,1.0
res_021,restaurants,age,adult,Rank,3,Rank,1.0,1.0
res_021,restaurants,age,adult,Rank,3,Explain,1.0,1.0
res_021,restaurants,age,adult,Rank,3,Memory,1.0,1.0
res_022,restaurants,age,teen,Explain,0,Elicit,1.0,1.0
res_022,restaurants,age,teen,Explain,0,Retrieve,1.0,1.0
res_022,restaurants,age,teen,Explain,0,Rank,1.0,1.0
res_022,restaurants,age,teen,Explain,0,Explain,1.0,1.0
res_022,restaurants,age,teen,Explain,0,Memory,1.0,1.0
res_022,restaurants,age,young,Explain,0,Elicit,1.0,1.0
res_022,restaurants,age,young,Explain,0,Retrieve,1.0,1.0
res_022,restaurants,age,young,Explain,0,Rank,1.0,1.0
res_022,restaurants,age,young,Explain,0,Explain,0.5,0.5
res_022,restaurants,age,young,Explain,0,Memory,0.6666666666666666,1.0
res_022,restaurants,age,adult,Explain,0,Elicit,1.0,1.0
res_022,restaurants,age,adult,Explain,0,Retrieve,1.0,1.0
res_022,restaurants,age,adult,Explain,0,Rank,1.0,1.0
res_022,restaurants,age,adult,Explain,0,Explain,1.0,1.0
res_022,restaurants,age,adult,Explain,0,Memory,1.0,1.0
res_022,restaurants,age,teen,Explain,1,Elicit,1.0,1.0
res_022,restaurants,age,teen,Explain,1,Retrieve,1.0,1.0
res_022,restaurants,age,teen,Explain,1,Rank,1.0,1.0
res_022,restaurants,age,teen,Explain,1,Explain,1.0,1.0
res_022,restaurants,age,teen,Explain,1,Memory,1.0,1.0
res_022,restaurants,age,young,Explain,1,Elicit,1.0,1.0
res_022,restaurants,age,young,Explain,1,Retrieve,1.0,1.0
res_022,restaurants,age,young,Explain,1,Rank,1.0,1.0
res_022,restaurants,age,young,Explain,1,Explain,0.5,1.0
res_022,restaurants,age,young,Explain,1,Memory,0.6666666666666666,1.0
res_022,restaurants,age,adult,Explain,1,Elicit,1.0,1.0
res_022,restaurants,age,adult,Explain,1,Retrieve,1.0,1.0
res_022,restaurants,age,adult,Explain,1,Rank,1.0,1.0
res_022,restaurants,age,adult,Explain,1,Explain,1.0,1.0
res_022,restaurants,age,adult,Explain,1,Memory,1.0,1.0
res_022,restaurants,age,teen,Explain,2,Elicit,1.0,1.0
res_022,restaurants,age,teen,Explain,2,Retrieve,1.0,1.0
res_022,restaurants,age,teen,Explain,2,Rank,1.0,1.0
res_022,restaurants,age,teen,Explain,2,Explain,1.0,1.0
res_022,restaurants,age,teen,Explain,2,Memory,1.0,1.0
res_022,restaurants,age,young,Explain,2,Elicit,1.0,1.0
res_022,restaurants,age,young,Explain,2,Retrieve,1.0,1.0
res_022,restaurants,age,young,Explain,2,Rank,1.0,1.0
res_022,restaurants,age,young,Explain,2,Explain,0.5,1.0
res_022,restaurants,age,young,Explain,2,Memory,0.6666666666666666,1.0
res_022,restaurants,age,adult,Explain,2,Elicit,1.0,1.0
res_022,restaurants,age,adult,Explain,2,Retrieve,1.0,1.0
res_022,restaurants,age,adult,Explain,2,Rank,1.0,1.0
res_022,restaurants,age,adult,Explain,2,Explain,1.0,1.0
res_022,restaurants,age,adult,Explain,2,Memory,1.0,1.0
res_022,restaurants,age,teen,Explain,3,Elicit,1.0,1.0
res_022,restaurants,age,teen,Explain,3,Retrieve,1.0,1.0
res_022,restaurants,age,teen,Explain,3,Rank,1.0,1.0
res_022,restaurants,age,teen,Explain,3,Explain,1.0,1.0
res_022,restaurants,age,teen,Explain,3,Memory,1.0,1.0
res_022,restaurants,age,young,Explain,3,Elicit,1.0,1.0
res_022,restaurants,age,young,Explain,3,Retrieve,1.0,1.0
res_022,restaurants,age,young,Explain,3,Rank,1.0,1.0
res_022,restaurants,age,young,Explain,3,Explain,0.5,0.5
res_022,restaurants,age,young,Explain,3,Memory,0.6666666666666666,1.0
res_022,restaurants,age,adult,Explain,3,Elicit,1.0,1.0
res_022,restaurants,age,adult,Explain,3,Retrieve,1.0,1.0
res_022,restaurants,age,adult,Explain,3,Rank,1.0,1.0
res_022,restaurants,age,adult,Explain,3,Explain,1.0,1.0
res_022,restaurants,age,adult,Explain,3,Memory,1.0,1.0
res_023,restaurants,age,teen,Memory,0,Elicit,1.0,1.0
res_023,restaurants,age,teen,Memory,0,Retrieve,1.0,1.0
res_023,restaurants,age,teen,Memory,0,Rank,0.9999999999999999,0.9999999999999999
res_023,restaurants,age,teen,Memory,0,Explain,1.0,1.0
res_023,restaurants,age,teen,Memory,0,Memory,1.0,1.0
res_023,restaurants,age,young,Memory,0,Elicit,1.0,1.0
res_023,restaurants,age,young,Memory,0,Retrieve,1.0,1.0
res_023,restaurants,age,young,Memory,0,Rank,0.9999999999999999,0.9999999999999999
res_023,restaurants,age,young,Memory,0,Explain,1.0,1.0
res_023,restaurants,age,young,Memory,0,Memory,1.0,1.0
res_023,restaurants,age,adult,Memory,0,Elicit,1.0,1.0
res_023,restaurants,age,adult,Memory,0,Retrieve,1.0,1.0
res_023,restaurants,age,adult,Memory,0,Rank,0.9999999999999999,0.9999999999999999
res_023,restaurants,age,adult,Memory,0,Explain,1.0,1.0
res_023,restaurants,age,adult,Memory,0,Memory,0.6666666666666666,1.0
res_023,restaurants,age,teen,Memory,1,Elicit,1.0,1.0
res_023,restaurants,age,teen,Memory,1,Retrieve,1.0,1.0
res_023,restaurants,age,teen,Memory,1,Rank,0.9999999999999999,0.9999999999999999
res_023,restaurants,age,teen,Memory,1,Explain,1.0,1.0
res_023,restaurants,age,teen,Memory,1,Memory,1.0,1.0
res_023,restaurants,age,young,Memory,1,Elicit,1.0,1.0
res_023,restaurants,age,young,Memory,1,Retrieve,1.0,1.0
res_023,restaurants,age,young,Memory,1,Rank,0.9999999999999999,0.9999999999999999
res_023,restaurants,age,young,Memory,1,Explain,1.0,1.0
res_023,restaurants,age,young,Memory,1,Memory,1.0,1.0
res_023,restaurants,age,adult,Memory,1,Elicit,1.0,1.0
res_023,restaurants,age,adult,Memory,1,Retrieve,1.0,1.0
res_023,restaurants,age,adult,Memory,1,Rank,0.9999999999999999,0.9999999999999999
res_023,restaurants,age,adult,Memory,1,Explain,1.0,1.0
res_023,restaurants,age,adult,Memory,1,Memory,0.6666666666666666,1.0
res_023,restaurants,age,teen,Memory,2,Elicit,1.0,1.0
res_023,restaurants,age,teen,Memory,2,Retrieve,1.0,1.0
res_023,restaurants,age,teen,Memory,2,Rank,0.9999999999999999,0.9999999999999999
res_023,restaurants,age,teen,Memory,2,Explain,1.0,1.0
res_023,restaurants,age,teen,Memory,2,Memory,1.0,1.0
res_023,restaurants,age,young,Memory,2,Elicit,1.0,1.0
res_023,restaurants,age,young,Memory,2,Retrieve,1.0,1.0
res_023,restaurants,age,young,Memory,2,Rank,0.9999999999999999,0.9999999999999999
res_023,restaurants,age,young,Memory,2,Explain,1.0,1.0
res_023,restaurants,age,young,Memory,2,Memory,1.0,1.0
res_023,restaurants,age,adult,Memory,2,Elicit,1.0,1.0
res_023,restaurants,age,adult,Memory,2,Retrieve,1.0,1.0
res_023,restaurants,age,adult,Memory,2,Rank,0.9999999999999999,0.9999999999999999
res_023,restaurants,age,adult,Memory,2,Explain,1.0,1.0
res_023,restaurants,age,adult,Memory,2,Memory,0.6666666666666666,1.0
res_023,restaurants,age,teen,Memory,3,Elicit,1.0,1.0
res_023,restaurants,age,teen,Memory,3,Retrieve,1.0,1.0
res_023,restaurants,age,teen,Memory,3,Rank,0.9999999999999999,0.9999999999999999
res_023,restaurants,age,teen,Memory,3,Explain,1.0,1.0
res_023,restaurants,age,teen,Memory,3,Memory,1.0,1.0
res_023,restaurants,age,young,Memory,3,Elicit,1.0,1.0
res_023,restaurants,age,young,Memory,3,Retrieve,1.0,1.0
res_023,restaurants,age,young,Memory,3,Rank,0.9999999999999999,0.9999999999999999
res_023,restaurants,age,young,Memory,3,Explain,1.0,1.0
res_023,restaurants,age,young,Memory,3,Memory,1.0,1.0
res_023,restaurants,age,adult,Memory,3,Elicit,1.0,1.0
res_023,restaurants,age,adult,Memory,3,Retrieve,1.0,1.0
res_023,restaurants,age,adult,Memory,3,Rank,0.9999999999999999,0.9999999999999999
res_023,restaurants,age,adult,Memory,3,Explain,1.0,1.0
res_023,restaurants,age,adult,Memory,3,Memory,0.6666666666666666,1.0
