user,attribute,value,repeat,stage,planted_stage,benefit,benefit_neutral,benefit_delta,matches_real
48,sex,man,0,Elicit,Retrieve,0.09090909090909091,0.09090909090909091,0.0,True
48,sex,man,0,Retrieve,Retrieve,0.0,0.08333333333333333,-0.08333333333333333,True
48,sex,man,0,Rank,Retrieve,0.0,0.06854394925732805,-0.06854394925732805,True
48,sex,man,0,Explain,Retrieve,0.25,0.5,-0.25,True
48,sex,man,0,Memory,Retrieve,0.5,0.5,0.0,True
48,sex,woman,0,Elicit,Retrieve,0.09090909090909091,0.09090909090909091,0.0,False
48,sex,woman,0,Retrieve,Retrieve,0.0,0.08333333333333333,-0.08333333333333333,False
48,sex,woman,0,Rank,Retrieve,0.061569218691072986,0.06854394925732805,-0.006974730566255069,False
48,sex,woman,0,Explain,Retrieve,0.5,0.5,0.0,False
48,sex,woman,0,Memory,Retrieve,0.5,0.5,0.0,False
48,sex,man,1,Elicit,Retrieve,0.09090909090909091,0.09090909090909091,0.0,True
48,sex,man,1,Retrieve,Retrieve,0.0,0.0,0.0,True
48,sex,man,1,Rank,Retrieve,0.061569218691072986,0.06854394925732805,-0.006974730566255069,True
48,sex,man,1,Explain,Retrieve,0.5,0.5,0.0,True
48,sex,man,1,Memory,Retrieve,0.5,0.5,0.0,True
48,sex,woman,1,Elicit,Retrieve,0.09090909090909091,0.09090909090909091,0.0,False
48,sex,woman,1,Retrieve,Retrieve,0.08333333333333333,0.0,0.08333333333333333,False
48,sex,woman,1,Rank,Retrieve,0.04791016450960244,0.06854394925732805,-0.020633784747725613,False
48,sex,woman,1,Explain,Retrieve,0.6666666666666666,0.5,0.16666666666666663,False
48,sex,woman,1,Memory,Retrieve,0.5,0.5,0.0,False
119,sex,man,0,Elicit,Memory,0.1,0.1,0.0,False
119,sex,man,0,Retrieve,Memory,0.0,0.0,0.0,False
119,sex,man,0,Rank,Memory,0.0,0.0,0.0,False
119,sex,man,0,Explain,Memory,0.6666666666666666,0.5,0.16666666666666663,False
119,sex,man,0,Memory,Memory,1.0,0.5,0.5,False
119,sex,woman,0,Elicit,Memory,0.1,0.1,0.0,True
119,sex,woman,0,Retrieve,Memory,0.0,0.0,0.0,True
119,sex,woman,0,Rank,Memory,0.0,0.0,0.0,True
119,sex,woman,0,Explain,Memory,0.5,0.5,0.0,True
119,sex,woman,0,Memory,Memory,0.5,0.5,0.0,True
119,sex,man,1,Elicit,Memory,0.1,0.1,0.0,False
119,sex,man,1,Retrieve,Memory,0.0,0.0,0.0,False
119,sex,man,1,Rank,Memory,0.0,0.0,0.0,False
119,sex,man,1,Explain,Memory,0.6666666666666666,0.5,0.16666666666666663,False
119,sex,man,1,Memory,Memory,0.5,0.5,0.0,False
119,sex,woman,1,Elicit,Memory,0.1,0.1,0.0,True
119,sex,woman,1,Retrieve,Memory,0.0,0.0,0.0,True
119,sex,woman,1,Rank,Memory,0.0,0.0,0.0,True
119,sex,woman,1,Explain,Memory,0.5,0.5,0.0,True
119,sex,woman,1,Memory,Memory,0.5,0.5,0.0,True
137,sex,man,0,Elicit,Explain,0.1,0.1,0.0,False
137,sex,man,0,Retrieve,Explain,0.041666666666666664,0.0,0.041666666666666664,False
137,sex,man,0,Rank,Explain,0.0767663473286759,0.06895494172724236,0.007811405601433549,False
137,sex,man,0,Explain,Explain,1.0,0.5,0.5,False
137,sex,man,0,Memory,Explain,0.5,,,False
137,sex,woman,0,Elicit,Explain,0.1,0.1,0.0,True
137,sex,woman,0,Retrieve,Explain,0.0,0.0,0.0,True
137,sex,woman,0,Rank,Explain,0.0,0.06895494172724236,-0.06895494172724236,True
137,sex,woman,0,Explain,Explain,0.5,0.5,0.0,True
137,sex,woman,0,Memory,Explain,0.5,,,True
137,sex,man,1,Elicit,Explain,0.1,0.1,0.0,False
137,sex,man,1,Retrieve,Explain,0.0,0.0,0.0,False
137,sex,man,1,Rank,Explain,0.0,0.0,0.0,False
137,sex,man,1,Explain,Explain,0.75,0.75,0.0,False
137,sex,man,1,Memory,Explain,1.0,1.0,0.0,False
137,sex,woman,1,Elicit,Explain,0.1,0.1,0.0,True
137,sex,woman,1,Retrieve,Explain,0.0,0.0,0.0,True
137,sex,woman,1,Rank,Explain,0.0,0.0,0.0,True
137,sex,woman,1,Explain,Explain,0.6666666666666666,0.75,-0.08333333333333337,True
137,sex,woman,1,Memory,Explain,0.5,1.0,-0.5,True
194,sex,man,0,Elicit,Elicit,0.2,0.2,0.0,False
194,sex,man,0,Retrieve,Elicit,0.0,0.0,0.0,False
194,sex,man,0,Rank,Elicit,0.0,0.0,0.0,False
194,sex,man,0,Explain,Elicit,0.3333333333333333,0.5,-0.16666666666666669,False
194,sex,man,0,Memory,Elicit,0.5,1.0,-0.5,False
194,sex,woman,0,Elicit,Elicit,0.2,0.2,0.0,True
194,sex,woman,0,Retrieve,Elicit,0.0,0.0,0.0,True
194,sex,woman,0,Rank,Elicit,0.0,0.0,0.0,True
194,sex,woman,0,Explain,Elicit,0.5,0.5,0.0,True
194,sex,woman,0,Memory,Elicit,0.5,1.0,-0.5,True
194,sex,man,1,Elicit,Elicit,0.2,0.2,0.0,False
194,sex,man,1,Retrieve,Elicit,0.0,0.0,0.0,False
194,sex,man,1,Rank,Elicit,0.0,0.0,0.0,False
194,sex,man,1,Explain,Elicit,0.25,0.5,-0.25,False
194,sex,man,1,Memory,Elicit,0.5,0.5,0.0,False
194,sex,woman,1,Elicit,Elicit,0.2,0.2,0.0,True
194,sex,woman,1,Retrieve,Elicit,0.0,0.0,0.0,True
194,sex,woman,1,Rank,Elicit,0.0,0.0,0.0,True
194,sex,woman,1,Explain,Elicit,0.5,0.5,0.0,True
194,sex,woman,1,Memory,Elicit,,0.5,,True
217,age,teen,0,Elicit,Retrieve,0.16666666666666666,0.16666666666666666,0.0,False
217,age,teen,0,Retrieve,Retrieve,0.0,0.0,0.0,False
217,age,teen,0,Rank,Retrieve,0.0,0.0,0.0,False
217,age,teen,0,Explain,Retrieve,0.5,0.6666666666666666,-0.16666666666666663,False
217,age,teen,0,Memory,Retrieve,0.5,0.3333333333333333,0.16666666666666669,False
217,age,young,0,Elicit,Retrieve,0.16666666666666666,0.16666666666666666,0.0,True
217,age,young,0,Retrieve,Retrieve,0.0,0.0,0.0,True
217,age,young,0,Rank,Retrieve,0.0,0.0,0.0,True
217,age,young,0,Explain,Retrieve,0.5,0.6666666666666666,-0.16666666666666663,True
217,age,young,0,Memory,Retrieve,0.5,0.3333333333333333,0.16666666666666669,True
217,age,adult,0,Elicit,Retrieve,0.16666666666666666,0.16666666666666666,0.0,False
217,age,adult,0,Retrieve,Retrieve,0.0,0.0,0.0,False
217,age,adult,0,Rank,Retrieve,0.0,0.0,0.0,False
217,age,adult,0,Explain,Retrieve,0.5,0.6666666666666666,-0.16666666666666663,False
217,age,adult,0,Memory,Retrieve,1.0,0.3333333333333333,0.6666666666666667,False
217,age,teen,1,Elicit,Retrieve,0.16666666666666666,0.16666666666666666,0.0,False
217,age,teen,1,Retrieve,Retrieve,0.0,0.0,0.0,False
217,age,teen,1,Rank,Retrieve,0.0,0.0,0.0,False
217,age,teen,1,Explain,Retrieve,0.5,0.3333333333333333,0.16666666666666669,False
217,age,teen,1,Memory,Retrieve,0.5,0.5,0.0,False
217,age,young,1,Elicit,Retrieve,0.16666666666666666,0.16666666666666666,0.0,True
217,age,young,1,Retrieve,Retrieve,0.0,0.0,0.0,True
217,age,young,1,Rank,Retrieve,0.0,0.0,0.0,True
217,age,young,1,Explain,Retrieve,0.75,0.3333333333333333,0.4166666666666667,True
217,age,young,1,Memory,Retrieve,0.5,0.5,0.0,True
217,age,adult,1,Elicit,Retrieve,0.16666666666666666,0.16666666666666666,0.0,False
217,age,adult,1,Retrieve,Retrieve,0.0,0.0,0.0,False
217,age,adult,1,Rank,Retrieve,0.0,0.0,0.0,False
217,age,adult,1,Explain,Retrieve,0.75,0.3333333333333333,0.4166666666666667,False
217,age,adult,1,Memory,Retrieve,0.3333333333333333,0.5,-0.16666666666666669,False
253,sex,man,0,Elicit,Retrieve,0.25,0.25,0.0,False
253,sex,man,0,Retrieve,Retrieve,0.0,0.14285714285714285,-0.14285714285714285,False
253,sex,man,0,Rank,Retrieve,0.0,0.3373698066922942,-0.3373698066922942,False
253,sex,man,0,Explain,Retrieve,0.5,0.5,0.0,False
253,sex,man,0,Memory,Retrieve,0.3333333333333333,1.0,-0.6666666666666667,False
253,sex,woman,0,Elicit,Retrieve,0.25,0.25,0.0,True
253,sex,woman,0,Retrieve,Retrieve,0.14285714285714285,0.14285714285714285,0.0,True
253,sex,woman,0,Rank,Retrieve,0.12589300018165653,0.3373698066922942,-0.2114768065106377,True
253,sex,woman,0,Explain,Retrieve,0.3333333333333333,0.5,-0.16666666666666669,True
253,sex,woman,0,Memory,Retrieve,0.3333333333333333,1.0,-0.6666666666666667,True
253,sex,man,1,Elicit,Retrieve,0.25,0.25,0.0,False
253,sex,man,1,Retrieve,Retrieve,0.14285714285714285,0.14285714285714285,0.0,False
253,sex,man,1,Rank,Retrieve,0.0,0.20728037317124912,-0.20728037317124912,False
253,sex,man,1,Explain,Retrieve,0.5,0.5,0.0,False
253,sex,man,1,Memory,Retrieve,0.3333333333333333,0.5,-0.16666666666666669,False
253,sex,woman,1,Elicit,Retrieve,0.25,0.25,0.0,True
253,sex,woman,1,Retrieve,Retrieve,0.14285714285714285,0.14285714285714285,0.0,True
253,sex,woman,1,Rank,Retrieve,0.085935341766424,0.20728037317124912,-0.12134503140482511,True
253,sex,woman,1,Explain,Retrieve,0.5,0.5,0.0,True
253,sex,woman,1,Memory,Retrieve,0.5,0.5,0.0,True
325,sex,man,0,Elicit,none,0.25,0.25,0.0,False
325,sex,man,0,Retrieve,none,0.0,0.0,0.0,False
325,sex,man,0,Rank,none,0.0,0.0,0.0,False
325,sex,man,0,Explain,none,0.25,0.3333333333333333,-0.08333333333333331,False
325,sex,man,0,Memory,none,0.5,1.0,-0.5,False
325,sex,woman,0,Elicit,none,0.25,0.25,0.0,True
325,sex,woman,0,Retrieve,none,0.0,0.0,0.0,True
325,sex,woman,0,Rank,none,0.0,0.0,0.0,True
325,sex,woman,0,Explain,none,0.5,0.3333333333333333,0.16666666666666669,True
325,sex,woman,0,Memory,none,0.3333333333333333,1.0,-0.6666666666666667,True
325,sex,man,1,Elicit,none,0.25,0.25,0.0,False
325,sex,man,1,Retrieve,none,0.0,0.0,0.0,False
325,sex,man,1,Rank,none,0.0,0.0,0.0,False
325,sex,man,1,Explain,none,0.25,0.3333333333333333,-0.08333333333333331,False
325,sex,man,1,Memory,none,1.0,1.0,0.0,False
325,sex,woman,1,Elicit,none,0.25,0.25,0.0,True
325,sex,woman,1,Retrieve,none,0.0,0.0,0.0,True
325,sex,woman,1,Rank,none,0.0,0.0,0.0,True
325,sex,woman,1,Explain,none,0.3333333333333333,0.3333333333333333,0.0,True
325,sex,woman,1,Memory,none,0.25,1.0,-0.75,True
468,sex,man,0,Elicit,Explain,0.16666666666666666,0.16666666666666666,0.0,False
468,sex,man,0,Retrieve,Explain,0.0,0.0,0.0,False
468,sex,man,0,Rank,Explain,0.0,0.0,0.0,False
468,sex,man,0,Explain,Explain,0.6666666666666666,0.3333333333333333,0.3333333333333333,False
468,sex,man,0,Memory,Explain,1.0,0.5,0.5,False
468,sex,woman,0,Elicit,Explain,0.16666666666666666,0.16666666666666666,0.0,True
468,sex,woman,0,Retrieve,Explain,0.0,0.0,0.0,True
468,sex,woman,0,Rank,Explain,0.0,0.0,0.0,True
468,sex,woman,0,Explain,Explain,0.3333333333333333,0.3333333333333333,0.0,True
468,sex,woman,0,Memory,Explain,0.5,0.5,0.0,True
468,sex,man,1,Elicit,Explain,0.16666666666666666,0.16666666666666666,0.0,False
468,sex,man,1,Retrieve,Explain,0.0,0.0,0.0,False
468,sex,man,1,Rank,Explain,0.0,0.0,0.0,False
468,sex,man,1,Explain,Explain,0.5,0.3333333333333333,0.16666666666666669,False
468,sex,man,1,Memory,Explain,1.0,0.5,0.5,False
468,sex,woman,1,Elicit,Explain,0.16666666666666666,0.16666666666666666,0.0,True
468,sex,woman,1,Retrieve,Explain,0.0,0.0,0.0,True
468,sex,woman,1,Rank,Explain,0.0,0.0,0.0,True
468,sex,woman,1,Explain,Explain,0.3333333333333333,0.3333333333333333,0.0,True
468,sex,woman,1,Memory,Explain,0.5,0.5,0.0,True
517,age,teen,0,Elicit,Elicit,0.09090909090909091,0.09090909090909091,0.0,False
517,age,teen,0,Retrieve,Elicit,0.0,0.0,0.0,False
517,age,teen,0,Rank,Elicit,0.11870715157989713,0.03744793694673707,0.08125921463316005,False
517,age,teen,0,Explain,Elicit,0.5,0.5,0.0,False
517,age,teen,0,Memory,Elicit,1.0,,,False
517,age,young,0,Elicit,Elicit,0.09090909090909091,0.09090909090909091,0.0,True
517,age,young,0,Retrieve,Elicit,0.0,0.0,0.0,True
517,age,young,0,Rank,Elicit,0.03744793694673707,0.03744793694673707,0.0,True
517,age,young,0,Explain,Elicit,0.5,0.5,0.0,True
517,age,young,0,Memory,Elicit,0.5,,,True
517,age,adult,0,Elicit,Elicit,0.09090909090909091,0.09090909090909091,0.0,False
517,age,adult,0,Retrieve,Elicit,0.0,0.0,0.0,False
517,age,adult,0,Rank,Elicit,0.11870715157989713,0.03744793694673707,0.08125921463316005,False
517,age,adult,0,Explain,Elicit,0.5,0.5,0.0,False
517,age,adult,0,Memory,Elicit,0.5,,,False
517,age,teen,1,Elicit,Elicit,0.09090909090909091,0.09090909090909091,0.0,False
517,age,teen,1,Retrieve,Elicit,0.0,0.0,0.0,False
517,age,teen,1,Rank,Elicit,0.0,0.0,0.0,False
517,age,teen,1,Explain,Elicit,0.5,0.6666666666666666,-0.16666666666666663,False
517,age,teen,1,Memory,Elicit,0.5,0.6666666666666666,-0.16666666666666663,False
517,age,young,1,Elicit,Elicit,0.09090909090909091,0.09090909090909091,0.0,True
517,age,young,1,Retrieve,Elicit,0.0,0.0,0.0,True
517,age,young,1,Rank,Elicit,0.0,0.0,0.0,True
517,age,young,1,Explain,Elicit,0.3333333333333333,0.6666666666666666,-0.3333333333333333,True
517,age,young,1,Memory,Elicit,0.5,0.6666666666666666,-0.16666666666666663,True
517,age,adult,1,Elicit,Elicit,0.09090909090909091,0.09090909090909091,0.0,False
517,age,adult,1,Retrieve,Elicit,0.0,0.0,0.0,False
517,age,adult,1,Rank,Elicit,0.0,0.0,0.0,False
517,age,adult,1,Explain,Elicit,0.6666666666666666,0.6666666666666666,0.0,False
517,age,adult,1,Memory,Elicit,0.5,0.6666666666666666,-0.16666666666666663,False
518,sex,man,0,Elicit,Explain,0.06666666666666667,0.06666666666666667,0.0,False
518,sex,man,0,Retrieve,Explain,0.0,0.0,0.0,False
518,sex,man,0,Rank,Explain,0.1517621910780354,0.0,0.1517621910780354,False
518,sex,man,0,Explain,Explain,0.5,0.5,0.0,False
518,sex,man,0,Memory,Explain,0.3333333333333333,1.0,-0.6666666666666667,False
518,sex,woman,0,Elicit,Explain,0.06666666666666667,0.06666666666666667,0.0,True
518,sex,woman,0,Retrieve,Explain,0.020833333333333332,0.0,0.020833333333333332,True
518,sex,woman,0,Rank,Explain,0.11950223142973103,0.0,0.11950223142973103,True
518,sex,woman,0,Explain,Explain,0.25,0.5,-0.25,True
518,sex,woman,0,Memory,Explain,0.5,1.0,-0.5,True
518,sex,man,1,Elicit,Explain,0.06666666666666667,0.06666666666666667,0.0,False
518,sex,man,1,Retrieve,Explain,0.020833333333333332,0.0,0.020833333333333332,False
518,sex,man,1,Rank,Explain,0.06943122193677727,0.0,0.06943122193677727,False
518,sex,man,1,Explain,Explain,0.5,0.5,0.0,False
518,sex,man,1,Memory,Explain,0.5,0.5,0.0,False
518,sex,woman,1,Elicit,Explain,0.06666666666666667,0.06666666666666667,0.0,True
518,sex,woman,1,Retrieve,Explain,0.020833333333333332,0.0,0.020833333333333332,True
518,sex,woman,1,Rank,Explain,0.1799314820111718,0.0,0.1799314820111718,True
518,sex,woman,1,Explain,Explain,0.5,0.5,0.0,True
518,sex,woman,1,Memory,Explain,0.3333333333333333,0.5,-0.16666666666666669,True
529,sex,man,0,Elicit,none,0.07692307692307693,0.07692307692307693,0.0,True
529,sex,man,0,Retrieve,none,0.0,0.0,0.0,True
529,sex,man,0,Rank,none,0.0,0.0,0.0,True
529,sex,man,0,Explain,none,0.5,0.5,0.0,True
529,sex,man,0,Memory,none,0.5,1.0,-0.5,True
529,sex,woman,0,Elicit,none,0.07692307692307693,0.07692307692307693,0.0,False
529,sex,woman,0,Retrieve,none,0.0,0.0,0.0,False
529,sex,woman,0,Rank,none,0.0,0.0,0.0,False
529,sex,woman,0,Explain,none,0.5,0.5,0.0,False
529,sex,woman,0,Memory,none,0.5,1.0,-0.5,False
529,sex,man,1,Elicit,none,0.07692307692307693,0.07692307692307693,0.0,True
529,sex,man,1,Retrieve,none,0.0,0.0,0.0,True
529,sex,man,1,Rank,none,0.0,0.0,0.0,True
529,sex,man,1,Explain,none,0.6666666666666666,0.5,0.16666666666666663,True
529,sex,man,1,Memory,none,0.5,0.5,0.0,True
529,sex,woman,1,Elicit,none,0.07692307692307693,0.07692307692307693,0.0,False
529,sex,woman,1,Retrieve,none,0.0,0.0,0.0,False
529,sex,woman,1,Rank,none,0.0,0.0,0.0,False
529,sex,woman,1,Explain,none,0.5,0.5,0.0,False
529,sex,woman,1,Memory,none,0.3333333333333333,0.5,-0.16666666666666669,False
547,age,teen,0,Elicit,Explain,0.0,0.0,0.0,False
547,age,teen,0,Retrieve,Explain,0.0,0.0,0.0,False
547,age,teen,0,Rank,Explain,0.0,0.0,0.0,False
547,age,teen,0,Explain,Explain,0.0,0.0,0.0,False
547,age,teen,0,Memory,Explain,0.0,0.0,0.0,False
547,age,young,0,Elicit,Explain,0.0,0.0,0.0,False
547,age,young,0,Retrieve,Explain,0.09090909090909091,0.0,0.09090909090909091,False
547,age,young,0,Rank,Explain,0.0,0.0,0.0,False
547,age,young,0,Explain,Explain,0.0,0.0,0.0,False
547,age,young,0,Memory,Explain,0.0,0.0,0.0,False
547,age,adult,0,Elicit,Explain,0.0,0.0,0.0,True
547,age,adult,0,Retrieve,Explain,0.09090909090909091,0.0,0.09090909090909091,True
547,age,adult,0,Rank,Explain,0.06943122193677728,0.0,0.06943122193677728,True
547,age,adult,0,Explain,Explain,0.0,0.0,0.0,True
547,age,adult,0,Memory,Explain,0.0,0.0,0.0,True
547,age,teen,1,Elicit,Explain,0.0,0.0,0.0,False
547,age,teen,1,Retrieve,Explain,0.09090909090909091,0.0,0.09090909090909091,False
547,age,teen,1,Rank,Explain,0.0,0.0,0.0,False
547,age,teen,1,Explain,Explain,0.25,0.0,0.25,False
547,age,teen,1,Memory,Explain,0.0,0.0,0.0,False
547,age,young,1,Elicit,Explain,0.0,0.0,0.0,False
547,age,young,1,Retrieve,Explain,0.0,0.0,0.0,False
547,age,young,1,Rank,Explain,0.0,0.0,0.0,False
547,age,young,1,Explain,Explain,0.0,0.0,0.0,False
547,age,young,1,Memory,Explain,0.0,0.0,0.0,False
547,age,adult,1,Elicit,Explain,0.0,0.0,0.0,True
547,age,adult,1,Retrieve,Explain,0.09090909090909091,0.0,0.09090909090909091,True
547,age,adult,1,Rank,Explain,0.06625422345438904,0.0,0.06625422345438904,True
547,age,adult,1,Explain,Explain,0.0,0.0,0.0,True
547,age,adult,1,Memory,Explain,0.0,0.0,0.0,True
567,sex,man,0,Elicit,Memory,0.1111111111111111,0.1111111111111111,0.0,True
567,sex,man,0,Retrieve,Memory,0.0,0.0,0.0,True
567,sex,man,0,Rank,Memory,0.0,0.0,0.0,True
567,sex,man,0,Explain,Memory,0.6666666666666666,0.5,0.16666666666666663,True
567,sex,man,0,Memory,Memory,0.5,1.0,-0.5,True
567,sex,woman,0,Elicit,Memory,0.1111111111111111,0.1111111111111111,0.0,False
567,sex,woman,0,Retrieve,Memory,0.0,0.0,0.0,False
567,sex,woman,0,Rank,Memory,0.0,0.0,0.0,False
567,sex,woman,0,Explain,Memory,0.5,0.5,0.0,False
567,sex,woman,0,Memory,Memory,0.5,1.0,-0.5,False
567,sex,man,1,Elicit,Memory,0.1111111111111111,0.1111111111111111,0.0,True
567,sex,man,1,Retrieve,Memory,0.0,0.0,0.0,True
567,sex,man,1,Rank,Memory,0.0,0.0,0.0,True
567,sex,man,1,Explain,Memory,0.5,0.5,0.0,True
567,sex,man,1,Memory,Memory,0.5,1.0,-0.5,True
567,sex,woman,1,Elicit,Memory,0.1111111111111111,0.1111111111111111,0.0,False
567,sex,woman,1,Retrieve,Memory,0.0,0.0,0.0,False
567,sex,woman,1,Rank,Memory,0.0,0.0,0.0,False
567,sex,woman,1,Explain,Memory,0.25,0.5,-0.25,False
567,sex,woman,1,Memory,Memory,0.3333333333333333,1.0,-0.6666666666666667,False
630,age,teen,0,Elicit,Rank,0.07142857142857142,0.07142857142857142,0.0,False
630,age,teen,0,Retrieve,Rank,0.045454545454545456,0.045454545454545456,0.0,False
630,age,teen,0,Rank,Rank,0.04916068994915435,0.05707379357849413,-0.00791310362933978,False
630,age,teen,0,Explain,Rank,0.6666666666666666,0.75,-0.08333333333333337,False
630,age,teen,0,Memory,Rank,0.5,0.5,0.0,False
630,age,young,0,Elicit,Rank,0.07142857142857142,0.07142857142857142,0.0,False
630,age,young,0,Retrieve,Rank,0.13636363636363635,0.045454545454545456,0.0909090909090909,False
630,age,young,0,Rank,Rank,0.1539620612467554,0.05707379357849413,0.09688826766826128,False
630,age,young,0,Explain,Rank,1.0,0.75,0.25,False
630,age,young,0,Memory,Rank,0.75,0.5,0.25,False
630,age,adult,0,Elicit,Rank,0.07142857142857142,0.07142857142857142,0.0,True
630,age,adult,0,Retrieve,Rank,0.045454545454545456,0.045454545454545456,0.0,True
630,age,adult,0,Rank,Rank,0.04066019093635859,0.05707379357849413,-0.016413602642135545,True
630,age,adult,0,Explain,Rank,0.5,0.75,-0.25,True
630,age,adult,0,Memory,Rank,,0.5,,True
630,age,teen,1,Elicit,Rank,0.07142857142857142,0.07142857142857142,0.0,False
630,age,teen,1,Retrieve,Rank,0.045454545454545456,0.045454545454545456,0.0,False
630,age,teen,1,Rank,Rank,0.05707379357849413,0.05707379357849413,0.0,False
630,age,teen,1,Explain,Rank,1.0,0.5,0.5,False
630,age,teen,1,Memory,Rank,0.6666666666666666,0.5,0.16666666666666663,False
630,age,young,1,Elicit,Rank,0.07142857142857142,0.07142857142857142,0.0,False
630,age,young,1,Retrieve,Rank,0.045454545454545456,0.045454545454545456,0.0,False
630,age,young,1,Rank,Rank,0.05707379357849413,0.05707379357849413,0.0,False
630,age,young,1,Explain,Rank,0.75,0.5,0.25,False
630,age,young,1,Memory,Rank,0.5,0.5,0.0,False
630,age,adult,1,Elicit,Rank,0.07142857142857142,0.07142857142857142,0.0,True
630,age,adult,1,Retrieve,Rank,0.09090909090909091,0.045454545454545456,0.045454545454545456,True
630,age,adult,1,Rank,Rank,0.11857806053432333,0.05707379357849413,0.0615042669558292,True
630,age,adult,1,Explain,Rank,0.6666666666666666,0.5,0.16666666666666663,True
630,age,adult,1,Memory,Rank,1.0,0.5,0.5,True
648,age,teen,0,Elicit,Memory,0.09090909090909091,0.09090909090909091,0.0,False
648,age,teen,0,Retrieve,Memory,0.0,0.0,0.0,False
648,age,teen,0,Rank,Memory,0.0,0.0,0.0,False
648,age,teen,0,Explain,Memory,0.6666666666666666,0.5,0.16666666666666663,False
648,age,teen,0,Memory,Memory,0.3333333333333333,1.0,-0.6666666666666667,False
648,age,young,0,Elicit,Memory,0.09090909090909091,0.09090909090909091,0.0,True
648,age,young,0,Retrieve,Memory,0.0,0.0,0.0,True
648,age,young,0,Rank,Memory,0.0,0.0,0.0,True
648,age,young,0,Explain,Memory,0.25,0.5,-0.25,True
648,age,young,0,Memory,Memory,0.5,1.0,-0.5,True
648,age,adult,0,Elicit,Memory,0.09090909090909091,0.09090909090909091,0.0,False
648,age,adult,0,Retrieve,Memory,0.0,0.0,0.0,False
648,age,adult,0,Rank,Memory,0.0,0.0,0.0,False
648,age,adult,0,Explain,Memory,0.5,0.5,0.0,False
648,age,adult,0,Memory,Memory,,1.0,,False
648,age,teen,1,Elicit,Memory,0.09090909090909091,0.09090909090909091,0.0,False
648,age,teen,1,Retrieve,Memory,0.0,0.0,0.0,False
648,age,teen,1,Rank,Memory,0.0,0.0,0.0,False
648,age,teen,1,Explain,Memory,0.5,0.5,0.0,False
648,age,teen,1,Memory,Memory,0.3333333333333333,0.5,-0.16666666666666669,False
648,age,young,1,Elicit,Memory,0.09090909090909091,0.09090909090909091,0.0,True
648,age,young,1,Retrieve,Memory,0.038461538461538464,0.0,0.038461538461538464,True
648,age,young,1,Rank,Memory,0.0,0.0,0.0,True
648,age,young,1,Explain,Memory,0.5,0.5,0.0,True
648,age,young,1,Memory,Memory,0.5,0.5,0.0,True
648,age,adult,1,Elicit,Memory,0.09090909090909091,0.09090909090909091,0.0,False
648,age,adult,1,Retrieve,Memory,0.0,0.0,0.0,False
648,age,adult,1,Rank,Memory,0.0,0.0,0.0,False
648,age,adult,1,Explain,Memory,1.0,0.5,0.5,False
648,age,adult,1,Memory,Memory,1.0,0.5,0.5,False
675,age,teen,0,Elicit,none,0.14285714285714285,0.14285714285714285,0.0,False
675,age,teen,0,Retrieve,none,0.3333333333333333,0.3333333333333333,0.0,False
675,age,teen,0,Rank,none,0.12057040643013119,0.37603464342569287,-0.2554642369955617,False
675,age,teen,0,Explain,none,0.5,0.5,0.0,False
675,age,teen,0,Memory,none,0.5,0.5,0.0,False
675,age,young,0,Elicit,none,0.14285714285714285,0.14285714285714285,0.0,True
675,age,young,0,Retrieve,none,0.16666666666666666,0.3333333333333333,-0.16666666666666666,True
675,age,young,0,Rank,none,0.0,0.37603464342569287,-0.37603464342569287,True
675,age,young,0,Explain,none,0.25,0.5,-0.25,True
675,age,young,0,Memory,none,0.5,0.5,0.0,True
675,age,adult,0,Elicit,none,0.14285714285714285,0.14285714285714285,0.0,False
675,age,adult,0,Retrieve,none,0.3333333333333333,0.3333333333333333,0.0,False
675,age,adult,0,Rank,none,0.38219914577693376,0.37603464342569287,0.006164502351240886,False
675,age,adult,0,Explain,none,0.5,0.5,0.0,False
675,age,adult,0,Memory,none,0.3333333333333333,0.5,-0.16666666666666669,False
675,age,teen,1,Elicit,none,0.14285714285714285,0.14285714285714285,0.0,False
675,age,teen,1,Retrieve,none,0.16666666666666666,0.3333333333333333,-0.16666666666666666,False
675,age,teen,1,Rank,none,0.19109957288846688,0.0,0.19109957288846688,False
675,age,teen,1,Explain,none,0.25,0.3333333333333333,-0.08333333333333331,False
675,age,teen,1,Memory,none,0.5,1.0,-0.5,False
675,age,young,1,Elicit,none,0.14285714285714285,0.14285714285714285,0.0,True
675,age,young,1,Retrieve,none,0.3333333333333333,0.3333333333333333,0.0,True
675,age,young,1,Rank,none,0.092467535268613,0.0,0.092467535268613,True
675,age,young,1,Explain,none,0.25,0.3333333333333333,-0.08333333333333331,True
675,age,young,1,Memory,none,0.5,1.0,-0.5,True
675,age,adult,1,Elicit,none,0.14285714285714285,0.14285714285714285,0.0,False
675,age,adult,1,Retrieve,none,0.3333333333333333,0.3333333333333333,0.0,False
675,age,adult,1,Rank,none,0.13614208263229047,0.0,0.13614208263229047,False
675,age,adult,1,Explain,none,0.6666666666666666,0.3333333333333333,0.3333333333333333,False
675,age,adult,1,Memory,none,1.0,1.0,0.0,False
719,age,teen,0,Elicit,Explain,0.14285714285714285,0.14285714285714285,0.0,True
719,age,teen,0,Retrieve,Explain,0.3333333333333333,0.0,0.3333333333333333,True
719,age,teen,0,Rank,Explain,0.545008304963819,0.0,0.545008304963819,True
719,age,teen,0,Explain,Explain,0.75,0.5,0.25,True
719,age,teen,0,Memory,Explain,0.5,0.5,0.0,True
719,age,young,0,Elicit,Explain,0.14285714285714285,0.14285714285714285,0.0,False
719,age,young,0,Retrieve,Explain,0.3333333333333333,0.0,0.3333333333333333,False
719,age,young,0,Rank,Explain,0.3606911002241012,0.0,0.3606911002241012,False
719,age,young,0,Explain,Explain,0.75,0.5,0.25,False
719,age,young,0,Memory,Explain,0.75,0.5,0.25,False
719,age,adult,0,Elicit,Explain,0.14285714285714285,0.14285714285714285,0.0,False
719,age,adult,0,Retrieve,Explain,0.3333333333333333,0.0,0.3333333333333333,False
719,age,adult,0,Rank,Explain,0.2673350972364625,0.0,0.2673350972364625,False
719,age,adult,0,Explain,Explain,0.75,0.5,0.25,False
719,age,adult,0,Memory,Explain,1.0,0.5,0.5,False
719,age,teen,1,Elicit,Explain,0.14285714285714285,0.14285714285714285,0.0,True
719,age,teen,1,Retrieve,Explain,0.3333333333333333,0.3333333333333333,0.0,True
719,age,teen,1,Rank,Explain,0.4171849814003155,0.45138245108606323,-0.03419746968574772,True
719,age,teen,1,Explain,Explain,0.5,1.0,-0.5,True
719,age,teen,1,Memory,Explain,0.5,1.0,-0.5,True
719,age,young,1,Elicit,Explain,0.14285714285714285,0.14285714285714285,0.0,False
719,age,young,1,Retrieve,Explain,0.3333333333333333,0.3333333333333333,0.0,False
719,age,young,1,Rank,Explain,0.4519316820649237,0.45138245108606323,0.0005492309788604488,False
719,age,young,1,Explain,Explain,0.75,1.0,-0.25,False
719,age,young,1,Memory,Explain,0.5,1.0,-0.5,False
719,age,adult,1,Elicit,Explain,0.14285714285714285,0.14285714285714285,0.0,False
719,age,adult,1,Retrieve,Explain,0.3333333333333333,0.3333333333333333,0.0,False
719,age,adult,1,Rank,Explain,0.3072491590383885,0.45138245108606323,-0.14413329204767472,False
719,age,adult,1,Explain,Explain,0.6666666666666666,1.0,-0.33333333333333337,False
719,age,adult,1,Memory,Explain,1.0,1.0,0.0,False
743,age,teen,0,Elicit,Memory,0.16666666666666666,0.16666666666666666,0.0,True
743,age,teen,0,Retrieve,Memory,0.0,0.0,0.0,True
743,age,teen,0,Rank,Memory,0.0,0.0,0.0,True
743,age,teen,0,Explain,Memory,0.5,0.6666666666666666,-0.16666666666666663,True
743,age,teen,0,Memory,Memory,0.5,1.0,-0.5,True
743,age,young,0,Elicit,Memory,0.16666666666666666,0.16666666666666666,0.0,False
743,age,young,0,Retrieve,Memory,0.0,0.0,0.0,False
743,age,young,0,Rank,Memory,0.0,0.0,0.0,False
743,age,young,0,Explain,Memory,0.5,0.6666666666666666,-0.16666666666666663,False
743,age,young,0,Memory,Memory,0.4,1.0,-0.6,False
743,age,adult,0,Elicit,Memory,0.16666666666666666,0.16666666666666666,0.0,False
743,age,adult,0,Retrieve,Memory,0.0,0.0,0.0,False
743,age,adult,0,Rank,Memory,0.0,0.0,0.0,False
743,age,adult,0,Explain,Memory,0.6666666666666666,0.6666666666666666,0.0,False
743,age,adult,0,Memory,Memory,0.5,1.0,-0.5,False
743,age,teen,1,Elicit,Memory,0.16666666666666666,0.16666666666666666,0.0,True
743,age,teen,1,Retrieve,Memory,0.0,0.0,0.0,True
743,age,teen,1,Rank,Memory,0.0,0.0,0.0,True
743,age,teen,1,Explain,Memory,0.5,0.5,0.0,True
743,age,teen,1,Memory,Memory,1.0,1.0,0.0,True
743,age,young,1,Elicit,Memory,0.16666666666666666,0.16666666666666666,0.0,False
743,age,young,1,Retrieve,Memory,0.0,0.0,0.0,False
743,age,young,1,Rank,Memory,0.0,0.0,0.0,False
743,age,young,1,Explain,Memory,0.5,0.5,0.0,False
743,age,young,1,Memory,Memory,0.5,1.0,-0.5,False
743,age,adult,1,Elicit,Memory,0.16666666666666666,0.16666666666666666,0.0,False
743,age,adult,1,Retrieve,Memory,0.0,0.0,0.0,False
743,age,adult,1,Rank,Memory,0.0,0.0,0.0,False
743,age,adult,1,Explain,Memory,0.5,0.5,0.0,False
743,age,adult,1,Memory,Memory,0.3333333333333333,1.0,-0.6666666666666667,False
759,age,teen,0,Elicit,Rank,0.2,0.2,0.0,False
759,age,teen,0,Retrieve,Rank,0.0,0.2,-0.2,False
759,age,teen,0,Rank,Rank,0.0,0.09026478364446648,-0.09026478364446648,False
759,age,teen,0,Explain,Rank,0.6666666666666666,0.6666666666666666,0.0,False
759,age,teen,0,Memory,Rank,0.6666666666666666,0.5,0.16666666666666663,False
759,age,young,0,Elicit,Rank,0.2,0.2,0.0,False
759,age,young,0,Retrieve,Rank,0.0,0.2,-0.2,False
759,age,young,0,Rank,Rank,0.0,0.09026478364446648,-0.09026478364446648,False
759,age,young,0,Explain,Rank,0.6666666666666666,0.6666666666666666,0.0,False
759,age,young,0,Memory,Rank,0.5,0.5,0.0,False
759,age,adult,0,Elicit,Rank,0.2,0.2,0.0,True
759,age,adult,0,Retrieve,Rank,0.0,0.2,-0.2,True
759,age,adult,0,Rank,Rank,0.0,0.09026478364446648,-0.09026478364446648,True
759,age,adult,0,Explain,Rank,0.6666666666666666,0.6666666666666666,0.0,True
759,age,adult,0,Memory,Rank,0.5,0.5,0.0,True
759,age,teen,1,Elicit,Rank,0.2,0.2,0.0,False
759,age,teen,1,Retrieve,Rank,0.2,0.0,0.2,False
759,age,teen,1,Rank,Rank,0.11662477900571498,0.0,0.11662477900571498,False
759,age,teen,1,Explain,Rank,0.6666666666666666,0.6666666666666666,0.0,False
759,age,teen,1,Memory,Rank,0.0,1.0,-1.0,False
759,age,young,1,Elicit,Rank,0.2,0.2,0.0,False
759,age,young,1,Retrieve,Rank,0.0,0.0,0.0,False
759,age,young,1,Rank,Rank,0.0,0.0,0.0,False
759,age,young,1,Explain,Rank,0.25,0.6666666666666666,-0.41666666666666663,False
759,age,young,1,Memory,Rank,,1.0,,False
759,age,adult,1,Elicit,Rank,0.2,0.2,0.0,True
759,age,adult,1,Retrieve,Rank,0.0,0.0,0.0,True
759,age,adult,1,Rank,Rank,0.0,0.0,0.0,True
759,age,adult,1,Explain,Rank,0.6666666666666666,0.6666666666666666,0.0,True
759,age,adult,1,Memory,Rank,0.6666666666666666,1.0,-0.33333333333333337,True
775,age,teen,0,Elicit,Explain,0.125,0.125,0.0,True
775,age,teen,0,Retrieve,Explain,0.0,0.0,0.0,True
775,age,teen,0,Rank,Explain,0.0,0.0,0.0,True
775,age,teen,0,Explain,Explain,0.0,0.5,-0.5,True
775,age,teen,0,Memory,Explain,0.5,1.0,-0.5,True
775,age,young,0,Elicit,Explain,0.125,0.125,0.0,False
775,age,young,0,Retrieve,Explain,0.0,0.0,0.0,False
775,age,young,0,Rank,Explain,0.0,0.0,0.0,False
775,age,young,0,Explain,Explain,0.5,0.5,0.0,False
775,age,young,0,Memory,Explain,0.5,1.0,-0.5,False
775,age,adult,0,Elicit,Explain,0.125,0.125,0.0,False
775,age,adult,0,Retrieve,Explain,0.0,0.0,0.0,False
775,age,adult,0,Rank,Explain,0.0,0.0,0.0,False
775,age,adult,0,Explain,Explain,0.3333333333333333,0.5,-0.16666666666666669,False
775,age,adult,0,Memory,Explain,0.5,1.0,-0.5,False
775,age,teen,1,Elicit,Explain,0.125,0.125,0.0,True
775,age,teen,1,Retrieve,Explain,0.0,0.0,0.0,True
775,age,teen,1,Rank,Explain,0.0,0.0,0.0,True
775,age,teen,1,Explain,Explain,0.3333333333333333,0.3333333333333333,0.0,True
775,age,teen,1,Memory,Explain,0.5,1.0,-0.5,True
775,age,young,1,Elicit,Explain,0.125,0.125,0.0,False
775,age,young,1,Retrieve,Explain,0.0,0.0,0.0,False
775,age,young,1,Rank,Explain,0.0,0.0,0.0,False
775,age,young,1,Explain,Explain,0.6666666666666666,0.3333333333333333,0.3333333333333333,False
775,age,young,1,Memory,Explain,0.5,1.0,-0.5,False
775,age,adult,1,Elicit,Explain,0.125,0.125,0.0,False
775,age,adult,1,Retrieve,Explain,0.0,0.0,0.0,False
775,age,adult,1,Rank,Explain,0.0,0.0,0.0,False
775,age,adult,1,Explain,Explain,0.25,0.3333333333333333,-0.08333333333333331,False
775,age,adult,1,Memory,Explain,0.5,1.0,-0.5,False
784,sex,man,0,Elicit,Retrieve,0.09090909090909091,0.09090909090909091,0.0,True
784,sex,man,0,Retrieve,Retrieve,0.16666666666666666,0.3333333333333333,-0.16666666666666666,True
784,sex,man,0,Rank,Retrieve,0.30260241349881345,0.17856411732486627,0.12403829617394718,True
784,sex,man,0,Explain,Retrieve,0.5,0.6666666666666666,-0.16666666666666663,True
784,sex,man,0,Memory,Retrieve,0.5,0.6666666666666666,-0.16666666666666663,True
784,sex,woman,0,Elicit,Retrieve,0.09090909090909091,0.09090909090909091,0.0,False
784,sex,woman,0,Retrieve,Retrieve,0.16666666666666666,0.3333333333333333,-0.16666666666666666,False
784,sex,woman,0,Rank,Retrieve,0.30260241349881345,0.17856411732486627,0.12403829617394718,False
784,sex,woman,0,Explain,Retrieve,0.5,0.6666666666666666,-0.16666666666666663,False
784,sex,woman,0,Memory,Retrieve,0.3333333333333333,0.6666666666666666,-0.3333333333333333,False
784,sex,man,1,Elicit,Retrieve,0.09090909090909091,0.09090909090909091,0.0,True
784,sex,man,1,Retrieve,Retrieve,0.16666666666666666,0.16666666666666666,0.0,True
784,sex,man,1,Rank,Retrieve,0.30260241349881345,0.30260241349881345,0.0,True
784,sex,man,1,Explain,Retrieve,0.5,0.5,0.0,True
784,sex,man,1,Memory,Retrieve,0.3333333333333333,0.5,-0.16666666666666669,True
784,sex,woman,1,Elicit,Retrieve,0.09090909090909091,0.09090909090909091,0.0,False
784,sex,woman,1,Retrieve,Retrieve,0.0,0.16666666666666666,-0.16666666666666666,False
784,sex,woman,1,Rank,Retrieve,0.0,0.30260241349881345,-0.30260241349881345,False
784,sex,woman,1,Explain,Retrieve,1.0,0.5,0.5,False
784,sex,woman,1,Memory,Retrieve,0.6666666666666666,0.5,0.16666666666666663,False
787,sex,man,0,Elicit,Retrieve,0.14285714285714285,0.14285714285714285,0.0,True
787,sex,man,0,Retrieve,Retrieve,0.0625,0.0625,0.0,True
787,sex,man,0,Rank,Retrieve,0.12232989271665959,0.10117752212648107,0.02115237059017852,True
787,sex,man,0,Explain,Retrieve,0.5,0.5,0.0,True
787,sex,man,0,Memory,Retrieve,0.5,0.0,0.5,True
787,sex,woman,0,Elicit,Retrieve,0.14285714285714285,0.14285714285714285,0.0,False
787,sex,woman,0,Retrieve,Retrieve,0.0625,0.0625,0.0,False
787,sex,woman,0,Rank,Retrieve,0.09468040491445627,0.10117752212648107,-0.006497117212024797,False
787,sex,woman,0,Explain,Retrieve,0.5,0.5,0.0,False
787,sex,woman,0,Memory,Retrieve,0.5,0.0,0.5,False
787,sex,man,1,Elicit,Retrieve,0.14285714285714285,0.14285714285714285,0.0,True
787,sex,man,1,Retrieve,Retrieve,0.0625,0.0625,0.0,True
787,sex,man,1,Rank,Retrieve,0.17921005362217113,0.1420206073716844,0.03718944625048673,True
787,sex,man,1,Explain,Retrieve,0.6666666666666666,1.0,-0.33333333333333337,True
787,sex,man,1,Memory,Retrieve,0.3333333333333333,0.5,-0.16666666666666669,True
787,sex,woman,1,Elicit,Retrieve,0.14285714285714285,0.14285714285714285,0.0,False
787,sex,woman,1,Retrieve,Retrieve,0.125,0.0625,0.0625,False
787,sex,woman,1,Rank,Retrieve,0.1420206073716844,0.1420206073716844,0.0,False
787,sex,woman,1,Explain,Retrieve,0.5,1.0,-0.5,False
787,sex,woman,1,Memory,Retrieve,0.5,0.5,0.0,False
811,sex,man,0,Elicit,Retrieve,0.09090909090909091,0.09090909090909091,0.0,True
811,sex,man,0,Retrieve,Retrieve,0.23076923076923078,0.23076923076923078,0.0,True
811,sex,man,0,Rank,Retrieve,0.2092966965896595,0.2667919987360737,-0.057495302146414184,True
811,sex,man,0,Explain,Retrieve,0.6666666666666666,0.5,0.16666666666666663,True
811,sex,man,0,Memory,Retrieve,0.6666666666666666,1.0,-0.33333333333333337,True
811,sex,woman,0,Elicit,Retrieve,0.09090909090909091,0.09090909090909091,0.0,False
811,sex,woman,0,Retrieve,Retrieve,0.23076923076923078,0.23076923076923078,0.0,False
811,sex,woman,0,Rank,Retrieve,0.19650000299106343,0.2667919987360737,-0.07029199574501024,False
811,sex,woman,0,Explain,Retrieve,0.6666666666666666,0.5,0.16666666666666663,False
811,sex,woman,0,Memory,Retrieve,1.0,1.0,0.0,False
811,sex,man,1,Elicit,Retrieve,0.09090909090909091,0.09090909090909091,0.0,True
811,sex,man,1,Retrieve,Retrieve,0.23076923076923078,0.23076923076923078,0.0,True
811,sex,man,1,Rank,Retrieve,0.29157037499287525,0.07201910903573508,0.21955126595714017,True
811,sex,man,1,Explain,Retrieve,0.5,0.5,0.0,True
811,sex,man,1,Memory,Retrieve,0.5,0.5,0.0,True
811,sex,woman,1,Elicit,Retrieve,0.09090909090909091,0.09090909090909091,0.0,False
811,sex,woman,1,Retrieve,Retrieve,0.23076923076923078,0.23076923076923078,0.0,False
811,sex,woman,1,Rank,Retrieve,0.112468941722589,0.07201910903573508,0.040449832686853926,False
811,sex,woman,1,Explain,Retrieve,0.5,0.5,0.0,False
811,sex,woman,1,Memory,Retrieve,0.3333333333333333,0.5,-0.16666666666666669,False
888,sex,man,0,Elicit,none,0.14285714285714285,0.14285714285714285,0.0,False
888,sex,man,0,Retrieve,none,0.0,0.0,0.0,False
888,sex,man,0,Rank,none,0.0,0.0,0.0,False
888,sex,man,0,Explain,none,0.5,0.5,0.0,False
888,sex,man,0,Memory,none,0.5,1.0,-0.5,False
888,sex,woman,0,Elicit,none,0.14285714285714285,0.14285714285714285,0.0,True
888,sex,woman,0,Retrieve,none,0.0,0.0,0.0,True
888,sex,woman,0,Rank,none,0.0,0.0,0.0,True
888,sex,woman,0,Explain,none,1.0,0.5,0.5,True
888,sex,woman,0,Memory,none,0.5,1.0,-0.5,True
888,sex,man,1,Elicit,none,0.14285714285714285,0.14285714285714285,0.0,False
888,sex,man,1,Retrieve,none,0.0,0.0,0.0,False
888,sex,man,1,Rank,none,0.0,0.0,0.0,False
888,sex,man,1,Explain,none,0.5,0.5,0.0,False
888,sex,man,1,Memory,none,0.5,0.5,0.0,False
888,sex,woman,1,Elicit,none,0.14285714285714285,0.14285714285714285,0.0,True
888,sex,woman,1,Retrieve,none,0.0,0.0,0.0,True
888,sex,woman,1,Rank,none,0.0,0.0,0.0,True
888,sex,woman,1,Explain,none,0.5,0.5,0.0,True
888,sex,woman,1,Memory,none,0.5,0.5,0.0,True
927,age,teen,0,Elicit,Memory,0.125,0.125,0.0,False
927,age,teen,0,Retrieve,Memory,0.0,0.0,0.0,False
927,age,teen,0,Rank,Memory,0.0,0.0,0.0,False
927,age,teen,0,Explain,Memory,0.25,0.3333333333333333,-0.08333333333333331,False
927,age,teen,0,Memory,Memory,0.5,1.0,-0.5,False
927,age,young,0,Elicit,Memory,0.125,0.125,0.0,True
927,age,young,0,Retrieve,Memory,0.0,0.0,0.0,True
927,age,young,0,Rank,Memory,0.0,0.0,0.0,True
927,age,young,0,Explain,Memory,0.25,0.3333333333333333,-0.08333333333333331,True
927,age,young,0,Memory,Memory,,1.0,,True
927,age,adult,0,Elicit,Memory,0.125,0.125,0.0,False
927,age,adult,0,Retrieve,Memory,0.0,0.0,0.0,False
927,age,adult,0,Rank,Memory,0.0,0.0,0.0,False
927,age,adult,0,Explain,Memory,0.5,0.3333333333333333,0.16666666666666669,False
927,age,adult,0,Memory,Memory,0.5,1.0,-0.5,False
927,age,teen,1,Elicit,Memory,0.125,0.125,0.0,False
927,age,teen,1,Retrieve,Memory,0.0,0.0,0.0,False
927,age,teen,1,Rank,Memory,0.0,0.0,0.0,False
927,age,teen,1,Explain,Memory,0.3333333333333333,0.5,-0.16666666666666669,False
927,age,teen,1,Memory,Memory,0.0,1.0,-1.0,False
927,age,young,1,Elicit,Memory,0.125,0.125,0.0,True
927,age,young,1,Retrieve,Memory,0.0,0.0,0.0,True
927,age,young,1,Rank,Memory,0.0,0.0,0.0,True
927,age,young,1,Explain,Memory,0.25,0.5,-0.25,True
927,age,young,1,Memory,Memory,0.3333333333333333,1.0,-0.6666666666666667,True
927,age,adult,1,Elicit,Memory,0.125,0.125,0.0,False
927,age,adult,1,Retrieve,Memory,0.0,0.0,0.0,False
927,age,adult,1,Rank,Memory,0.0,0.0,0.0,False
927,age,adult,1,Explain,Memory,0.3333333333333333,0.5,-0.16666666666666669,False
927,age,adult,1,Memory,Memory,0.3333333333333333,1.0,-0.6666666666666667,False
960,sex,man,0,Elicit,Retrieve,0.08333333333333333,0.08333333333333333,0.0,True
960,sex,man,0,Retrieve,Retrieve,0.07692307692307693,0.0,0.07692307692307693,True
960,sex,man,0,Rank,Retrieve,0.06362078819895171,0.0,0.06362078819895171,True
960,sex,man,0,Explain,Retrieve,0.5,0.5,0.0,True
960,sex,man,0,Memory,Retrieve,0.5,1.0,-0.5,True
960,sex,woman,0,Elicit,Retrieve,0.08333333333333333,0.08333333333333333,0.0,False
960,sex,woman,0,Retrieve,Retrieve,0.0,0.0,0.0,False
960,sex,woman,0,Rank,Retrieve,0.0,0.0,0.0,False
960,sex,woman,0,Explain,Retrieve,0.3333333333333333,0.5,-0.16666666666666669,False
960,sex,woman,0,Memory,Retrieve,0.5,1.0,-0.5,False
960,sex,man,1,Elicit,Retrieve,0.08333333333333333,0.08333333333333333,0.0,True
960,sex,man,1,Retrieve,Retrieve,0.07692307692307693,0.0,0.07692307692307693,True
960,sex,man,1,Rank,Retrieve,0.07839826897867533,0.0,0.07839826897867533,True
960,sex,man,1,Explain,Retrieve,0.5,0.6666666666666666,-0.16666666666666663,True
960,sex,man,1,Memory,Retrieve,0.3333333333333333,0.0,0.3333333333333333,True
960,sex,woman,1,Elicit,Retrieve,0.08333333333333333,0.08333333333333333,0.0,False
960,sex,woman,1,Retrieve,Retrieve,0.0,0.0,0.0,False
960,sex,woman,1,Rank,Retrieve,0.0,0.0,0.0,False
960,sex,woman,1,Explain,Retrieve,0.6666666666666666,0.6666666666666666,0.0,False
960,sex,woman,1,Memory,Retrieve,0.5,0.0,0.5,False
979,sex,man,0,Elicit,Memory,0.14285714285714285,0.14285714285714285,0.0,True
979,sex,man,0,Retrieve,Memory,0.0,0.0,0.0,True
979,sex,man,0,Rank,Memory,0.0,0.0,0.0,True
979,sex,man,0,Explain,Memory,0.75,0.75,0.0,True
979,sex,man,0,Memory,Memory,0.5,0.5,0.0,True
979,sex,woman,0,Elicit,Memory,0.14285714285714285,0.14285714285714285,0.0,False
979,sex,woman,0,Retrieve,Memory,0.0,0.0,0.0,False
979,sex,woman,0,Rank,Memory,0.0,0.0,0.0,False
979,sex,woman,0,Explain,Memory,0.3333333333333333,0.75,-0.4166666666666667,False
979,sex,woman,0,Memory,Memory,0.5,0.5,0.0,False
979,sex,man,1,Elicit,Memory,0.14285714285714285,0.14285714285714285,0.0,True
979,sex,man,1,Retrieve,Memory,0.0,0.0,0.0,True
979,sex,man,1,Rank,Memory,0.0,0.0,0.0,True
979,sex,man,1,Explain,Memory,0.75,0.3333333333333333,0.4166666666666667,True
979,sex,man,1,Memory,Memory,0.5,1.0,-0.5,True
979,sex,woman,1,Elicit,Memory,0.14285714285714285,0.14285714285714285,0.0,False
979,sex,woman,1,Retrieve,Memory,0.0,0.0,0.0,False
979,sex,woman,1,Rank,Memory,0.0,0.0,0.0,False
979,sex,woman,1,Explain,Memory,0.5,0.3333333333333333,0.16666666666666669,False
979,sex,woman,1,Memory,Memory,1.0,1.0,0.0,False
992,age,teen,0,Elicit,Elicit,0.25,0.25,0.0,False
992,age,teen,0,Retrieve,Elicit,0.16666666666666666,0.16666666666666666,0.0,False
992,age,teen,0,Rank,Elicit,0.0,0.1253799534003257,-0.1253799534003257,False
992,age,teen,0,Explain,Elicit,0.25,0.5,-0.25,False
992,age,teen,0,Memory,Elicit,0.3333333333333333,0.5,-0.16666666666666669,False
992,age,young,0,Elicit,Elicit,0.25,0.25,0.0,False
992,age,young,0,Retrieve,Elicit,0.16666666666666666,0.16666666666666666,0.0,False
992,age,young,0,Rank,Elicit,0.19872252448168223,0.1253799534003257,0.07334257108135653,False
992,age,young,0,Explain,Elicit,0.6666666666666666,0.5,0.16666666666666663,False
992,age,young,0,Memory,Elicit,1.0,0.5,0.5,False
992,age,adult,0,Elicit,Elicit,0.25,0.25,0.0,True
992,age,adult,0,Retrieve,Elicit,0.16666666666666666,0.16666666666666666,0.0,True
992,age,adult,0,Rank,Elicit,0.1196428813661124,0.1253799534003257,-0.005737072034213309,True
992,age,adult,0,Explain,Elicit,0.3333333333333333,0.5,-0.16666666666666669,True
992,age,adult,0,Memory,Elicit,1.0,0.5,0.5,True
992,age,teen,1,Elicit,Elicit,0.25,0.25,0.0,False
992,age,teen,1,Retrieve,Elicit,0.16666666666666666,0.16666666666666666,0.0,False
992,age,teen,1,Rank,Elicit,0.2507599068006514,0.11488738404949939,0.13587252275115203,False
992,age,teen,1,Explain,Elicit,0.6666666666666666,0.0,0.6666666666666666,False
992,age,teen,1,Memory,Elicit,1.0,0.3333333333333333,0.6666666666666667,False
992,age,young,1,Elicit,Elicit,0.25,0.25,0.0,False
992,age,young,1,Retrieve,Elicit,0.0,0.16666666666666666,-0.16666666666666666,False
992,age,young,1,Rank,Elicit,0.0,0.11488738404949939,-0.11488738404949939,False
992,age,young,1,Explain,Elicit,0.5,0.0,0.5,False
992,age,young,1,Memory,Elicit,0.3333333333333333,0.3333333333333333,0.0,False
992,age,adult,1,Elicit,Elicit,0.25,0.25,0.0,True
992,age,adult,1,Retrieve,Elicit,0.16666666666666666,0.16666666666666666,0.0,True
992,age,adult,1,Rank,Elicit,0.0,0.11488738404949939,-0.11488738404949939,True
992,age,adult,1,Explain,Elicit,0.5,0.0,0.5,True
992,age,adult,1,Memory,Elicit,0.5,0.3333333333333333,0.16666666666666669,True
1045,sex,man,0,Elicit,Memory,0.25,0.25,0.0,False
1045,sex,man,0,Retrieve,Memory,0.14285714285714285,0.0,0.14285714285714285,False
1045,sex,man,0,Rank,Memory,0.0,0.0,0.0,False
1045,sex,man,0,Explain,Memory,0.5,0.3333333333333333,0.16666666666666669,False
1045,sex,man,0,Memory,Memory,0.3333333333333333,0.5,-0.16666666666666669,False
1045,sex,woman,0,Elicit,Memory,0.25,0.25,0.0,True
1045,sex,woman,0,Retrieve,Memory,0.0,0.0,0.0,True
1045,sex,woman,0,Rank,Memory,0.0,0.0,0.0,True
1045,sex,woman,0,Explain,Memory,0.6666666666666666,0.3333333333333333,0.3333333333333333,True
1045,sex,woman,0,Memory,Memory,1.0,0.5,0.5,True
1045,sex,man,1,Elicit,Memory,0.25,0.25,0.0,False
1045,sex,man,1,Retrieve,Memory,0.0,0.0,0.0,False
1045,sex,man,1,Rank,Memory,0.0,0.0,0.0,False
1045,sex,man,1,Explain,Memory,0.3333333333333333,0.5,-0.16666666666666669,False
1045,sex,man,1,Memory,Memory,0.3333333333333333,0.5,-0.16666666666666669,False
1045,sex,woman,1,Elicit,Memory,0.25,0.25,0.0,True
1045,sex,woman,1,Retrieve,Memory,0.0,0.0,0.0,True
1045,sex,woman,1,Rank,Memory,0.0,0.0,0.0,True
1045,sex,woman,1,Explain,Memory,0.5,0.5,0.0,True
1045,sex,woman,1,Memory,Memory,1.0,0.5,0.5,True
1088,age,teen,0,Elicit,Rank,0.07142857142857142,0.07142857142857142,0.0,True
1088,age,teen,0,Retrieve,Rank,0.015873015873015872,0.0,0.015873015873015872,True
1088,age,teen,0,Rank,Rank,0.08110221776588808,0.0,0.08110221776588808,True
1088,age,teen,0,Explain,Rank,0.5,0.6666666666666666,-0.16666666666666663,True
1088,age,teen,0,Memory,Rank,0.5,1.0,-0.5,True
1088,age,young,0,Elicit,Rank,0.07142857142857142,0.07142857142857142,0.0,False
1088,age,young,0,Retrieve,Rank,0.015873015873015872,0.0,0.015873015873015872,False
1088,age,young,0,Rank,Rank,0.21854151522235687,0.0,0.21854151522235687,False
1088,age,young,0,Explain,Rank,0.6666666666666666,0.6666666666666666,0.0,False
1088,age,young,0,Memory,Rank,0.5,1.0,-0.5,False
1088,age,adult,0,Elicit,Rank,0.07142857142857142,0.07142857142857142,0.0,False
1088,age,adult,0,Retrieve,Rank,0.0,0.0,0.0,False
1088,age,adult,0,Rank,Rank,0.0,0.0,0.0,False
1088,age,adult,0,Explain,Rank,0.75,0.6666666666666666,0.08333333333333337,False
1088,age,adult,0,Memory,Rank,0.3333333333333333,1.0,-0.6666666666666667,False
1088,age,teen,1,Elicit,Rank,0.07142857142857142,0.07142857142857142,0.0,True
1088,age,teen,1,Retrieve,Rank,0.015873015873015872,0.015873015873015872,0.0,True
1088,age,teen,1,Rank,Rank,0.11767651427330586,0.05316877804537814,0.06450773622792771,True
1088,age,teen,1,Explain,Rank,0.5,0.5,0.0,True
1088,age,teen,1,Memory,Rank,1.0,1.0,0.0,True
1088,age,young,1,Elicit,Rank,0.07142857142857142,0.07142857142857142,0.0,False
1088,age,young,1,Retrieve,Rank,0.015873015873015872,0.015873015873015872,0.0,False
1088,age,young,1,Rank,Rank,0.03972886664850667,0.05316877804537814,-0.013439911396871472,False
1088,age,young,1,Explain,Rank,0.75,0.5,0.25,False
1088,age,young,1,Memory,Rank,0.5,1.0,-0.5,False
1088,age,adult,1,Elicit,Rank,0.07142857142857142,0.07142857142857142,0.0,False
1088,age,adult,1,Retrieve,Rank,0.015873015873015872,0.015873015873015872,0.0,False
1088,age,adult,1,Rank,Rank,0.10844851537674105,0.05316877804537814,0.05527973733136291,False
1088,age,adult,1,Explain,Rank,0.6666666666666666,0.5,0.16666666666666663,False
1088,age,adult,1,Memory,Rank,1.0,1.0,0.0,False
1096,sex,man,0,Elicit,Elicit,0.5,0.5,0.0,True
1096,sex,man,0,Retrieve,Elicit,0.25,0.0,0.25,True
1096,sex,man,0,Rank,Elicit,0.0,0.0,0.0,True
1096,sex,man,0,Explain,Elicit,0.5,0.5,0.0,True
1096,sex,man,0,Memory,Elicit,0.5,1.0,-0.5,True
1096,sex,woman,0,Elicit,Elicit,0.5,0.5,0.0,False
1096,sex,woman,0,Retrieve,Elicit,0.0,0.0,0.0,False
1096,sex,woman,0,Rank,Elicit,0.0,0.0,0.0,False
1096,sex,woman,0,Explain,Elicit,0.3333333333333333,0.5,-0.16666666666666669,False
1096,sex,woman,0,Memory,Elicit,0.5,1.0,-0.5,False
1096,sex,man,1,Elicit,Elicit,0.5,0.5,0.0,True
1096,sex,man,1,Retrieve,Elicit,0.25,0.25,0.0,True
1096,sex,man,1,Rank,Elicit,0.35882685506725376,0.22639453924240352,0.13243231582485024,True
1096,sex,man,1,Explain,Elicit,0.6666666666666666,0.25,0.41666666666666663,True
1096,sex,man,1,Memory,Elicit,1.0,1.0,0.0,True
1096,sex,woman,1,Elicit,Elicit,0.5,0.5,0.0,False
1096,sex,woman,1,Retrieve,Elicit,0.0,0.25,-0.25,False
1096,sex,woman,1,Rank,Elicit,0.0,0.22639453924240352,-0.22639453924240352,False
1096,sex,woman,1,Explain,Elicit,0.3333333333333333,0.25,0.08333333333333331,False
1096,sex,woman,1,Memory,Elicit,0.5,1.0,-0.5,False
1104,sex,man,0,Elicit,Elicit,0.25,0.25,0.0,True
1104,sex,man,0,Retrieve,Elicit,0.0,0.0,0.0,True
1104,sex,man,0,Rank,Elicit,0.0,0.0,0.0,True
1104,sex,man,0,Explain,Elicit,0.5,0.5,0.0,True
1104,sex,man,0,Memory,Elicit,0.5,0.5,0.0,True
1104,sex,woman,0,Elicit,Elicit,0.25,0.25,0.0,False
1104,sex,woman,0,Retrieve,Elicit,0.0,0.0,0.0,False
1104,sex,woman,0,Rank,Elicit,0.0,0.0,0.0,False
1104,sex,woman,0,Explain,Elicit,0.5,0.5,0.0,False
1104,sex,woman,0,Memory,Elicit,0.5,0.5,0.0,False
1104,sex,man,1,Elicit,Elicit,0.25,0.25,0.0,True
1104,sex,man,1,Retrieve,Elicit,0.0,0.0,0.0,True
1104,sex,man,1,Rank,Elicit,0.0,0.0,0.0,True
1104,sex,man,1,Explain,Elicit,0.5,0.5,0.0,True
1104,sex,man,1,Memory,Elicit,0.5,0.5,0.0,True
1104,sex,woman,1,Elicit,Elicit,0.25,0.25,0.0,False
1104,sex,woman,1,Retrieve,Elicit,0.0,0.0,0.0,False
1104,sex,woman,1,Rank,Elicit,0.0,0.0,0.0,False
1104,sex,woman,1,Explain,Elicit,0.5,0.5,0.0,False
1104,sex,woman,1,Memory,Elicit,0.3333333333333333,0.5,-0.16666666666666669,False
1114,age,teen,0,Elicit,Retrieve,0.1,0.1,0.0,False
1114,age,teen,0,Retrieve,Retrieve,0.0,0.0,0.0,False
1114,age,teen,0,Rank,Retrieve,0.0,0.0,0.0,False
1114,age,teen,0,Explain,Retrieve,0.75,0.6666666666666666,0.08333333333333337,False
1114,age,teen,0,Memory,Retrieve,0.5,1.0,-0.5,False
1114,age,young,0,Elicit,Retrieve,0.1,0.1,0.0,True
1114,age,young,0,Retrieve,Retrieve,0.0,0.0,0.0,True
1114,age,young,0,Rank,Retrieve,0.0,0.0,0.0,True
1114,age,young,0,Explain,Retrieve,1.0,0.6666666666666666,0.33333333333333337,True
1114,age,young,0,Memory,Retrieve,0.5,1.0,-0.5,True
1114,age,adult,0,Elicit,Retrieve,0.1,0.1,0.0,False
1114,age,adult,0,Retrieve,Retrieve,0.0,0.0,0.0,False
1114,age,adult,0,Rank,Retrieve,0.0,0.0,0.0,False
1114,age,adult,0,Explain,Retrieve,0.75,0.6666666666666666,0.08333333333333337,False
1114,age,adult,0,Memory,Retrieve,0.4,1.0,-0.6,False
1114,age,teen,1,Elicit,Retrieve,0.1,0.1,0.0,False
1114,age,teen,1,Retrieve,Retrieve,0.0,0.0,0.0,False
1114,age,teen,1,Rank,Retrieve,0.0,0.0,0.0,False
1114,age,teen,1,Explain,Retrieve,1.0,0.6666666666666666,0.33333333333333337,False
1114,age,teen,1,Memory,Retrieve,0.6666666666666666,0.5,0.16666666666666663,False
1114,age,young,1,Elicit,Retrieve,0.1,0.1,0.0,True
1114,age,young,1,Retrieve,Retrieve,0.0,0.0,0.0,True
1114,age,young,1,Rank,Retrieve,0.0,0.0,0.0,True
1114,age,young,1,Explain,Retrieve,0.6666666666666666,0.6666666666666666,0.0,True
1114,age,young,1,Memory,Retrieve,0.5,0.5,0.0,True
1114,age,adult,1,Elicit,Retrieve,0.1,0.1,0.0,False
1114,age,adult,1,Retrieve,Retrieve,0.0,0.0,0.0,False
1114,age,adult,1,Rank,Retrieve,0.0,0.0,0.0,False
1114,age,adult,1,Explain,Retrieve,0.6666666666666666,0.6666666666666666,0.0,False
1114,age,adult,1,Memory,Retrieve,0.5,0.5,0.0,False
1141,age,teen,0,Elicit,Retrieve,0.06666666666666667,0.06666666666666667,0.0,False
1141,age,teen,0,Retrieve,Retrieve,0.03389830508474576,0.0,0.03389830508474576,False
1141,age,teen,0,Rank,Retrieve,0.18844415212771543,0.16387835770697878,0.024565794420736642,False
1141,age,teen,0,Explain,Retrieve,0.6666666666666666,0.6666666666666666,0.0,False
1141,age,teen,0,Memory,Retrieve,0.5,1.0,-0.5,False
1141,age,young,0,Elicit,Retrieve,0.06666666666666667,0.06666666666666667,0.0,True
1141,age,young,0,Retrieve,Retrieve,0.03389830508474576,0.0,0.03389830508474576,True
1141,age,young,0,Rank,Retrieve,0.14465249243306438,0.16387835770697878,-0.0192258652739144,True
1141,age,young,0,Explain,Retrieve,0.5,0.6666666666666666,-0.16666666666666663,True
1141,age,young,0,Memory,Retrieve,0.5,1.0,-0.5,True
1141,age,adult,0,Elicit,Retrieve,0.06666666666666667,0.06666666666666667,0.0,False
1141,age,adult,0,Retrieve,Retrieve,0.03389830508474576,0.0,0.03389830508474576,False
1141,age,adult,0,Rank,Retrieve,0.12987501165334076,0.16387835770697878,-0.03400334605363803,False
1141,age,adult,0,Explain,Retrieve,0.5,0.6666666666666666,-0.16666666666666663,False
1141,age,adult,0,Memory,Retrieve,1.0,1.0,0.0,False
1141,age,teen,1,Elicit,Retrieve,0.06666666666666667,0.06666666666666667,0.0,False
1141,age,teen,1,Retrieve,Retrieve,0.03389830508474576,0.01694915254237288,0.01694915254237288,False
1141,age,teen,1,Rank,Retrieve,0.33013764944712026,0.13568544539116634,0.19445220405595393,False
1141,age,teen,1,Explain,Retrieve,0.75,0.75,0.0,False
1141,age,teen,1,Memory,Retrieve,0.5,1.0,-0.5,False
1141,age,young,1,Elicit,Retrieve,0.06666666666666667,0.06666666666666667,0.0,True
1141,age,young,1,Retrieve,Retrieve,0.03389830508474576,0.01694915254237288,0.01694915254237288,True
1141,age,young,1,Rank,Retrieve,0.08062020788641039,0.13568544539116634,-0.05506523750475595,True
1141,age,young,1,Explain,Retrieve,0.75,0.75,0.0,True
1141,age,young,1,Memory,Retrieve,0.5,1.0,-0.5,True
1141,age,adult,1,Elicit,Retrieve,0.06666666666666667,0.06666666666666667,0.0,False
1141,age,adult,1,Retrieve,Retrieve,0.03389830508474576,0.01694915254237288,0.01694915254237288,False
1141,age,adult,1,Rank,Retrieve,0.3493635147210347,0.13568544539116634,0.21367806932986838,False
1141,age,adult,1,Explain,Retrieve,0.75,0.75,0.0,False
1141,age,adult,1,Memory,Retrieve,,1.0,,False
1164,sex,man,0,Elicit,Explain,0.09090909090909091,0.09090909090909091,0.0,False
1164,sex,man,0,Retrieve,Explain,0.015873015873015872,0.015873015873015872,0.0,False
1164,sex,man,0,Rank,Explain,0.06625422345438904,0.030784252354331472,0.03546997110005757,False
1164,sex,man,0,Explain,Explain,0.3333333333333333,0.6666666666666666,-0.3333333333333333,False
1164,sex,man,0,Memory,Explain,0.5,0.6666666666666666,-0.16666666666666663,False
1164,sex,woman,0,Elicit,Explain,0.09090909090909091,0.09090909090909091,0.0,True
1164,sex,woman,0,Retrieve,Explain,0.0,0.015873015873015872,-0.015873015873015872,True
1164,sex,woman,0,Rank,Explain,0.06362078819895171,0.030784252354331472,0.03283653584462024,True
1164,sex,woman,0,Explain,Explain,0.5,0.6666666666666666,-0.16666666666666663,True
1164,sex,woman,0,Memory,Explain,0.5,0.6666666666666666,-0.16666666666666663,True
1164,sex,man,1,Elicit,Explain,0.09090909090909091,0.09090909090909091,0.0,False
1164,sex,man,1,Retrieve,Explain,0.0,0.031746031746031744,-0.031746031746031744,False
1164,sex,man,1,Rank,Explain,0.0,0.24804496520656139,-0.24804496520656139,False
1164,sex,man,1,Explain,Explain,0.25,0.6666666666666666,-0.41666666666666663,False
1164,sex,man,1,Memory,Explain,0.5,0.5,0.0,False
1164,sex,woman,1,Elicit,Explain,0.09090909090909091,0.09090909090909091,0.0,True
1164,sex,woman,1,Retrieve,Explain,0.0,0.031746031746031744,-0.031746031746031744,True
1164,sex,woman,1,Rank,Explain,0.06943122193677727,0.24804496520656139,-0.17861374326978413,True
1164,sex,woman,1,Explain,Explain,0.5,0.6666666666666666,-0.16666666666666663,True
1164,sex,woman,1,Memory,Explain,0.5,0.5,0.0,True
1169,age,teen,0,Elicit,Elicit,0.25,0.25,0.0,False
1169,age,teen,0,Retrieve,Elicit,0.0,0.0,0.0,False
1169,age,teen,0,Rank,Elicit,0.0,0.0,0.0,False
1169,age,teen,0,Explain,Elicit,0.5,0.25,0.25,False
1169,age,teen,0,Memory,Elicit,0.3333333333333333,0.5,-0.16666666666666669,False
1169,age,young,0,Elicit,Elicit,0.25,0.25,0.0,True
1169,age,young,0,Retrieve,Elicit,0.0,0.0,0.0,True
1169,age,young,0,Rank,Elicit,0.0,0.0,0.0,True
1169,age,young,0,Explain,Elicit,0.25,0.25,0.0,True
1169,age,young,0,Memory,Elicit,1.0,0.5,0.5,True
1169,age,adult,0,Elicit,Elicit,0.25,0.25,0.0,False
1169,age,adult,0,Retrieve,Elicit,0.0,0.0,0.0,False
1169,age,adult,0,Rank,Elicit,0.0,0.0,0.0,False
1169,age,adult,0,Explain,Elicit,0.25,0.25,0.0,False
1169,age,adult,0,Memory,Elicit,0.3333333333333333,0.5,-0.16666666666666669,False
1169,age,teen,1,Elicit,Elicit,0.25,0.25,0.0,False
1169,age,teen,1,Retrieve,Elicit,0.0,0.0,0.0,False
1169,age,teen,1,Rank,Elicit,0.0,0.0,0.0,False
1169,age,teen,1,Explain,Elicit,0.3333333333333333,0.25,0.08333333333333331,False
1169,age,teen,1,Memory,Elicit,0.5,1.0,-0.5,False
1169,age,young,1,Elicit,Elicit,0.25,0.25,0.0,True
1169,age,young,1,Retrieve,Elicit,0.0,0.0,0.0,True
1169,age,young,1,Rank,Elicit,0.0,0.0,0.0,True
1169,age,young,1,Explain,Elicit,0.3333333333333333,0.25,0.08333333333333331,True
1169,age,young,1,Memory,Elicit,1.0,1.0,0.0,True
1169,age,adult,1,Elicit,Elicit,0.25,0.25,0.0,False
1169,age,adult,1,Retrieve,Elicit,0.0,0.0,0.0,False
1169,age,adult,1,Rank,Elicit,0.0,0.0,0.0,False
1169,age,adult,1,Explain,Elicit,0.6666666666666666,0.25,0.41666666666666663,False
1169,age,adult,1,Memory,Elicit,1.0,1.0,0.0,False
1187,age,teen,0,Elicit,none,0.0,0.0,0.0,True
1187,age,teen,0,Retrieve,none,0.0,0.0,0.0,True
1187,age,teen,0,Rank,none,0.0,0.0,0.0,True
1187,age,teen,0,Explain,none,0.25,0.25,0.0,True
1187,age,teen,0,Memory,none,0.0,0.0,0.0,True
1187,age,young,0,Elicit,none,0.0,0.0,0.0,False
1187,age,young,0,Retrieve,none,0.0,0.0,0.0,False
1187,age,young,0,Rank,none,0.0,0.0,0.0,False
1187,age,young,0,Explain,none,0.25,0.25,0.0,False
1187,age,young,0,Memory,none,0.0,0.0,0.0,False
1187,age,adult,0,Elicit,none,0.0,0.0,0.0,False
1187,age,adult,0,Retrieve,none,0.0,0.0,0.0,False
1187,age,adult,0,Rank,none,0.0,0.0,0.0,False
1187,age,adult,0,Explain,none,0.25,0.25,0.0,False
1187,age,adult,0,Memory,none,0.0,0.0,0.0,False
1187,age,teen,1,Elicit,none,0.0,0.0,0.0,True
1187,age,teen,1,Retrieve,none,0.0,0.0,0.0,True
1187,age,teen,1,Rank,none,0.0,0.0,0.0,True
1187,age,teen,1,Explain,none,0.25,0.3333333333333333,-0.08333333333333331,True
1187,age,teen,1,Memory,none,0.0,0.0,0.0,True
1187,age,young,1,Elicit,none,0.0,0.0,0.0,False
1187,age,young,1,Retrieve,none,0.0,0.0,0.0,False
1187,age,young,1,Rank,none,0.0,0.0,0.0,False
1187,age,young,1,Explain,none,0.25,0.3333333333333333,-0.08333333333333331,False
1187,age,young,1,Memory,none,0.0,0.0,0.0,False
1187,age,adult,1,Elicit,none,0.0,0.0,0.0,False
1187,age,adult,1,Retrieve,none,0.0,0.0,0.0,False
1187,age,adult,1,Rank,none,0.0,0.0,0.0,False
1187,age,adult,1,Explain,none,0.25,0.3333333333333333,-0.08333333333333331,False
1187,age,adult,1,Memory,none,0.0,0.0,0.0,False
1194,age,teen,0,Elicit,Memory,0.09090909090909091,0.09090909090909091,0.0,False
1194,age,teen,0,Retrieve,Memory,0.0,0.0,0.0,False
1194,age,teen,0,Rank,Memory,0.008831662906146084,0.0,0.008831662906146084,False
1194,age,teen,0,Explain,Memory,0.5,0.5,0.0,False
1194,age,teen,0,Memory,Memory,0.5,1.0,-0.5,False
1194,age,young,0,Elicit,Memory,0.09090909090909091,0.09090909090909091,0.0,True
1194,age,young,0,Retrieve,Memory,0.0,0.0,0.0,True
1194,age,young,0,Rank,Memory,0.0482700300801578,0.0,0.0482700300801578,True
1194,age,young,0,Explain,Memory,0.5,0.5,0.0,True
1194,age,young,0,Memory,Memory,0.5,1.0,-0.5,True
1194,age,adult,0,Elicit,Memory,0.09090909090909091,0.09090909090909091,0.0,False
1194,age,adult,0,Retrieve,Memory,0.0,0.0,0.0,False
1194,age,adult,0,Rank,Memory,0.0,0.0,0.0,False
1194,age,adult,0,Explain,Memory,0.3333333333333333,0.5,-0.16666666666666669,False
1194,age,adult,0,Memory,Memory,0.5,1.0,-0.5,False
1194,age,teen,1,Elicit,Memory,0.09090909090909091,0.09090909090909091,0.0,False
1194,age,teen,1,Retrieve,Memory,0.0,0.0,0.0,False
1194,age,teen,1,Rank,Memory,0.008132038187271718,0.006872369533384419,0.0012596686538872996,False
1194,age,teen,1,Explain,Memory,0.5,0.5,0.0,False
1194,age,teen,1,Memory,Memory,0.5,0.5,0.0,False
1194,age,young,1,Elicit,Memory,0.09090909090909091,0.09090909090909091,0.0,True
1194,age,young,1,Retrieve,Memory,0.0,0.0,0.0,True
1194,age,young,1,Rank,Memory,0.0452511066225696,0.006872369533384419,0.03837873708918518,True
1194,age,young,1,Explain,Memory,0.5,0.5,0.0,True
1194,age,young,1,Memory,Memory,0.5,0.5,0.0,True
1194,age,adult,1,Elicit,Memory,0.09090909090909091,0.09090909090909091,0.0,False
1194,age,adult,1,Retrieve,Memory,0.0,0.0,0.0,False
1194,age,adult,1,Rank,Memory,0.0,0.006872369533384419,-0.006872369533384419,False
1194,age,adult,1,Explain,Memory,0.5,0.5,0.0,False
1194,age,adult,1,Memory,Memory,0.3333333333333333,0.5,-0.16666666666666669,False
1198,sex,man,0,Elicit,none,0.1,0.1,0.0,True
1198,sex,man,0,Retrieve,none,0.10526315789473684,0.10526315789473684,0.0,True
1198,sex,man,0,Rank,none,0.06943122193677727,0.28371255449703187,-0.2142813325602546,True
1198,sex,man,0,Explain,none,0.6666666666666666,0.75,-0.08333333333333337,True
1198,sex,man,0,Memory,none,0.5,1.0,-0.5,True
1198,sex,woman,0,Elicit,none,0.1,0.1,0.0,False
1198,sex,woman,0,Retrieve,none,0.15789473684210525,0.10526315789473684,0.05263157894736842,False
1198,sex,woman,0,Rank,none,0.20323893375270083,0.28371255449703187,-0.08047362074433104,False
1198,sex,woman,0,Explain,none,0.5,0.75,-0.25,False
1198,sex,woman,0,Memory,none,0.5,1.0,-0.5,False
1198,sex,man,1,Elicit,none,0.1,0.1,0.0,True
1198,sex,man,1,Retrieve,none,0.10526315789473684,0.10526315789473684,0.0,True
1198,sex,man,1,Rank,none,0.085143117641621,0.2051166673279436,-0.1199735496863226,True
1198,sex,man,1,Explain,none,0.6666666666666666,0.75,-0.08333333333333337,True
1198,sex,man,1,Memory,none,0.5,0.5,0.0,True
1198,sex,woman,1,Elicit,none,0.1,0.1,0.0,False
1198,sex,woman,1,Retrieve,none,0.05263157894736842,0.10526315789473684,-0.05263157894736842,False
1198,sex,woman,1,Rank,none,0.11004588314904008,0.2051166673279436,-0.09507078417890351,False
1198,sex,woman,1,Explain,none,0.75,0.75,0.0,False
1198,sex,woman,1,Memory,none,0.3333333333333333,0.5,-0.16666666666666669,False
1207,age,teen,0,Elicit,Explain,0.1,0.1,0.0,False
1207,age,teen,0,Retrieve,Explain,0.08,0.04,0.04,False
1207,age,teen,0,Rank,Explain,0.06871964872823438,0.07942527672346751,-0.010705627995233127,False
1207,age,teen,0,Explain,Explain,0.5,1.0,-0.5,False
1207,age,teen,0,Memory,Explain,0.3333333333333333,0.5,-0.16666666666666669,False
1207,age,young,0,Elicit,Explain,0.1,0.1,0.0,False
1207,age,young,0,Retrieve,Explain,0.08,0.04,0.04,False
1207,age,young,0,Rank,Explain,0.04137335111738141,0.07942527672346751,-0.0380519256060861,False
1207,age,young,0,Explain,Explain,0.25,1.0,-0.75,False
1207,age,young,0,Memory,Explain,1.0,0.5,0.5,False
1207,age,adult,0,Elicit,Explain,0.1,0.1,0.0,True
1207,age,adult,0,Retrieve,Explain,0.0,0.04,-0.04,True
1207,age,adult,0,Rank,Explain,0.008671454207524408,0.07942527672346751,-0.0707538225159431,True
1207,age,adult,0,Explain,Explain,0.25,1.0,-0.75,True
1207,age,adult,0,Memory,Explain,0.5,0.5,0.0,True
1207,age,teen,1,Elicit,Explain,0.1,0.1,0.0,False
1207,age,teen,1,Retrieve,Explain,0.04,0.08,-0.04,False
1207,age,teen,1,Rank,Explain,0.045813099152156256,0.022846537254366694,0.02296656189778956,False
1207,age,teen,1,Explain,Explain,0.5,0.25,0.25,False
1207,age,teen,1,Memory,Explain,0.5,1.0,-0.5,False
1207,age,young,1,Elicit,Explain,0.1,0.1,0.0,False
1207,age,young,1,Retrieve,Explain,0.08,0.08,0.0,False
1207,age,young,1,Rank,Explain,0.06231126397706759,0.022846537254366694,0.0394647267227009,False
1207,age,young,1,Explain,Explain,0.25,0.25,0.0,False
1207,age,young,1,Memory,Explain,0.5,1.0,-0.5,False
1207,age,adult,1,Elicit,Explain,0.1,0.1,0.0,True
1207,age,adult,1,Retrieve,Explain,0.08,0.08,0.0,True
1207,age,adult,1,Rank,Explain,0.059590621154147115,0.022846537254366694,0.03674408389978042,True
1207,age,adult,1,Explain,Explain,0.6666666666666666,0.25,0.41666666666666663,True
1207,age,adult,1,Memory,Explain,1.0,1.0,0.0,True
1336,age,teen,0,Elicit,Explain,0.125,0.125,0.0,False
1336,age,teen,0,Retrieve,Explain,0.2,0.2,0.0,False
1336,age,teen,0,Rank,Explain,0.08251772814190371,0.12742868287020231,-0.044910954728298605,False
1336,age,teen,0,Explain,Explain,0.3333333333333333,0.5,-0.16666666666666669,False
1336,age,teen,0,Memory,Explain,0.5,0.5,0.0,False
1336,age,young,0,Elicit,Explain,0.125,0.125,0.0,False
1336,age,young,0,Retrieve,Explain,0.0,0.2,-0.2,False
1336,age,young,0,Rank,Explain,0.0,0.12742868287020231,-0.12742868287020231,False
1336,age,young,0,Explain,Explain,0.3333333333333333,0.5,-0.16666666666666669,False
1336,age,young,0,Memory,Explain,0.3333333333333333,0.5,-0.16666666666666669,False
1336,age,adult,0,Elicit,Explain,0.125,0.125,0.0,True
1336,age,adult,0,Retrieve,Explain,0.0,0.2,-0.2,True
1336,age,adult,0,Rank,Explain,0.0,0.12742868287020231,-0.12742868287020231,True
1336,age,adult,0,Explain,Explain,0.3333333333333333,0.5,-0.16666666666666669,True
1336,age,adult,0,Memory,Explain,0.3333333333333333,0.5,-0.16666666666666669,True
1336,age,teen,1,Elicit,Explain,0.125,0.125,0.0,False
1336,age,teen,1,Retrieve,Explain,0.2,0.2,0.0,False
1336,age,teen,1,Rank,Explain,0.0,0.0,0.0,False
1336,age,teen,1,Explain,Explain,0.5,0.5,0.0,False
1336,age,teen,1,Memory,Explain,0.5,0.5,0.0,False
1336,age,young,1,Elicit,Explain,0.125,0.125,0.0,False
1336,age,young,1,Retrieve,Explain,0.0,0.2,-0.2,False
1336,age,young,1,Rank,Explain,0.0,0.0,0.0,False
1336,age,young,1,Explain,Explain,0.3333333333333333,0.5,-0.16666666666666669,False
1336,age,young,1,Memory,Explain,0.3333333333333333,0.5,-0.16666666666666669,False
1336,age,adult,1,Elicit,Explain,0.125,0.125,0.0,True
1336,age,adult,1,Retrieve,Explain,0.0,0.2,-0.2,True
1336,age,adult,1,Rank,Explain,0.0,0.0,0.0,True
1336,age,adult,1,Explain,Explain,0.3333333333333333,0.5,-0.16666666666666669,True
1336,age,adult,1,Memory,Explain,0.5,0.5,0.0,True
1499,sex,man,0,Elicit,none,0.1111111111111111,0.1111111111111111,0.0,True
1499,sex,man,0,Retrieve,none,0.0,0.0,0.0,True
1499,sex,man,0,Rank,none,0.0,0.0,0.0,True
1499,sex,man,0,Explain,none,0.5,0.5,0.0,True
1499,sex,man,0,Memory,none,0.5,0.5,0.0,True
1499,sex,woman,0,Elicit,none,0.1111111111111111,0.1111111111111111,0.0,False
1499,sex,woman,0,Retrieve,none,0.0,0.0,0.0,False
1499,sex,woman,0,Rank,none,0.0,0.0,0.0,False
1499,sex,woman,0,Explain,none,0.5,0.5,0.0,False
1499,sex,woman,0,Memory,none,0.5,0.5,0.0,False
1499,sex,man,1,Elicit,none,0.1111111111111111,0.1111111111111111,0.0,True
1499,sex,man,1,Retrieve,none,0.0,0.0,0.0,True
1499,sex,man,1,Rank,none,0.0,0.0,0.0,True
1499,sex,man,1,Explain,none,0.5,0.75,-0.25,True
1499,sex,man,1,Memory,none,0.5,0.5,0.0,True
1499,sex,woman,1,Elicit,none,0.1111111111111111,0.1111111111111111,0.0,False
1499,sex,woman,1,Retrieve,none,0.0,0.0,0.0,False
1499,sex,woman,1,Rank,none,0.0,0.0,0.0,False
1499,sex,woman,1,Explain,none,0.6666666666666666,0.75,-0.08333333333333337,False
1499,sex,woman,1,Memory,none,0.6666666666666666,0.5,0.16666666666666663,False
1500,sex,man,0,Elicit,Explain,0.1111111111111111,0.1111111111111111,0.0,True
1500,sex,man,0,Retrieve,Explain,0.0,0.0,0.0,True
1500,sex,man,0,Rank,Explain,0.0,0.0,0.0,True
1500,sex,man,0,Explain,Explain,0.3333333333333333,0.75,-0.4166666666666667,True
1500,sex,man,0,Memory,Explain,1.0,1.0,0.0,True
1500,sex,woman,0,Elicit,Explain,0.1111111111111111,0.1111111111111111,0.0,False
1500,sex,woman,0,Retrieve,Explain,0.0,0.0,0.0,False
1500,sex,woman,0,Rank,Explain,0.0,0.0,0.0,False
1500,sex,woman,0,Explain,Explain,0.75,0.75,0.0,False
1500,sex,woman,0,Memory,Explain,0.5,1.0,-0.5,False
1500,sex,man,1,Elicit,Explain,0.1111111111111111,0.1111111111111111,0.0,True
1500,sex,man,1,Retrieve,Explain,0.0,0.0,0.0,True
1500,sex,man,1,Rank,Explain,0.0,0.0,0.0,True
1500,sex,man,1,Explain,Explain,0.5,0.5,0.0,True
1500,sex,man,1,Memory,Explain,0.5,0.5,0.0,True
1500,sex,woman,1,Elicit,Explain,0.1111111111111111,0.1111111111111111,0.0,False
1500,sex,woman,1,Retrieve,Explain,0.0,0.0,0.0,False
1500,sex,woman,1,Rank,Explain,0.0,0.0,0.0,False
1500,sex,woman,1,Explain,Explain,0.6666666666666666,0.5,0.16666666666666663,False
1500,sex,woman,1,Memory,Explain,0.5,0.5,0.0,False
1563,sex,man,0,Elicit,Explain,0.08333333333333333,0.08333333333333333,0.0,False
1563,sex,man,0,Retrieve,Explain,0.09090909090909091,0.09090909090909091,0.0,False
1563,sex,man,0,Rank,Explain,0.0,0.12266405663256037,-0.12266405663256037,False
1563,sex,man,0,Explain,Explain,0.5,0.0,0.5,False
1563,sex,man,0,Memory,Explain,0.3333333333333333,0.3333333333333333,0.0,False
1563,sex,woman,0,Elicit,Explain,0.08333333333333333,0.08333333333333333,0.0,True
1563,sex,woman,0,Retrieve,Explain,0.09090909090909091,0.09090909090909091,0.0,True
1563,sex,woman,0,Rank,Explain,0.0,0.12266405663256037,-0.12266405663256037,True
1563,sex,woman,0,Explain,Explain,0.5,0.0,0.5,True
1563,sex,woman,0,Memory,Explain,0.3333333333333333,0.3333333333333333,0.0,True
1563,sex,man,1,Elicit,Explain,0.08333333333333333,0.08333333333333333,0.0,False
1563,sex,man,1,Retrieve,Explain,0.09090909090909091,0.18181818181818182,-0.09090909090909091,False
1563,sex,man,1,Rank,Explain,0.17079803505177585,0.07739240302325662,0.09340563202851923,False
1563,sex,man,1,Explain,Explain,0.75,0.5,0.25,False
1563,sex,man,1,Memory,Explain,0.3333333333333333,0.5,-0.16666666666666669,False
1563,sex,woman,1,Elicit,Explain,0.08333333333333333,0.08333333333333333,0.0,True
1563,sex,woman,1,Retrieve,Explain,0.18181818181818182,0.18181818181818182,0.0,True
1563,sex,woman,1,Rank,Explain,0.07739240302325662,0.07739240302325662,0.0,True
1563,sex,woman,1,Explain,Explain,0.5,0.5,0.0,True
1563,sex,woman,1,Memory,Explain,0.5,0.5,0.0,True
1568,age,teen,0,Elicit,Rank,0.16666666666666666,0.16666666666666666,0.0,True
1568,age,teen,0,Retrieve,Rank,0.0,0.0,0.0,True
1568,age,teen,0,Rank,Rank,0.0,0.0,0.0,True
1568,age,teen,0,Explain,Rank,0.75,0.0,0.75,True
1568,age,teen,0,Memory,Rank,,0.3333333333333333,,True
1568,age,young,0,Elicit,Rank,0.16666666666666666,0.16666666666666666,0.0,False
1568,age,young,0,Retrieve,Rank,0.0,0.0,0.0,False
1568,age,young,0,Rank,Rank,0.0,0.0,0.0,False
1568,age,young,0,Explain,Rank,0.25,0.0,0.25,False
1568,age,young,0,Memory,Rank,0.5,0.3333333333333333,0.16666666666666669,False
1568,age,adult,0,Elicit,Rank,0.16666666666666666,0.16666666666666666,0.0,False
1568,age,adult,0,Retrieve,Rank,0.0,0.0,0.0,False
1568,age,adult,0,Rank,Rank,0.0,0.0,0.0,False
1568,age,adult,0,Explain,Rank,1.0,0.0,1.0,False
1568,age,adult,0,Memory,Rank,0.5,0.3333333333333333,0.16666666666666669,False
1568,age,teen,1,Elicit,Rank,0.16666666666666666,0.16666666666666666,0.0,True
1568,age,teen,1,Retrieve,Rank,0.0,0.0,0.0,True
1568,age,teen,1,Rank,Rank,0.0,0.0,0.0,True
1568,age,teen,1,Explain,Rank,0.5,0.5,0.0,True
1568,age,teen,1,Memory,Rank,0.25,1.0,-0.75,True
1568,age,young,1,Elicit,Rank,0.16666666666666666,0.16666666666666666,0.0,False
1568,age,young,1,Retrieve,Rank,0.0,0.0,0.0,False
1568,age,young,1,Rank,Rank,0.0,0.0,0.0,False
1568,age,young,1,Explain,Rank,0.5,0.5,0.0,False
1568,age,young,1,Memory,Rank,1.0,1.0,0.0,False
1568,age,adult,1,Elicit,Rank,0.16666666666666666,0.16666666666666666,0.0,False
1568,age,adult,1,Retrieve,Rank,0.0,0.0,0.0,False
1568,age,adult,1,Rank,Rank,0.0,0.0,0.0,False
1568,age,adult,1,Explain,Rank,0.5,0.5,0.0,False
1568,age,adult,1,Memory,Rank,0.5,1.0,-0.5,False
1653,age,teen,0,Elicit,none,0.25,0.25,0.0,False
1653,age,teen,0,Retrieve,none,0.0,0.0,0.0,False
1653,age,teen,0,Rank,none,0.030098852821706178,0.10412492313612079,-0.0740260703144146,False
1653,age,teen,0,Explain,none,0.5,0.25,0.25,False
1653,age,teen,0,Memory,none,0.5,1.0,-0.5,False
1653,age,young,0,Elicit,none,0.25,0.25,0.0,True
1653,age,young,0,Retrieve,none,0.0,0.0,0.0,True
1653,age,young,0,Rank,none,0.0,0.10412492313612079,-0.10412492313612079,True
1653,age,young,0,Explain,none,0.5,0.25,0.25,True
1653,age,young,0,Memory,none,0.5,1.0,-0.5,True
1653,age,adult,0,Elicit,none,0.25,0.25,0.0,False
1653,age,adult,0,Retrieve,none,0.0,0.0,0.0,False
1653,age,adult,0,Rank,none,0.10412492313612079,0.10412492313612079,0.0,False
1653,age,adult,0,Explain,none,0.5,0.25,0.25,False
1653,age,adult,0,Memory,none,0.5,1.0,-0.5,False
1653,age,teen,1,Elicit,none,0.25,0.25,0.0,False
1653,age,teen,1,Retrieve,none,0.0,0.0,0.0,False
1653,age,teen,1,Rank,none,0.0,0.06569551209491964,-0.06569551209491964,False
1653,age,teen,1,Explain,none,0.5,0.3333333333333333,0.16666666666666669,False
1653,age,teen,1,Memory,none,0.5,0.5,0.0,False
1653,age,young,1,Elicit,none,0.25,0.25,0.0,True
1653,age,young,1,Retrieve,none,0.0,0.0,0.0,True
1653,age,young,1,Rank,none,0.10412492313612079,0.06569551209491964,0.03842941104120115,True
1653,age,young,1,Explain,none,0.25,0.3333333333333333,-0.08333333333333331,True
1653,age,young,1,Memory,none,1.0,0.5,0.5,True
1653,age,adult,1,Elicit,none,0.25,0.25,0.0,False
1653,age,adult,1,Retrieve,none,0.0,0.0,0.0,False
1653,age,adult,1,Rank,none,0.10412492313612079,0.06569551209491964,0.03842941104120115,False
1653,age,adult,1,Explain,none,0.5,0.3333333333333333,0.16666666666666669,False
1653,age,adult,1,Memory,none,0.5,0.5,0.0,False
1658,sex,man,0,Elicit,none,0.06666666666666667,0.06666666666666667,0.0,False
1658,sex,man,0,Retrieve,none,0.06818181818181818,0.022727272727272728,0.04545454545454545,False
1658,sex,man,0,Rank,none,0.2659722950247363,0.21101395232825795,0.05495834269647834,False
1658,sex,man,0,Explain,none,0.6666666666666666,0.75,-0.08333333333333337,False
1658,sex,man,0,Memory,none,1.0,1.0,0.0,False
1658,sex,woman,0,Elicit,none,0.06666666666666667,0.06666666666666667,0.0,True
1658,sex,woman,0,Retrieve,none,0.06818181818181818,0.022727272727272728,0.04545454545454545,True
1658,sex,woman,0,Rank,none,0.2294323972925953,0.21101395232825795,0.018418444964337338,True
1658,sex,woman,0,Explain,none,0.75,0.75,0.0,True
1658,sex,woman,0,Memory,none,0.5,1.0,-0.5,True
1658,sex,man,1,Elicit,none,0.06666666666666667,0.06666666666666667,0.0,False
1658,sex,man,1,Retrieve,none,0.06818181818181818,0.045454545454545456,0.02272727272727272,False
1658,sex,man,1,Rank,none,0.16997247599575133,0.13469986581564272,0.035272610180108604,False
1658,sex,man,1,Explain,none,0.5,0.5,0.0,False
1658,sex,man,1,Memory,none,0.5,1.0,-0.5,False
1658,sex,woman,1,Elicit,none,0.06666666666666667,0.06666666666666667,0.0,True
1658,sex,woman,1,Retrieve,none,0.09090909090909091,0.045454545454545456,0.045454545454545456,True
1658,sex,woman,1,Rank,none,0.20310718293206934,0.13469986581564272,0.06840731711642661,True
1658,sex,woman,1,Explain,none,0.5,0.5,0.0,True
1658,sex,woman,1,Memory,none,0.5,1.0,-0.5,True
1815,age,teen,0,Elicit,none,0.2,0.2,0.0,True
1815,age,teen,0,Retrieve,none,0.0,0.0,0.0,True
1815,age,teen,0,Rank,none,0.1273116101623648,0.0,0.1273116101623648,True
1815,age,teen,0,Explain,none,0.5,0.5,0.0,True
1815,age,teen,0,Memory,none,0.3333333333333333,0.5,-0.16666666666666669,True
1815,age,young,0,Elicit,none,0.2,0.2,0.0,False
1815,age,young,0,Retrieve,none,0.0,0.0,0.0,False
1815,age,young,0,Rank,none,0.0,0.0,0.0,False
1815,age,young,0,Explain,none,0.3333333333333333,0.5,-0.16666666666666669,False
1815,age,young,0,Memory,none,1.0,0.5,0.5,False
1815,age,adult,0,Elicit,none,0.2,0.2,0.0,False
1815,age,adult,0,Retrieve,none,0.0,0.0,0.0,False
1815,age,adult,0,Rank,none,0.0,0.0,0.0,False
1815,age,adult,0,Explain,none,0.3333333333333333,0.5,-0.16666666666666669,False
1815,age,adult,0,Memory,none,0.5,0.5,0.0,False
1815,age,teen,1,Elicit,none,0.2,0.2,0.0,True
1815,age,teen,1,Retrieve,none,0.0,0.0,0.0,True
1815,age,teen,1,Rank,none,0.0,0.0,0.0,True
1815,age,teen,1,Explain,none,0.3333333333333333,0.3333333333333333,0.0,True
1815,age,teen,1,Memory,none,0.5,1.0,-0.5,True
1815,age,young,1,Elicit,none,0.2,0.2,0.0,False
1815,age,young,1,Retrieve,none,0.0,0.0,0.0,False
1815,age,young,1,Rank,none,0.0,0.0,0.0,False
1815,age,young,1,Explain,none,0.3333333333333333,0.3333333333333333,0.0,False
1815,age,young,1,Memory,none,1.0,1.0,0.0,False
1815,age,adult,1,Elicit,none,0.2,0.2,0.0,False
1815,age,adult,1,Retrieve,none,0.0,0.0,0.0,False
1815,age,adult,1,Rank,none,0.0,0.0,0.0,False
1815,age,adult,1,Explain,none,0.6666666666666666,0.3333333333333333,0.3333333333333333,False
1815,age,adult,1,Memory,none,0.5,1.0,-0.5,False
1857,sex,man,0,Elicit,Rank,0.0,0.0,0.0,True
1857,sex,man,0,Retrieve,Rank,0.0,0.0,0.0,True
1857,sex,man,0,Rank,Rank,0.0,0.0,0.0,True
1857,sex,man,0,Explain,Rank,0.25,0.25,0.0,True
1857,sex,man,0,Memory,Rank,0.0,0.0,0.0,True
1857,sex,woman,0,Elicit,Rank,0.0,0.0,0.0,False
1857,sex,woman,0,Retrieve,Rank,0.0,0.0,0.0,False
1857,sex,woman,0,Rank,Rank,0.0,0.0,0.0,False
1857,sex,woman,0,Explain,Rank,0.5,0.25,0.25,False
1857,sex,woman,0,Memory,Rank,0.0,0.0,0.0,False
1857,sex,man,1,Elicit,Rank,0.0,0.0,0.0,True
1857,sex,man,1,Retrieve,Rank,0.0,0.0,0.0,True
1857,sex,man,1,Rank,Rank,0.0,0.0,0.0,True
1857,sex,man,1,Explain,Rank,0.25,0.25,0.0,True
1857,sex,man,1,Memory,Rank,0.3333333333333333,0.0,0.3333333333333333,True
1857,sex,woman,1,Elicit,Rank,0.0,0.0,0.0,False
1857,sex,woman,1,Retrieve,Rank,0.0,0.0,0.0,False
1857,sex,woman,1,Rank,Rank,0.0,0.0,0.0,False
1857,sex,woman,1,Explain,Rank,0.25,0.25,0.0,False
1857,sex,woman,1,Memory,Rank,0.0,0.0,0.0,False
1871,sex,man,0,Elicit,Elicit,0.0,0.0,0.0,False
1871,sex,man,0,Retrieve,Elicit,0.0,0.0,0.0,False
1871,sex,man,0,Rank,Elicit,0.0,0.0,0.0,False
1871,sex,man,0,Explain,Elicit,0.0,0.25,-0.25,False
1871,sex,man,0,Memory,Elicit,0.0,0.0,0.0,False
1871,sex,woman,0,Elicit,Elicit,0.0,0.0,0.0,True
1871,sex,woman,0,Retrieve,Elicit,0.0,0.0,0.0,True
1871,sex,woman,0,Rank,Elicit,0.0,0.0,0.0,True
1871,sex,woman,0,Explain,Elicit,0.25,0.25,0.0,True
1871,sex,woman,0,Memory,Elicit,0.0,0.0,0.0,True
1871,sex,man,1,Elicit,Elicit,0.0,0.0,0.0,False
1871,sex,man,1,Retrieve,Elicit,0.0,0.0,0.0,False
1871,sex,man,1,Rank,Elicit,0.0,0.0,0.0,False
1871,sex,man,1,Explain,Elicit,0.25,0.0,0.25,False
1871,sex,man,1,Memory,Elicit,0.0,0.0,0.0,False
1871,sex,woman,1,Elicit,Elicit,0.0,0.0,0.0,True
1871,sex,woman,1,Retrieve,Elicit,0.0,0.0,0.0,True
1871,sex,woman,1,Rank,Elicit,0.0,0.0,0.0,True
1871,sex,woman,1,Explain,Elicit,0.3333333333333333,0.0,0.3333333333333333,True
1871,sex,woman,1,Memory,Elicit,0.0,0.0,0.0,True
1928,sex,man,0,Elicit,Retrieve,0.08333333333333333,0.08333333333333333,0.0,True
1928,sex,man,0,Retrieve,Retrieve,0.0,0.0,0.0,True
1928,sex,man,0,Rank,Retrieve,0.0,0.0,0.0,True
1928,sex,man,0,Explain,Retrieve,0.5,0.5,0.0,True
1928,sex,man,0,Memory,Retrieve,1.0,1.0,0.0,True
1928,sex,woman,0,Elicit,Retrieve,0.08333333333333333,0.08333333333333333,0.0,False
1928,sex,woman,0,Retrieve,Retrieve,0.0,0.0,0.0,False
1928,sex,woman,0,Rank,Retrieve,0.0,0.0,0.0,False
1928,sex,woman,0,Explain,Retrieve,0.25,0.5,-0.25,False
1928,sex,woman,0,Memory,Retrieve,0.2,1.0,-0.8,False
1928,sex,man,1,Elicit,Retrieve,0.08333333333333333,0.08333333333333333,0.0,True
1928,sex,man,1,Retrieve,Retrieve,0.0,0.0,0.0,True
1928,sex,man,1,Rank,Retrieve,0.0,0.0,0.0,True
1928,sex,man,1,Explain,Retrieve,0.6666666666666666,0.5,0.16666666666666663,True
1928,sex,man,1,Memory,Retrieve,1.0,1.0,0.0,True
1928,sex,woman,1,Elicit,Retrieve,0.08333333333333333,0.08333333333333333,0.0,False
1928,sex,woman,1,Retrieve,Retrieve,0.0,0.0,0.0,False
1928,sex,woman,1,Rank,Retrieve,0.0,0.0,0.0,False
1928,sex,woman,1,Explain,Retrieve,0.5,0.5,0.0,False
1928,sex,woman,1,Memory,Retrieve,0.3333333333333333,1.0,-0.6666666666666667,False
1948,age,teen,0,Elicit,Elicit,0.16666666666666666,0.16666666666666666,0.0,True
1948,age,teen,0,Retrieve,Elicit,0.0,0.0,0.0,True
1948,age,teen,0,Rank,Elicit,0.0,0.0,0.0,True
1948,age,teen,0,Explain,Elicit,0.5,0.5,0.0,True
1948,age,teen,0,Memory,Elicit,0.5,1.0,-0.5,True
1948,age,young,0,Elicit,Elicit,0.16666666666666666,0.16666666666666666,0.0,False
1948,age,young,0,Retrieve,Elicit,0.0,0.0,0.0,False
1948,age,young,0,Rank,Elicit,0.0,0.0,0.0,False
1948,age,young,0,Explain,Elicit,0.5,0.5,0.0,False
1948,age,young,0,Memory,Elicit,0.5,1.0,-0.5,False
1948,age,adult,0,Elicit,Elicit,0.16666666666666666,0.16666666666666666,0.0,False
1948,age,adult,0,Retrieve,Elicit,0.0,0.0,0.0,False
1948,age,adult,0,Rank,Elicit,0.0,0.0,0.0,False
1948,age,adult,0,Explain,Elicit,0.6666666666666666,0.5,0.16666666666666663,False
1948,age,adult,0,Memory,Elicit,1.0,1.0,0.0,False
1948,age,teen,1,Elicit,Elicit,0.16666666666666666,0.16666666666666666,0.0,True
1948,age,teen,1,Retrieve,Elicit,0.0,0.0,0.0,True
1948,age,teen,1,Rank,Elicit,0.0,0.0,0.0,True
1948,age,teen,1,Explain,Elicit,0.6666666666666666,0.5,0.16666666666666663,True
1948,age,teen,1,Memory,Elicit,0.5,1.0,-0.5,True
1948,age,young,1,Elicit,Elicit,0.16666666666666666,0.16666666666666666,0.0,False
1948,age,young,1,Retrieve,Elicit,0.0,0.0,0.0,False
1948,age,young,1,Rank,Elicit,0.0,0.0,0.0,False
1948,age,young,1,Explain,Elicit,0.5,0.5,0.0,False
1948,age,young,1,Memory,Elicit,0.4,1.0,-0.6,False
1948,age,adult,1,Elicit,Elicit,0.16666666666666666,0.16666666666666666,0.0,False
1948,age,adult,1,Retrieve,Elicit,0.0,0.0,0.0,False
1948,age,adult,1,Rank,Elicit,0.0,0.0,0.0,False
1948,age,adult,1,Explain,Elicit,0.5,0.5,0.0,False
1948,age,adult,1,Memory,Elicit,1.0,1.0,0.0,False
1957,sex,man,0,Elicit,Memory,0.16666666666666666,0.16666666666666666,0.0,False
1957,sex,man,0,Retrieve,Memory,0.0,0.0,0.0,False
1957,sex,man,0,Rank,Memory,0.0,0.0,0.0,False
1957,sex,man,0,Explain,Memory,0.5,0.5,0.0,False
1957,sex,man,0,Memory,Memory,0.5,1.0,-0.5,False
1957,sex,woman,0,Elicit,Memory,0.16666666666666666,0.16666666666666666,0.0,True
1957,sex,woman,0,Retrieve,Memory,0.0,0.0,0.0,True
1957,sex,woman,0,Rank,Memory,0.0,0.0,0.0,True
1957,sex,woman,0,Explain,Memory,0.5,0.5,0.0,True
1957,sex,woman,0,Memory,Memory,1.0,1.0,0.0,True
1957,sex,man,1,Elicit,Memory,0.16666666666666666,0.16666666666666666,0.0,False
1957,sex,man,1,Retrieve,Memory,0.0,0.0,0.0,False
1957,sex,man,1,Rank,Memory,0.0,0.0,0.0,False
1957,sex,man,1,Explain,Memory,0.3333333333333333,0.3333333333333333,0.0,False
1957,sex,man,1,Memory,Memory,0.3333333333333333,1.0,-0.6666666666666667,False
1957,sex,woman,1,Elicit,Memory,0.16666666666666666,0.16666666666666666,0.0,True
1957,sex,woman,1,Retrieve,Memory,0.0,0.0,0.0,True
1957,sex,woman,1,Rank,Memory,0.0,0.0,0.0,True
1957,sex,woman,1,Explain,Memory,0.5,0.3333333333333333,0.16666666666666669,True
1957,sex,woman,1,Memory,Memory,0.5,1.0,-0.5,True
2003,age,teen,0,Elicit,none,0.14285714285714285,0.14285714285714285,0.0,True
2003,age,teen,0,Retrieve,none,0.0,0.0,0.0,True
2003,age,teen,0,Rank,none,0.0,0.07489587389347414,-0.07489587389347414,True
2003,age,teen,0,Explain,none,0.75,0.75,0.0,True
2003,age,teen,0,Memory,none,1.0,1.0,0.0,True
2003,age,young,0,Elicit,none,0.14285714285714285,0.14285714285714285,0.0,False
2003,age,young,0,Retrieve,none,0.0,0.0,0.0,False
2003,age,young,0,Rank,none,0.12266405663256037,0.07489587389347414,0.04776818273908623,False
2003,age,young,0,Explain,none,1.0,0.75,0.25,False
2003,age,young,0,Memory,none,1.0,1.0,0.0,False
2003,age,adult,0,Elicit,none,0.14285714285714285,0.14285714285714285,0.0,False
2003,age,adult,0,Retrieve,none,0.0,0.0,0.0,False
2003,age,adult,0,Rank,none,0.2004831893349374,0.07489587389347414,0.12558731544146323,False
2003,age,adult,0,Explain,none,1.0,0.75,0.25,False
2003,age,adult,0,Memory,none,0.5,1.0,-0.5,False
2003,age,teen,1,Elicit,none,0.14285714285714285,0.14285714285714285,0.0,True
2003,age,teen,1,Retrieve,none,0.0,0.0,0.0,True
2003,age,teen,1,Rank,none,0.0,0.0,0.0,True
2003,age,teen,1,Explain,none,0.75,0.75,0.0,True
2003,age,teen,1,Memory,none,0.5,1.0,-0.5,True
2003,age,young,1,Elicit,none,0.14285714285714285,0.14285714285714285,0.0,False
2003,age,young,1,Retrieve,none,0.0,0.0,0.0,False
2003,age,young,1,Rank,none,0.0,0.0,0.0,False
2003,age,young,1,Explain,none,0.75,0.75,0.0,False
2003,age,young,1,Memory,none,0.5,1.0,-0.5,False
2003,age,adult,1,Elicit,none,0.14285714285714285,0.14285714285714285,0.0,False
2003,age,adult,1,Retrieve,none,0.16666666666666666,0.0,0.16666666666666666,False
2003,age,adult,1,Rank,none,0.10565706741966173,0.0,0.10565706741966173,False
2003,age,adult,1,Explain,none,1.0,0.75,0.25,False
2003,age,adult,1,Memory,none,0.5,1.0,-0.5,False
2045,sex,man,0,Elicit,Explain,0.16666666666666666,0.16666666666666666,0.0,False
2045,sex,man,0,Retrieve,Explain,0.0,0.0,0.0,False
2045,sex,man,0,Rank,Explain,0.0,0.0,0.0,False
2045,sex,man,0,Explain,Explain,0.75,1.0,-0.25,False
2045,sex,man,0,Memory,Explain,0.3333333333333333,1.0,-0.6666666666666667,False
2045,sex,woman,0,Elicit,Explain,0.16666666666666666,0.16666666666666666,0.0,True
2045,sex,woman,0,Retrieve,Explain,0.0,0.0,0.0,True
2045,sex,woman,0,Rank,Explain,0.0,0.0,0.0,True
2045,sex,woman,0,Explain,Explain,0.75,1.0,-0.25,True
2045,sex,woman,0,Memory,Explain,0.5,1.0,-0.5,True
2045,sex,man,1,Elicit,Explain,0.16666666666666666,0.16666666666666666,0.0,False
2045,sex,man,1,Retrieve,Explain,0.0,0.0,0.0,False
2045,sex,man,1,Rank,Explain,0.0,0.0,0.0,False
2045,sex,man,1,Explain,Explain,0.6666666666666666,0.25,0.41666666666666663,False
2045,sex,man,1,Memory,Explain,0.4,0.3333333333333333,0.06666666666666671,False
2045,sex,woman,1,Elicit,Explain,0.16666666666666666,0.16666666666666666,0.0,True
2045,sex,woman,1,Retrieve,Explain,0.0,0.0,0.0,True
2045,sex,woman,1,Rank,Explain,0.0,0.0,0.0,True
2045,sex,woman,1,Explain,Explain,0.75,0.25,0.5,True
2045,sex,woman,1,Memory,Explain,0.5,0.3333333333333333,0.16666666666666669,True
2050,age,teen,0,Elicit,Retrieve,0.08333333333333333,0.08333333333333333,0.0,False
2050,age,teen,0,Retrieve,Retrieve,0.0,0.0,0.0,False
2050,age,teen,0,Rank,Retrieve,0.0,0.0,0.0,False
2050,age,teen,0,Explain,Retrieve,0.5,0.5,0.0,False
2050,age,teen,0,Memory,Retrieve,0.5,1.0,-0.5,False
2050,age,young,0,Elicit,Retrieve,0.08333333333333333,0.08333333333333333,0.0,False
2050,age,young,0,Retrieve,Retrieve,0.02857142857142857,0.0,0.02857142857142857,False
2050,age,young,0,Rank,Retrieve,0.06362078819895171,0.0,0.06362078819895171,False
2050,age,young,0,Explain,Retrieve,0.5,0.5,0.0,False
2050,age,young,0,Memory,Retrieve,,1.0,,False
2050,age,adult,0,Elicit,Retrieve,0.08333333333333333,0.08333333333333333,0.0,True
2050,age,adult,0,Retrieve,Retrieve,0.0,0.0,0.0,True
2050,age,adult,0,Rank,Retrieve,0.0,0.0,0.0,True
2050,age,adult,0,Explain,Retrieve,0.5,0.5,0.0,True
2050,age,adult,0,Memory,Retrieve,0.5,1.0,-0.5,True
2050,age,teen,1,Elicit,Retrieve,0.08333333333333333,0.08333333333333333,0.0,False
2050,age,teen,1,Retrieve,Retrieve,0.02857142857142857,0.0,0.02857142857142857,False
2050,age,teen,1,Rank,Retrieve,0.0,0.0,0.0,False
2050,age,teen,1,Explain,Retrieve,0.5,0.5,0.0,False
2050,age,teen,1,Memory,Retrieve,0.3333333333333333,1.0,-0.6666666666666667,False
2050,age,young,1,Elicit,Retrieve,0.08333333333333333,0.08333333333333333,0.0,False
2050,age,young,1,Retrieve,Retrieve,0.0,0.0,0.0,False
2050,age,young,1,Rank,Retrieve,0.0,0.0,0.0,False
2050,age,young,1,Explain,Retrieve,0.6666666666666666,0.5,0.16666666666666663,False
2050,age,young,1,Memory,Retrieve,0.5,1.0,-0.5,False
2050,age,adult,1,Elicit,Retrieve,0.08333333333333333,0.08333333333333333,0.0,True
2050,age,adult,1,Retrieve,Retrieve,0.02857142857142857,0.0,0.02857142857142857,True
2050,age,adult,1,Rank,Retrieve,0.0,0.0,0.0,True
2050,age,adult,1,Explain,Retrieve,0.5,0.5,0.0,True
2050,age,adult,1,Memory,Retrieve,0.5,1.0,-0.5,True
2052,sex,man,0,Elicit,Memory,0.5,0.5,0.0,True
2052,sex,man,0,Retrieve,Memory,0.0,0.0,0.0,True
2052,sex,man,0,Rank,Memory,0.0,0.0,0.0,True
2052,sex,man,0,Explain,Memory,0.25,0.25,0.0,True
2052,sex,man,0,Memory,Memory,0.2,,,True
2052,sex,woman,0,Elicit,Memory,0.5,0.5,0.0,False
2052,sex,woman,0,Retrieve,Memory,0.0,0.0,0.0,False
2052,sex,woman,0,Rank,Memory,0.0,0.0,0.0,False
2052,sex,woman,0,Explain,Memory,0.0,0.25,-0.25,False
2052,sex,woman,0,Memory,Memory,0.5,,,False
2052,sex,man,1,Elicit,Memory,0.5,0.5,0.0,True
2052,sex,man,1,Retrieve,Memory,0.0,0.0,0.0,True
2052,sex,man,1,Rank,Memory,0.0,0.0,0.0,True
2052,sex,man,1,Explain,Memory,0.3333333333333333,0.5,-0.16666666666666669,True
2052,sex,man,1,Memory,Memory,0.25,1.0,-0.75,True
2052,sex,woman,1,Elicit,Memory,0.5,0.5,0.0,False
2052,sex,woman,1,Retrieve,Memory,0.0,0.0,0.0,False
2052,sex,woman,1,Rank,Memory,0.0,0.0,0.0,False
2052,sex,woman,1,Explain,Memory,0.3333333333333333,0.5,-0.16666666666666669,False
2052,sex,woman,1,Memory,Memory,,1.0,,False
2082,sex,man,0,Elicit,none,0.125,0.125,0.0,True
2082,sex,man,0,Retrieve,none,0.07692307692307693,0.07692307692307693,0.0,True
2082,sex,man,0,Rank,none,0.15978732391964973,0.19496247701541297,-0.035175153095763245,True
2082,sex,man,0,Explain,none,0.5,0.75,-0.25,True
2082,sex,man,0,Memory,none,0.5,1.0,-0.5,True
2082,sex,woman,0,Elicit,none,0.125,0.125,0.0,False
2082,sex,woman,0,Retrieve,none,0.0,0.07692307692307693,-0.07692307692307693,False
2082,sex,woman,0,Rank,none,0.0,0.19496247701541297,-0.19496247701541297,False
2082,sex,woman,0,Explain,none,0.5,0.75,-0.25,False
2082,sex,woman,0,Memory,none,0.5,1.0,-0.5,False
2082,sex,man,1,Elicit,none,0.125,0.125,0.0,True
2082,sex,man,1,Retrieve,none,0.07692307692307693,0.07692307692307693,0.0,True
2082,sex,man,1,Rank,none,0.2532569165032294,0.16516755424123658,0.08808936226199282,True
2082,sex,man,1,Explain,none,0.75,0.5,0.25,True
2082,sex,man,1,Memory,none,0.5,0.5,0.0,True
2082,sex,woman,1,Elicit,none,0.125,0.125,0.0,False
2082,sex,woman,1,Retrieve,none,0.07692307692307693,0.07692307692307693,0.0,False
2082,sex,woman,1,Rank,none,0.10516233122609236,0.16516755424123658,-0.060005223015144216,False
2082,sex,woman,1,Explain,none,0.5,0.5,0.0,False
2082,sex,woman,1,Memory,none,0.5,0.5,0.0,False
2138,age,teen,0,Elicit,Elicit,0.09090909090909091,0.09090909090909091,0.0,False
2138,age,teen,0,Retrieve,Elicit,0.0,0.0,0.0,False
2138,age,teen,0,Rank,Elicit,0.0,0.0,0.0,False
2138,age,teen,0,Explain,Elicit,0.6666666666666666,0.75,-0.08333333333333337,False
2138,age,teen,0,Memory,Elicit,0.5,1.0,-0.5,False
2138,age,young,0,Elicit,Elicit,0.09090909090909091,0.09090909090909091,0.0,True
2138,age,young,0,Retrieve,Elicit,0.0,0.0,0.0,True
2138,age,young,0,Rank,Elicit,0.0,0.0,0.0,True
2138,age,young,0,Explain,Elicit,0.75,0.75,0.0,True
2138,age,young,0,Memory,Elicit,0.5,1.0,-0.5,True
2138,age,adult,0,Elicit,Elicit,0.09090909090909091,0.09090909090909091,0.0,False
2138,age,adult,0,Retrieve,Elicit,0.0,0.0,0.0,False
2138,age,adult,0,Rank,Elicit,0.0,0.0,0.0,False
2138,age,adult,0,Explain,Elicit,0.3333333333333333,0.75,-0.4166666666666667,False
2138,age,adult,0,Memory,Elicit,0.25,1.0,-0.75,False
2138,age,teen,1,Elicit,Elicit,0.09090909090909091,0.09090909090909091,0.0,False
2138,age,teen,1,Retrieve,Elicit,0.0,0.0,0.0,False
2138,age,teen,1,Rank,Elicit,0.0,0.0,0.0,False
2138,age,teen,1,Explain,Elicit,0.75,0.6666666666666666,0.08333333333333337,False
2138,age,teen,1,Memory,Elicit,1.0,0.6666666666666666,0.33333333333333337,False
2138,age,young,1,Elicit,Elicit,0.09090909090909091,0.09090909090909091,0.0,True
2138,age,young,1,Retrieve,Elicit,0.0,0.0,0.0,True
2138,age,young,1,Rank,Elicit,0.0,0.0,0.0,True
2138,age,young,1,Explain,Elicit,0.3333333333333333,0.6666666666666666,-0.3333333333333333,True
2138,age,young,1,Memory,Elicit,0.5,0.6666666666666666,-0.16666666666666663,True
2138,age,adult,1,Elicit,Elicit,0.09090909090909091,0.09090909090909091,0.0,False
2138,age,adult,1,Retrieve,Elicit,0.0,0.0,0.0,False
2138,age,adult,1,Rank,Elicit,0.0,0.0,0.0,False
2138,age,adult,1,Explain,Elicit,0.5,0.6666666666666666,-0.16666666666666663,False
2138,age,adult,1,Memory,Elicit,0.5,0.6666666666666666,-0.16666666666666663,False
2142,age,teen,0,Elicit,Rank,0.2,0.2,0.0,False
2142,age,teen,0,Retrieve,Rank,0.0,0.0,0.0,False
2142,age,teen,0,Rank,Rank,0.0,0.0,0.0,False
2142,age,teen,0,Explain,Rank,0.5,0.3333333333333333,0.16666666666666669,False
2142,age,teen,0,Memory,Rank,0.5,,,False
2142,age,young,0,Elicit,Rank,0.2,0.2,0.0,False
2142,age,young,0,Retrieve,Rank,0.0,0.0,0.0,False
2142,age,young,0,Rank,Rank,0.0,0.0,0.0,False
2142,age,young,0,Explain,Rank,0.5,0.3333333333333333,0.16666666666666669,False
2142,age,young,0,Memory,Rank,1.0,,,False
2142,age,adult,0,Elicit,Rank,0.2,0.2,0.0,True
2142,age,adult,0,Retrieve,Rank,0.0,0.0,0.0,True
2142,age,adult,0,Rank,Rank,0.0,0.0,0.0,True
2142,age,adult,0,Explain,Rank,0.5,0.3333333333333333,0.16666666666666669,True
2142,age,adult,0,Memory,Rank,0.5,,,True
2142,age,teen,1,Elicit,Rank,0.2,0.2,0.0,False
2142,age,teen,1,Retrieve,Rank,0.0,0.0,0.0,False
2142,age,teen,1,Rank,Rank,0.0,0.0,0.0,False
2142,age,teen,1,Explain,Rank,0.6666666666666666,0.6666666666666666,0.0,False
2142,age,teen,1,Memory,Rank,0.5,1.0,-0.5,False
2142,age,young,1,Elicit,Rank,0.2,0.2,0.0,False
2142,age,young,1,Retrieve,Rank,0.0,0.0,0.0,False
2142,age,young,1,Rank,Rank,0.0,0.0,0.0,False
2142,age,young,1,Explain,Rank,0.5,0.6666666666666666,-0.16666666666666663,False
2142,age,young,1,Memory,Rank,0.5,1.0,-0.5,False
2142,age,adult,1,Elicit,Rank,0.2,0.2,0.0,True
2142,age,adult,1,Retrieve,Rank,0.0,0.0,0.0,True
2142,age,adult,1,Rank,Rank,0.0,0.0,0.0,True
2142,age,adult,1,Explain,Rank,0.6666666666666666,0.6666666666666666,0.0,True
2142,age,adult,1,Memory,Rank,0.6666666666666666,1.0,-0.33333333333333337,True
2155,sex,man,0,Elicit,Retrieve,0.2,0.2,0.0,False
2155,sex,man,0,Retrieve,Retrieve,0.0,0.0,0.0,False
2155,sex,man,0,Rank,Retrieve,0.0,0.0,0.0,False
2155,sex,man,0,Explain,Retrieve,0.5,0.5,0.0,False
2155,sex,man,0,Memory,Retrieve,0.5,1.0,-0.5,False
2155,sex,woman,0,Elicit,Retrieve,0.2,0.2,0.0,True
2155,sex,woman,0,Retrieve,Retrieve,0.0,0.0,0.0,True
2155,sex,woman,0,Rank,Retrieve,0.0,0.0,0.0,True
2155,sex,woman,0,Explain,Retrieve,0.5,0.5,0.0,True
2155,sex,woman,0,Memory,Retrieve,0.5,1.0,-0.5,True
2155,sex,man,1,Elicit,Retrieve,0.2,0.2,0.0,False
2155,sex,man,1,Retrieve,Retrieve,0.0,0.0,0.0,False
2155,sex,man,1,Rank,Retrieve,0.0,0.0,0.0,False
2155,sex,man,1,Explain,Retrieve,0.5,0.5,0.0,False
2155,sex,man,1,Memory,Retrieve,0.25,1.0,-0.75,False
2155,sex,woman,1,Elicit,Retrieve,0.2,0.2,0.0,True
2155,sex,woman,1,Retrieve,Retrieve,0.0,0.0,0.0,True
2155,sex,woman,1,Rank,Retrieve,0.0,0.0,0.0,True
2155,sex,woman,1,Explain,Retrieve,0.6666666666666666,0.5,0.16666666666666663,True
2155,sex,woman,1,Memory,Retrieve,0.5,1.0,-0.5,True
2258,sex,man,0,Elicit,Memory,0.08333333333333333,0.08333333333333333,0.0,False
2258,sex,man,0,Retrieve,Memory,0.0,0.0,0.0,False
2258,sex,man,0,Rank,Memory,0.0,0.0,0.0,False
2258,sex,man,0,Explain,Memory,0.25,0.5,-0.25,False
2258,sex,man,0,Memory,Memory,1.0,1.0,0.0,False
2258,sex,woman,0,Elicit,Memory,0.08333333333333333,0.08333333333333333,0.0,True
2258,sex,woman,0,Retrieve,Memory,0.0,0.0,0.0,True
2258,sex,woman,0,Rank,Memory,0.0,0.0,0.0,True
2258,sex,woman,0,Explain,Memory,0.3333333333333333,0.5,-0.16666666666666669,True
2258,sex,woman,0,Memory,Memory,0.3333333333333333,1.0,-0.6666666666666667,True
2258,sex,man,1,Elicit,Memory,0.08333333333333333,0.08333333333333333,0.0,False
2258,sex,man,1,Retrieve,Memory,0.0,0.0,0.0,False
2258,sex,man,1,Rank,Memory,0.0,0.0,0.0,False
2258,sex,man,1,Explain,Memory,0.6666666666666666,0.5,0.16666666666666663,False
2258,sex,man,1,Memory,Memory,0.5,0.5,0.0,False
2258,sex,woman,1,Elicit,Memory,0.08333333333333333,0.08333333333333333,0.0,True
2258,sex,woman,1,Retrieve,Memory,0.0,0.0,0.0,True
2258,sex,woman,1,Rank,Memory,0.0,0.0,0.0,True
2258,sex,woman,1,Explain,Memory,0.75,0.5,0.25,True
2258,sex,woman,1,Memory,Memory,0.5,0.5,0.0,True
2275,sex,man,0,Elicit,Retrieve,0.14285714285714285,0.14285714285714285,0.0,True
2275,sex,man,0,Retrieve,Retrieve,0.0,0.0,0.0,True
2275,sex,man,0,Rank,Retrieve,0.0,0.0,0.0,True
2275,sex,man,0,Explain,Retrieve,0.5,0.5,0.0,True
2275,sex,man,0,Memory,Retrieve,0.3333333333333333,0.3333333333333333,0.0,True
2275,sex,woman,0,Elicit,Retrieve,0.14285714285714285,0.14285714285714285,0.0,False
2275,sex,woman,0,Retrieve,Retrieve,0.0,0.0,0.0,False
2275,sex,woman,0,Rank,Retrieve,0.0,0.0,0.0,False
2275,sex,woman,0,Explain,Retrieve,0.5,0.5,0.0,False
2275,sex,woman,0,Memory,Retrieve,0.5,0.3333333333333333,0.16666666666666669,False
2275,sex,man,1,Elicit,Retrieve,0.14285714285714285,0.14285714285714285,0.0,True
2275,sex,man,1,Retrieve,Retrieve,0.0,0.0,0.0,True
2275,sex,man,1,Rank,Retrieve,0.0,0.0,0.0,True
2275,sex,man,1,Explain,Retrieve,0.5,0.5,0.0,True
2275,sex,man,1,Memory,Retrieve,0.5,1.0,-0.5,True
2275,sex,woman,1,Elicit,Retrieve,0.14285714285714285,0.14285714285714285,0.0,False
2275,sex,woman,1,Retrieve,Retrieve,0.0,0.0,0.0,False
2275,sex,woman,1,Rank,Retrieve,0.0,0.0,0.0,False
2275,sex,woman,1,Explain,Retrieve,0.3333333333333333,0.5,-0.16666666666666669,False
2275,sex,woman,1,Memory,Retrieve,0.25,1.0,-0.75,False
2409,age,teen,0,Elicit,Memory,0.07692307692307693,0.07692307692307693,0.0,False
2409,age,teen,0,Retrieve,Memory,0.0,0.0,0.0,False
2409,age,teen,0,Rank,Memory,0.06819184174269094,0.0,0.06819184174269094,False
2409,age,teen,0,Explain,Memory,0.5,0.5,0.0,False
2409,age,teen,0,Memory,Memory,0.5,0.5,0.0,False
2409,age,young,0,Elicit,Memory,0.07692307692307693,0.07692307692307693,0.0,False
2409,age,young,0,Retrieve,Memory,0.0,0.0,0.0,False
2409,age,young,0,Rank,Memory,0.026634437003297262,0.0,0.026634437003297262,False
2409,age,young,0,Explain,Memory,0.5,0.5,0.0,False
2409,age,young,0,Memory,Memory,0.5,0.5,0.0,False
2409,age,adult,0,Elicit,Memory,0.07692307692307693,0.07692307692307693,0.0,True
2409,age,adult,0,Retrieve,Memory,0.0,0.0,0.0,True
2409,age,adult,0,Rank,Memory,0.0,0.0,0.0,True
2409,age,adult,0,Explain,Memory,0.3333333333333333,0.5,-0.16666666666666669,True
2409,age,adult,0,Memory,Memory,0.5,0.5,0.0,True
2409,age,teen,1,Elicit,Memory,0.07692307692307693,0.07692307692307693,0.0,False
2409,age,teen,1,Retrieve,Memory,0.0625,0.0,0.0625,False
2409,age,teen,1,Rank,Memory,0.0,0.0,0.0,False
2409,age,teen,1,Explain,Memory,0.3333333333333333,0.3333333333333333,0.0,False
2409,age,teen,1,Memory,Memory,0.5,0.5,0.0,False
2409,age,young,1,Elicit,Memory,0.07692307692307693,0.07692307692307693,0.0,False
2409,age,young,1,Retrieve,Memory,0.0,0.0,0.0,False
2409,age,young,1,Rank,Memory,0.0,0.0,0.0,False
2409,age,young,1,Explain,Memory,0.5,0.3333333333333333,0.16666666666666669,False
2409,age,young,1,Memory,Memory,0.5,0.5,0.0,False
2409,age,adult,1,Elicit,Memory,0.07692307692307693,0.07692307692307693,0.0,True
2409,age,adult,1,Retrieve,Memory,0.0,0.0,0.0,True
2409,age,adult,1,Rank,Memory,0.07441974600359291,0.0,0.07441974600359291,True
2409,age,adult,1,Explain,Memory,0.5,0.3333333333333333,0.16666666666666669,True
2409,age,adult,1,Memory,Memory,1.0,0.5,0.5,True
2413,sex,man,0,Elicit,Explain,0.2,0.2,0.0,False
2413,sex,man,0,Retrieve,Explain,0.0,0.0,0.0,False
2413,sex,man,0,Rank,Explain,0.0,0.0,0.0,False
2413,sex,man,0,Explain,Explain,0.75,0.5,0.25,False
2413,sex,man,0,Memory,Explain,0.3333333333333333,0.5,-0.16666666666666669,False
2413,sex,woman,0,Elicit,Explain,0.2,0.2,0.0,True
2413,sex,woman,0,Retrieve,Explain,0.0,0.0,0.0,True
2413,sex,woman,0,Rank,Explain,0.0,0.0,0.0,True
2413,sex,woman,0,Explain,Explain,0.25,0.5,-0.25,True
2413,sex,woman,0,Memory,Explain,1.0,0.5,0.5,True
2413,sex,man,1,Elicit,Explain,0.2,0.2,0.0,False
2413,sex,man,1,Retrieve,Explain,0.0,0.0,0.0,False
2413,sex,man,1,Rank,Explain,0.0,0.0,0.0,False
2413,sex,man,1,Explain,Explain,0.5,0.3333333333333333,0.16666666666666669,False
2413,sex,man,1,Memory,Explain,0.3333333333333333,0.3333333333333333,0.0,False
2413,sex,woman,1,Elicit,Explain,0.2,0.2,0.0,True
2413,sex,woman,1,Retrieve,Explain,0.0,0.0,0.0,True
2413,sex,woman,1,Rank,Explain,0.0,0.0,0.0,True
2413,sex,woman,1,Explain,Explain,0.3333333333333333,0.3333333333333333,0.0,True
2413,sex,woman,1,Memory,Explain,0.5,0.3333333333333333,0.16666666666666669,True
2460,sex,man,0,Elicit,none,0.1111111111111111,0.1111111111111111,0.0,False
2460,sex,man,0,Retrieve,none,0.0,0.0,0.0,False
2460,sex,man,0,Rank,none,0.0,0.0,0.0,False
2460,sex,man,0,Explain,none,0.5,0.5,0.0,False
2460,sex,man,0,Memory,none,0.5,1.0,-0.5,False
2460,sex,woman,0,Elicit,none,0.1111111111111111,0.1111111111111111,0.0,True
2460,sex,woman,0,Retrieve,none,0.0,0.0,0.0,True
2460,sex,woman,0,Rank,none,0.022642372320535366,0.0,0.022642372320535366,True
2460,sex,woman,0,Explain,none,0.5,0.5,0.0,True
2460,sex,woman,0,Memory,none,0.5,1.0,-0.5,True
2460,sex,man,1,Elicit,none,0.1111111111111111,0.1111111111111111,0.0,False
2460,sex,man,1,Retrieve,none,0.0,0.0,0.0,False
2460,sex,man,1,Rank,none,0.0,0.0,0.0,False
2460,sex,man,1,Explain,none,0.5,0.5,0.0,False
2460,sex,man,1,Memory,none,1.0,1.0,0.0,False
2460,sex,woman,1,Elicit,none,0.1111111111111111,0.1111111111111111,0.0,True
2460,sex,woman,1,Retrieve,none,0.0,0.0,0.0,True
2460,sex,woman,1,Rank,none,0.0,0.0,0.0,True
2460,sex,woman,1,Explain,none,0.3333333333333333,0.5,-0.16666666666666669,True
2460,sex,woman,1,Memory,none,0.5,1.0,-0.5,True
2512,sex,man,0,Elicit,Rank,0.16666666666666666,0.16666666666666666,0.0,False
2512,sex,man,0,Retrieve,Rank,0.2857142857142857,0.2857142857142857,0.0,False
2512,sex,man,0,Rank,Rank,0.17481557111516965,0.20394713622336094,-0.029131565108191287,False
2512,sex,man,0,Explain,Rank,0.75,0.5,0.25,False
2512,sex,man,0,Memory,Rank,1.0,1.0,0.0,False
2512,sex,woman,0,Elicit,Rank,0.16666666666666666,0.16666666666666666,0.0,True
2512,sex,woman,0,Retrieve,Rank,0.2857142857142857,0.2857142857142857,0.0,True
2512,sex,woman,0,Rank,Rank,0.17481557111516965,0.20394713622336094,-0.029131565108191287,True
2512,sex,woman,0,Explain,Rank,0.5,0.5,0.0,True
2512,sex,woman,0,Memory,Rank,,1.0,,True
2512,sex,man,1,Elicit,Rank,0.16666666666666666,0.16666666666666666,0.0,False
2512,sex,man,1,Retrieve,Rank,0.2857142857142857,0.2857142857142857,0.0,False
2512,sex,man,1,Rank,Rank,0.18862498816075554,0.2015050955905114,-0.012880107429755872,False
2512,sex,man,1,Explain,Rank,0.6666666666666666,0.5,0.16666666666666663,False
2512,sex,man,1,Memory,Rank,0.5,0.5,0.0,False
2512,sex,woman,1,Elicit,Rank,0.16666666666666666,0.16666666666666666,0.0,True
2512,sex,woman,1,Retrieve,Rank,0.14285714285714285,0.2857142857142857,-0.14285714285714285,True
2512,sex,woman,1,Rank,Rank,0.060261835015758373,0.2015050955905114,-0.14124326057475303,True
2512,sex,woman,1,Explain,Rank,0.5,0.5,0.0,True
2512,sex,woman,1,Memory,Rank,0.5,0.5,0.0,True
2521,age,teen,0,Elicit,Explain,0.0,0.0,0.0,False
2521,age,teen,0,Retrieve,Explain,0.0,0.14285714285714285,-0.14285714285714285,False
2521,age,teen,0,Rank,Explain,0.0,0.0,0.0,False
2521,age,teen,0,Explain,Explain,0.5,0.5,0.0,False
2521,age,teen,0,Memory,Explain,0.0,0.0,0.0,False
2521,age,young,0,Elicit,Explain,0.0,0.0,0.0,False
2521,age,young,0,Retrieve,Explain,0.0,0.14285714285714285,-0.14285714285714285,False
2521,age,young,0,Rank,Explain,0.0,0.0,0.0,False
2521,age,young,0,Explain,Explain,0.25,0.5,-0.25,False
2521,age,young,0,Memory,Explain,0.0,0.0,0.0,False
2521,age,adult,0,Elicit,Explain,0.0,0.0,0.0,True
2521,age,adult,0,Retrieve,Explain,0.0,0.14285714285714285,-0.14285714285714285,True
2521,age,adult,0,Rank,Explain,0.0,0.0,0.0,True
2521,age,adult,0,Explain,Explain,0.0,0.5,-0.5,True
2521,age,adult,0,Memory,Explain,0.0,0.0,0.0,True
2521,age,teen,1,Elicit,Explain,0.0,0.0,0.0,False
2521,age,teen,1,Retrieve,Explain,0.0,0.0,0.0,False
2521,age,teen,1,Rank,Explain,0.0,0.0,0.0,False
2521,age,teen,1,Explain,Explain,0.5,0.5,0.0,False
2521,age,teen,1,Memory,Explain,0.4,0.5,-0.09999999999999998,False
2521,age,young,1,Elicit,Explain,0.0,0.0,0.0,False
2521,age,young,1,Retrieve,Explain,0.0,0.0,0.0,False
2521,age,young,1,Rank,Explain,0.04222888274255069,0.0,0.04222888274255069,False
2521,age,young,1,Explain,Explain,0.5,0.5,0.0,False
2521,age,young,1,Memory,Explain,0.0,0.5,-0.5,False
2521,age,adult,1,Elicit,Explain,0.0,0.0,0.0,True
2521,age,adult,1,Retrieve,Explain,0.14285714285714285,0.0,0.14285714285714285,True
2521,age,adult,1,Rank,Explain,0.0,0.0,0.0,True
2521,age,adult,1,Explain,Explain,0.0,0.5,-0.5,True
2521,age,adult,1,Memory,Explain,0.0,0.5,-0.5,True
2555,sex,man,0,Elicit,none,0.1,0.1,0.0,True
2555,sex,man,0,Retrieve,none,0.0625,0.0625,0.0,True
2555,sex,man,0,Rank,none,0.2840412147433688,0.08210632440691379,0.201934890336455,True
2555,sex,man,0,Explain,none,0.75,0.5,0.25,True
2555,sex,man,0,Memory,none,1.0,0.0,1.0,True
2555,sex,woman,0,Elicit,none,0.1,0.1,0.0,False
2555,sex,woman,0,Retrieve,none,0.0,0.0625,-0.0625,False
2555,sex,woman,0,Rank,none,0.0,0.08210632440691379,-0.08210632440691379,False
2555,sex,woman,0,Explain,none,0.5,0.5,0.0,False
2555,sex,woman,0,Memory,none,0.3333333333333333,0.0,0.3333333333333333,False
2555,sex,man,1,Elicit,none,0.1,0.1,0.0,True
2555,sex,man,1,Retrieve,none,0.0625,0.0,0.0625,True
2555,sex,man,1,Rank,none,0.17921005362217113,0.0,0.17921005362217113,True
2555,sex,man,1,Explain,none,0.5,0.3333333333333333,0.16666666666666669,True
2555,sex,man,1,Memory,none,1.0,1.0,0.0,True
2555,sex,woman,1,Elicit,none,0.1,0.1,0.0,False
2555,sex,woman,1,Retrieve,none,0.0,0.0,0.0,False
2555,sex,woman,1,Rank,none,0.0,0.0,0.0,False
2555,sex,woman,1,Explain,none,0.5,0.3333333333333333,0.16666666666666669,False
2555,sex,woman,1,Memory,none,0.5,1.0,-0.5,False
2632,sex,man,0,Elicit,none,0.14285714285714285,0.14285714285714285,0.0,True
2632,sex,man,0,Retrieve,none,0.0,0.0,0.0,True
2632,sex,man,0,Rank,none,0.0,0.0,0.0,True
2632,sex,man,0,Explain,none,0.75,0.5,0.25,True
2632,sex,man,0,Memory,none,1.0,1.0,0.0,True
2632,sex,woman,0,Elicit,none,0.14285714285714285,0.14285714285714285,0.0,False
2632,sex,woman,0,Retrieve,none,0.0,0.0,0.0,False
2632,sex,woman,0,Rank,none,0.0,0.0,0.0,False
2632,sex,woman,0,Explain,none,0.75,0.5,0.25,False
2632,sex,woman,0,Memory,none,0.5,1.0,-0.5,False
2632,sex,man,1,Elicit,none,0.14285714285714285,0.14285714285714285,0.0,True
2632,sex,man,1,Retrieve,none,0.0,0.0,0.0,True
2632,sex,man,1,Rank,none,0.0,0.0,0.0,True
2632,sex,man,1,Explain,none,0.5,0.5,0.0,True
2632,sex,man,1,Memory,none,0.5,0.3333333333333333,0.16666666666666669,True
2632,sex,woman,1,Elicit,none,0.14285714285714285,0.14285714285714285,0.0,False
2632,sex,woman,1,Retrieve,none,0.0,0.0,0.0,False
2632,sex,woman,1,Rank,none,0.0,0.0,0.0,False
2632,sex,woman,1,Explain,none,0.5,0.5,0.0,False
2632,sex,woman,1,Memory,none,0.5,0.3333333333333333,0.16666666666666669,False
2797,sex,man,0,Elicit,Explain,0.0,0.0,0.0,False
2797,sex,man,0,Retrieve,Explain,0.0,0.0,0.0,False
2797,sex,man,0,Rank,Explain,0.0,0.0,0.0,False
2797,sex,man,0,Explain,Explain,0.0,0.0,0.0,False
2797,sex,man,0,Memory,Explain,0.0,,,False
2797,sex,woman,0,Elicit,Explain,0.0,0.0,0.0,True
2797,sex,woman,0,Retrieve,Explain,0.0,0.0,0.0,True
2797,sex,woman,0,Rank,Explain,0.0,0.0,0.0,True
2797,sex,woman,0,Explain,Explain,0.0,0.0,0.0,True
2797,sex,woman,0,Memory,Explain,0.0,,,True
2797,sex,man,1,Elicit,Explain,0.0,0.0,0.0,False
2797,sex,man,1,Retrieve,Explain,0.0,0.0,0.0,False
2797,sex,man,1,Rank,Explain,0.0,0.0,0.0,False
2797,sex,man,1,Explain,Explain,0.0,0.0,0.0,False
2797,sex,man,1,Memory,Explain,0.0,,,False
2797,sex,woman,1,Elicit,Explain,0.0,0.0,0.0,True
2797,sex,woman,1,Retrieve,Explain,0.0,0.0,0.0,True
2797,sex,woman,1,Rank,Explain,0.0,0.0,0.0,True
2797,sex,woman,1,Explain,Explain,0.0,0.0,0.0,True
2797,sex,woman,1,Memory,Explain,0.0,,,True
2809,sex,man,0,Elicit,Elicit,0.125,0.125,0.0,True
2809,sex,man,0,Retrieve,Elicit,0.0,0.0,0.0,True
2809,sex,man,0,Rank,Elicit,0.0,0.0,0.0,True
2809,sex,man,0,Explain,Elicit,0.5,0.6666666666666666,-0.16666666666666663,True
2809,sex,man,0,Memory,Elicit,0.5,0.5,0.0,True
2809,sex,woman,0,Elicit,Elicit,0.125,0.125,0.0,False
2809,sex,woman,0,Retrieve,Elicit,0.0,0.0,0.0,False
2809,sex,woman,0,Rank,Elicit,0.0,0.0,0.0,False
2809,sex,woman,0,Explain,Elicit,1.0,0.6666666666666666,0.33333333333333337,False
2809,sex,woman,0,Memory,Elicit,0.5,0.5,0.0,False
2809,sex,man,1,Elicit,Elicit,0.125,0.125,0.0,True
2809,sex,man,1,Retrieve,Elicit,0.0,0.0,0.0,True
2809,sex,man,1,Rank,Elicit,0.0,0.0,0.0,True
2809,sex,man,1,Explain,Elicit,0.25,0.25,0.0,True
2809,sex,man,1,Memory,Elicit,,1.0,,True
2809,sex,woman,1,Elicit,Elicit,0.125,0.125,0.0,False
2809,sex,woman,1,Retrieve,Elicit,0.0,0.0,0.0,False
2809,sex,woman,1,Rank,Elicit,0.0,0.0,0.0,False
2809,sex,woman,1,Explain,Elicit,0.6666666666666666,0.25,0.41666666666666663,False
2809,sex,woman,1,Memory,Elicit,1.0,1.0,0.0,False
2810,age,teen,0,Elicit,Explain,0.07692307692307693,0.07692307692307693,0.0,True
2810,age,teen,0,Retrieve,Explain,0.034482758620689655,0.034482758620689655,0.0,True
2810,age,teen,0,Rank,Explain,0.04414768116915094,0.039098152155415025,0.005049529013735912,True
2810,age,teen,0,Explain,Explain,0.75,0.5,0.25,True
2810,age,teen,0,Memory,Explain,0.3333333333333333,0.5,-0.16666666666666669,True
2810,age,young,0,Elicit,Explain,0.07692307692307693,0.07692307692307693,0.0,False
2810,age,young,0,Retrieve,Explain,0.034482758620689655,0.034482758620689655,0.0,False
2810,age,young,0,Rank,Explain,0.05337728170848374,0.039098152155415025,0.014279129553068717,False
2810,age,young,0,Explain,Explain,0.5,0.5,0.0,False
2810,age,young,0,Memory,Explain,0.5,0.5,0.0,False
2810,age,adult,0,Elicit,Explain,0.07692307692307693,0.07692307692307693,0.0,False
2810,age,adult,0,Retrieve,Explain,0.034482758620689655,0.034482758620689655,0.0,False
2810,age,adult,0,Rank,Explain,0.0413127366758819,0.039098152155415025,0.0022145845204668765,False
2810,age,adult,0,Explain,Explain,0.3333333333333333,0.5,-0.16666666666666669,False
2810,age,adult,0,Memory,Explain,0.5,0.5,0.0,False
2810,age,teen,1,Elicit,Explain,0.07692307692307693,0.07692307692307693,0.0,True
2810,age,teen,1,Retrieve,Explain,0.034482758620689655,0.0,0.034482758620689655,True
2810,age,teen,1,Rank,Explain,0.04794584447281896,0.0,0.04794584447281896,True
2810,age,teen,1,Explain,Explain,0.5,0.5,0.0,True
2810,age,teen,1,Memory,Explain,0.5,0.5,0.0,True
2810,age,young,1,Elicit,Explain,0.07692307692307693,0.07692307692307693,0.0,False
2810,age,young,1,Retrieve,Explain,0.034482758620689655,0.0,0.034482758620689655,False
2810,age,young,1,Rank,Explain,0.07819630431083005,0.0,0.07819630431083005,False
2810,age,young,1,Explain,Explain,0.75,0.5,0.25,False
2810,age,young,1,Memory,Explain,0.5,0.5,0.0,False
2810,age,adult,1,Elicit,Explain,0.07692307692307693,0.07692307692307693,0.0,False
2810,age,adult,1,Retrieve,Explain,0.034482758620689655,0.0,0.034482758620689655,False
2810,age,adult,1,Rank,Explain,0.0413127366758819,0.0,0.0413127366758819,False
2810,age,adult,1,Explain,Explain,0.25,0.5,-0.25,False
2810,age,adult,1,Memory,Explain,0.5,0.5,0.0,False
2853,sex,man,0,Elicit,Rank,0.1111111111111111,0.1111111111111111,0.0,True
2853,sex,man,0,Retrieve,Rank,0.0,0.0,0.0,True
2853,sex,man,0,Rank,Rank,0.0,0.0,0.0,True
2853,sex,man,0,Explain,Rank,0.5,0.75,-0.25,True
2853,sex,man,0,Memory,Rank,1.0,1.0,0.0,True
2853,sex,woman,0,Elicit,Rank,0.1111111111111111,0.1111111111111111,0.0,False
2853,sex,woman,0,Retrieve,Rank,0.0,0.0,0.0,False
2853,sex,woman,0,Rank,Rank,0.0,0.0,0.0,False
2853,sex,woman,0,Explain,Rank,0.75,0.75,0.0,False
2853,sex,woman,0,Memory,Rank,0.3333333333333333,1.0,-0.6666666666666667,False
2853,sex,man,1,Elicit,Rank,0.1111111111111111,0.1111111111111111,0.0,True
2853,sex,man,1,Retrieve,Rank,0.0,0.0,0.0,True
2853,sex,man,1,Rank,Rank,0.0,0.0,0.0,True
2853,sex,man,1,Explain,Rank,0.5,0.75,-0.25,True
2853,sex,man,1,Memory,Rank,1.0,1.0,0.0,True
2853,sex,woman,1,Elicit,Rank,0.1111111111111111,0.1111111111111111,0.0,False
2853,sex,woman,1,Retrieve,Rank,0.0,0.0,0.0,False
2853,sex,woman,1,Rank,Rank,0.0,0.0,0.0,False
2853,sex,woman,1,Explain,Rank,0.6666666666666666,0.75,-0.08333333333333337,False
2853,sex,woman,1,Memory,Rank,0.5,1.0,-0.5,False
2878,age,teen,0,Elicit,Memory,0.06666666666666667,0.06666666666666667,0.0,False
2878,age,teen,0,Retrieve,Memory,0.0,0.0,0.0,False
2878,age,teen,0,Rank,Memory,0.0,0.03549867198356132,-0.03549867198356132,False
2878,age,teen,0,Explain,Memory,0.5,0.5,0.0,False
2878,age,teen,0,Memory,Memory,0.25,1.0,-0.75,False
2878,age,young,0,Elicit,Memory,0.06666666666666667,0.06666666666666667,0.0,False
2878,age,young,0,Retrieve,Memory,0.0,0.0,0.0,False
2878,age,young,0,Rank,Memory,0.0,0.03549867198356132,-0.03549867198356132,False
2878,age,young,0,Explain,Memory,0.5,0.5,0.0,False
2878,age,young,0,Memory,Memory,0.5,1.0,-0.5,False
2878,age,adult,0,Elicit,Memory,0.06666666666666667,0.06666666666666667,0.0,True
2878,age,adult,0,Retrieve,Memory,0.0,0.0,0.0,True
2878,age,adult,0,Rank,Memory,0.06356817252883837,0.03549867198356132,0.02806950054527705,True
2878,age,adult,0,Explain,Memory,1.0,0.5,0.5,True
2878,age,adult,0,Memory,Memory,0.5,1.0,-0.5,True
2878,age,teen,1,Elicit,Memory,0.06666666666666667,0.06666666666666667,0.0,False
2878,age,teen,1,Retrieve,Memory,0.0,0.0,0.0,False
2878,age,teen,1,Rank,Memory,0.0,0.0,0.0,False
2878,age,teen,1,Explain,Memory,0.5,0.5,0.0,False
2878,age,teen,1,Memory,Memory,0.3333333333333333,1.0,-0.6666666666666667,False
2878,age,young,1,Elicit,Memory,0.06666666666666667,0.06666666666666667,0.0,False
2878,age,young,1,Retrieve,Memory,0.0,0.0,0.0,False
2878,age,young,1,Rank,Memory,0.0,0.0,0.0,False
2878,age,young,1,Explain,Memory,0.5,0.5,0.0,False
2878,age,young,1,Memory,Memory,0.3333333333333333,1.0,-0.6666666666666667,False
2878,age,adult,1,Elicit,Memory,0.06666666666666667,0.06666666666666667,0.0,True
2878,age,adult,1,Retrieve,Memory,0.0,0.0,0.0,True
2878,age,adult,1,Rank,Memory,0.0,0.0,0.0,True
2878,age,adult,1,Explain,Memory,0.5,0.5,0.0,True
2878,age,adult,1,Memory,Memory,0.6666666666666666,1.0,-0.33333333333333337,True
2890,sex,man,0,Elicit,none,0.14285714285714285,0.14285714285714285,0.0,True
2890,sex,man,0,Retrieve,none,0.0,0.0,0.0,True
2890,sex,man,0,Rank,none,0.036474780913918155,0.0,0.036474780913918155,True
2890,sex,man,0,Explain,none,0.5,0.5,0.0,True
2890,sex,man,0,Memory,none,,0.5,,True
2890,sex,woman,0,Elicit,none,0.14285714285714285,0.14285714285714285,0.0,False
2890,sex,woman,0,Retrieve,none,0.0,0.0,0.0,False
2890,sex,woman,0,Rank,none,0.0,0.0,0.0,False
2890,sex,woman,0,Explain,none,0.5,0.5,0.0,False
2890,sex,woman,0,Memory,none,0.3333333333333333,0.5,-0.16666666666666669,False
2890,sex,man,1,Elicit,none,0.14285714285714285,0.14285714285714285,0.0,True
2890,sex,man,1,Retrieve,none,0.0,0.0,0.0,True
2890,sex,man,1,Rank,none,0.0,0.0,0.0,True
2890,sex,man,1,Explain,none,0.5,0.5,0.0,True
2890,sex,man,1,Memory,none,0.5,0.5,0.0,True
2890,sex,woman,1,Elicit,none,0.14285714285714285,0.14285714285714285,0.0,False
2890,sex,woman,1,Retrieve,none,0.0,0.0,0.0,False
2890,sex,woman,1,Rank,none,0.033585329786300355,0.0,0.033585329786300355,False
2890,sex,woman,1,Explain,none,0.5,0.5,0.0,False
2890,sex,woman,1,Memory,none,0.5,0.5,0.0,False
2894,sex,man,0,Elicit,Retrieve,0.1111111111111111,0.1111111111111111,0.0,True
2894,sex,man,0,Retrieve,Retrieve,0.0,0.0,0.0,True
2894,sex,man,0,Rank,Retrieve,0.0,0.0,0.0,True
2894,sex,man,0,Explain,Retrieve,0.5,0.6666666666666666,-0.16666666666666663,True
2894,sex,man,0,Memory,Retrieve,0.5,1.0,-0.5,True
2894,sex,woman,0,Elicit,Retrieve,0.1111111111111111,0.1111111111111111,0.0,False
2894,sex,woman,0,Retrieve,Retrieve,0.0,0.0,0.0,False
2894,sex,woman,0,Rank,Retrieve,0.0,0.0,0.0,False
2894,sex,woman,0,Explain,Retrieve,0.5,0.6666666666666666,-0.16666666666666663,False
2894,sex,woman,0,Memory,Retrieve,0.5,1.0,-0.5,False
2894,sex,man,1,Elicit,Retrieve,0.1111111111111111,0.1111111111111111,0.0,True
2894,sex,man,1,Retrieve,Retrieve,0.0,0.0,0.0,True
2894,sex,man,1,Rank,Retrieve,0.0,0.0,0.0,True
2894,sex,man,1,Explain,Retrieve,0.5,0.5,0.0,True
2894,sex,man,1,Memory,Retrieve,0.5,0.5,0.0,True
2894,sex,woman,1,Elicit,Retrieve,0.1111111111111111,0.1111111111111111,0.0,False
2894,sex,woman,1,Retrieve,Retrieve,0.0,0.0,0.0,False
2894,sex,woman,1,Rank,Retrieve,0.0,0.0,0.0,False
2894,sex,woman,1,Explain,Retrieve,0.5,0.5,0.0,False
2894,sex,woman,1,Memory,Retrieve,0.5,0.5,0.0,False
2949,age,teen,0,Elicit,Explain,0.14285714285714285,0.14285714285714285,0.0,False
2949,age,teen,0,Retrieve,Explain,0.0,0.0,0.0,False
2949,age,teen,0,Rank,Explain,0.0,0.0,0.0,False
2949,age,teen,0,Explain,Explain,0.6666666666666666,0.75,-0.08333333333333337,False
2949,age,teen,0,Memory,Explain,0.6666666666666666,0.5,0.16666666666666663,False
2949,age,young,0,Elicit,Explain,0.14285714285714285,0.14285714285714285,0.0,True
2949,age,young,0,Retrieve,Explain,0.0,0.0,0.0,True
2949,age,young,0,Rank,Explain,0.0,0.0,0.0,True
2949,age,young,0,Explain,Explain,0.75,0.75,0.0,True
2949,age,young,0,Memory,Explain,0.5,0.5,0.0,True
2949,age,adult,0,Elicit,Explain,0.14285714285714285,0.14285714285714285,0.0,False
2949,age,adult,0,Retrieve,Explain,0.0,0.0,0.0,False
2949,age,adult,0,Rank,Explain,0.0,0.0,0.0,False
2949,age,adult,0,Explain,Explain,0.3333333333333333,0.75,-0.4166666666666667,False
2949,age,adult,0,Memory,Explain,0.5,0.5,0.0,False
2949,age,teen,1,Elicit,Explain,0.14285714285714285,0.14285714285714285,0.0,False
2949,age,teen,1,Retrieve,Explain,0.0,0.0,0.0,False
2949,age,teen,1,Rank,Explain,0.0,0.0,0.0,False
2949,age,teen,1,Explain,Explain,0.6666666666666666,0.3333333333333333,0.3333333333333333,False
2949,age,teen,1,Memory,Explain,0.5,0.5,0.0,False
2949,age,young,1,Elicit,Explain,0.14285714285714285,0.14285714285714285,0.0,True
2949,age,young,1,Retrieve,Explain,0.0,0.0,0.0,True
2949,age,young,1,Rank,Explain,0.0,0.0,0.0,True
2949,age,young,1,Explain,Explain,0.5,0.3333333333333333,0.16666666666666669,True
2949,age,young,1,Memory,Explain,0.3333333333333333,0.5,-0.16666666666666669,True
2949,age,adult,1,Elicit,Explain,0.14285714285714285,0.14285714285714285,0.0,False
2949,age,adult,1,Retrieve,Explain,0.0,0.0,0.0,False
2949,age,adult,1,Rank,Explain,0.0,0.0,0.0,False
2949,age,adult,1,Explain,Explain,0.25,0.3333333333333333,-0.08333333333333331,False
2949,age,adult,1,Memory,Explain,0.5,0.5,0.0,False
2991,age,teen,0,Elicit,none,0.09090909090909091,0.09090909090909091,0.0,False
2991,age,teen,0,Retrieve,none,0.0,0.0,0.0,False
2991,age,teen,0,Rank,none,0.0,0.0,0.0,False
2991,age,teen,0,Explain,none,0.25,0.0,0.25,False
2991,age,teen,0,Memory,none,0.3333333333333333,0.3333333333333333,0.0,False
2991,age,young,0,Elicit,none,0.09090909090909091,0.09090909090909091,0.0,False
2991,age,young,0,Retrieve,none,0.0,0.0,0.0,False
2991,age,young,0,Rank,none,0.0,0.0,0.0,False
2991,age,young,0,Explain,none,0.5,0.0,0.5,False
2991,age,young,0,Memory,none,0.5,0.3333333333333333,0.16666666666666669,False
2991,age,adult,0,Elicit,none,0.09090909090909091,0.09090909090909091,0.0,True
2991,age,adult,0,Retrieve,none,0.0,0.0,0.0,True
2991,age,adult,0,Rank,none,0.0,0.0,0.0,True
2991,age,adult,0,Explain,none,0.5,0.0,0.5,True
2991,age,adult,0,Memory,none,0.3333333333333333,0.3333333333333333,0.0,True
2991,age,teen,1,Elicit,none,0.09090909090909091,0.09090909090909091,0.0,False
2991,age,teen,1,Retrieve,none,0.0,0.09090909090909091,-0.09090909090909091,False
2991,age,teen,1,Rank,none,0.0,0.08479596258311153,-0.08479596258311153,False
2991,age,teen,1,Explain,none,0.5,0.5,0.0,False
2991,age,teen,1,Memory,none,0.5,1.0,-0.5,False
2991,age,young,1,Elicit,none,0.09090909090909091,0.09090909090909091,0.0,False
2991,age,young,1,Retrieve,none,0.09090909090909091,0.09090909090909091,0.0,False
2991,age,young,1,Rank,none,0.0,0.08479596258311153,-0.08479596258311153,False
2991,age,young,1,Explain,none,0.3333333333333333,0.5,-0.16666666666666669,False
2991,age,young,1,Memory,none,1.0,1.0,0.0,False
2991,age,adult,1,Elicit,none,0.09090909090909091,0.09090909090909091,0.0,True
2991,age,adult,1,Retrieve,none,0.0,0.09090909090909091,-0.09090909090909091,True
2991,age,adult,1,Rank,none,0.0,0.08479596258311153,-0.08479596258311153,True
2991,age,adult,1,Explain,none,0.3333333333333333,0.5,-0.16666666666666669,True
2991,age,adult,1,Memory,none,0.5,1.0,-0.5,True
3023,sex,man,0,Elicit,Explain,0.125,0.125,0.0,False
3023,sex,man,0,Retrieve,Explain,0.14285714285714285,0.14285714285714285,0.0,False
3023,sex,man,0,Rank,Explain,0.12305396082524502,0.1344851652810817,-0.011431204455836688,False
3023,sex,man,0,Explain,Explain,0.75,0.75,0.0,False
3023,sex,man,0,Memory,Explain,0.3333333333333333,1.0,-0.6666666666666667,False
3023,sex,woman,0,Elicit,Explain,0.125,0.125,0.0,True
3023,sex,woman,0,Retrieve,Explain,0.14285714285714285,0.14285714285714285,0.0,True
3023,sex,woman,0,Rank,Explain,0.09751795673661175,0.1344851652810817,-0.03696720854446996,True
3023,sex,woman,0,Explain,Explain,0.75,0.75,0.0,True
3023,sex,woman,0,Memory,Explain,1.0,1.0,0.0,True
3023,sex,man,1,Elicit,Explain,0.125,0.125,0.0,False
3023,sex,man,1,Retrieve,Explain,0.14285714285714285,0.14285714285714285,0.0,False
3023,sex,man,1,Rank,Explain,0.07545019063866967,0.09751795673661175,-0.022067766097942074,False
3023,sex,man,1,Explain,Explain,0.25,0.6666666666666666,-0.41666666666666663,False
3023,sex,man,1,Memory,Explain,0.3333333333333333,1.0,-0.6666666666666667,False
3023,sex,woman,1,Elicit,Explain,0.125,0.125,0.0,True
3023,sex,woman,1,Retrieve,Explain,0.14285714285714285,0.14285714285714285,0.0,True
3023,sex,woman,1,Rank,Explain,0.0,0.09751795673661175,-0.09751795673661175,True
3023,sex,woman,1,Explain,Explain,0.5,0.6666666666666666,-0.16666666666666663,True
3023,sex,woman,1,Memory,Explain,0.5,1.0,-0.5,True
3028,sex,man,0,Elicit,none,0.0,0.0,0.0,True
3028,sex,man,0,Retrieve,none,0.0,0.0,0.0,True
3028,sex,man,0,Rank,none,0.0,0.0,0.0,True
3028,sex,man,0,Explain,none,0.3333333333333333,0.3333333333333333,0.0,True
3028,sex,man,0,Memory,none,0.0,0.0,0.0,True
3028,sex,woman,0,Elicit,none,0.0,0.0,0.0,False
3028,sex,woman,0,Retrieve,none,0.0,0.0,0.0,False
3028,sex,woman,0,Rank,none,0.0,0.0,0.0,False
3028,sex,woman,0,Explain,none,0.0,0.3333333333333333,-0.3333333333333333,False
3028,sex,woman,0,Memory,none,0.0,0.0,0.0,False
3028,sex,man,1,Elicit,none,0.0,0.0,0.0,True
3028,sex,man,1,Retrieve,none,0.0,0.0,0.0,True
3028,sex,man,1,Rank,none,0.0,0.0,0.0,True
3028,sex,man,1,Explain,none,0.5,0.0,0.5,True
3028,sex,man,1,Memory,none,0.0,0.0,0.0,True
3028,sex,woman,1,Elicit,none,0.0,0.0,0.0,False
3028,sex,woman,1,Retrieve,none,0.0,0.0,0.0,False
3028,sex,woman,1,Rank,none,0.0,0.0,0.0,False
3028,sex,woman,1,Explain,none,0.5,0.0,0.5,False
3028,sex,woman,1,Memory,none,0.0,0.0,0.0,False
3046,sex,man,0,Elicit,Elicit,0.16666666666666666,0.16666666666666666,0.0,True
3046,sex,man,0,Retrieve,Elicit,0.0,0.0,0.0,True
3046,sex,man,0,Rank,Elicit,0.0,0.0,0.0,True
3046,sex,man,0,Explain,Elicit,0.5,0.5,0.0,True
3046,sex,man,0,Memory,Elicit,0.5,0.5,0.0,True
3046,sex,woman,0,Elicit,Elicit,0.16666666666666666,0.16666666666666666,0.0,False
3046,sex,woman,0,Retrieve,Elicit,0.0,0.0,0.0,False
3046,sex,woman,0,Rank,Elicit,0.0,0.0,0.0,False
3046,sex,woman,0,Explain,Elicit,0.25,0.5,-0.25,False
3046,sex,woman,0,Memory,Elicit,0.5,0.5,0.0,False
3046,sex,man,1,Elicit,Elicit,0.16666666666666666,0.16666666666666666,0.0,True
3046,sex,man,1,Retrieve,Elicit,0.0,0.0,0.0,True
3046,sex,man,1,Rank,Elicit,0.0,0.0,0.0,True
3046,sex,man,1,Explain,Elicit,0.5,0.5,0.0,True
3046,sex,man,1,Memory,Elicit,1.0,0.5,0.5,True
3046,sex,woman,1,Elicit,Elicit,0.16666666666666666,0.16666666666666666,0.0,False
3046,sex,woman,1,Retrieve,Elicit,0.0,0.0,0.0,False
3046,sex,woman,1,Rank,Elicit,0.0,0.0,0.0,False
3046,sex,woman,1,Explain,Elicit,0.25,0.5,-0.25,False
3046,sex,woman,1,Memory,Elicit,0.5,0.5,0.0,False
3072,age,teen,0,Elicit,Explain,0.06666666666666667,0.06666666666666667,0.0,False
3072,age,teen,0,Retrieve,Explain,0.0,0.0,0.0,False
3072,age,teen,0,Rank,Explain,0.0,0.0,0.0,False
3072,age,teen,0,Explain,Explain,0.25,0.5,-0.25,False
3072,age,teen,0,Memory,Explain,0.5,0.5,0.0,False
3072,age,young,0,Elicit,Explain,0.06666666666666667,0.06666666666666667,0.0,False
3072,age,young,0,Retrieve,Explain,0.0,0.0,0.0,False
3072,age,young,0,Rank,Explain,0.0,0.0,0.0,False
3072,age,young,0,Explain,Explain,0.6666666666666666,0.5,0.16666666666666663,False
3072,age,young,0,Memory,Explain,0.5,0.5,0.0,False
3072,age,adult,0,Elicit,Explain,0.06666666666666667,0.06666666666666667,0.0,True
3072,age,adult,0,Retrieve,Explain,0.0,0.0,0.0,True
3072,age,adult,0,Rank,Explain,0.0,0.0,0.0,True
3072,age,adult,0,Explain,Explain,0.5,0.5,0.0,True
3072,age,adult,0,Memory,Explain,0.5,0.5,0.0,True
3072,age,teen,1,Elicit,Explain,0.06666666666666667,0.06666666666666667,0.0,False
3072,age,teen,1,Retrieve,Explain,0.0,0.0,0.0,False
3072,age,teen,1,Rank,Explain,0.0,0.0,0.0,False
3072,age,teen,1,Explain,Explain,0.25,0.6666666666666666,-0.41666666666666663,False
3072,age,teen,1,Memory,Explain,0.5,0.5,0.0,False
3072,age,young,1,Elicit,Explain,0.06666666666666667,0.06666666666666667,0.0,False
3072,age,young,1,Retrieve,Explain,0.0,0.0,0.0,False
3072,age,young,1,Rank,Explain,0.0,0.0,0.0,False
3072,age,young,1,Explain,Explain,0.5,0.6666666666666666,-0.16666666666666663,False
3072,age,young,1,Memory,Explain,0.5,0.5,0.0,False
3072,age,adult,1,Elicit,Explain,0.06666666666666667,0.06666666666666667,0.0,True
3072,age,adult,1,Retrieve,Explain,0.0,0.0,0.0,True
3072,age,adult,1,Rank,Explain,0.0,0.0,0.0,True
3072,age,adult,1,Explain,Explain,0.5,0.6666666666666666,-0.16666666666666663,True
3072,age,adult,1,Memory,Explain,0.5,0.5,0.0,True
3123,sex,man,0,Elicit,none,0.2,0.2,0.0,True
3123,sex,man,0,Retrieve,none,0.0,0.0,0.0,True
3123,sex,man,0,Rank,none,0.0,0.0,0.0,True
3123,sex,man,0,Explain,none,0.75,0.3333333333333333,0.4166666666666667,True
3123,sex,man,0,Memory,none,0.5,0.5,0.0,True
3123,sex,woman,0,Elicit,none,0.2,0.2,0.0,False
3123,sex,woman,0,Retrieve,none,0.0,0.0,0.0,False
3123,sex,woman,0,Rank,none,0.0,0.0,0.0,False
3123,sex,woman,0,Explain,none,0.5,0.3333333333333333,0.16666666666666669,False
3123,sex,woman,0,Memory,none,1.0,0.5,0.5,False
3123,sex,man,1,Elicit,none,0.2,0.2,0.0,True
3123,sex,man,1,Retrieve,none,0.0,0.0,0.0,True
3123,sex,man,1,Rank,none,0.0,0.0,0.0,True
3123,sex,man,1,Explain,none,0.5,0.3333333333333333,0.16666666666666669,True
3123,sex,man,1,Memory,none,1.0,1.0,0.0,True
3123,sex,woman,1,Elicit,none,0.2,0.2,0.0,False
3123,sex,woman,1,Retrieve,none,0.0,0.0,0.0,False
3123,sex,woman,1,Rank,none,0.0,0.0,0.0,False
3123,sex,woman,1,Explain,none,0.3333333333333333,0.3333333333333333,0.0,False
3123,sex,woman,1,Memory,none,1.0,1.0,0.0,False
3159,sex,man,0,Elicit,none,0.0625,0.0625,0.0,False
3159,sex,man,0,Retrieve,none,0.0,0.02702702702702703,-0.02702702702702703,False
3159,sex,man,0,Rank,none,0.08177603775504025,0.07091572845187724,0.010860309303163007,False
3159,sex,man,0,Explain,none,0.6666666666666666,0.6666666666666666,0.0,False
3159,sex,man,0,Memory,none,0.5,0.6666666666666666,-0.16666666666666663,False
3159,sex,woman,0,Elicit,none,0.0625,0.0625,0.0,True
3159,sex,woman,0,Retrieve,none,0.0,0.02702702702702703,-0.02702702702702703,True
3159,sex,woman,0,Rank,none,0.0,0.07091572845187724,-0.07091572845187724,True
3159,sex,woman,0,Explain,none,0.75,0.6666666666666666,0.08333333333333337,True
3159,sex,woman,0,Memory,none,1.0,0.6666666666666666,0.33333333333333337,True
3159,sex,man,1,Elicit,none,0.0625,0.0625,0.0,False
3159,sex,man,1,Retrieve,none,0.0,0.0,0.0,False
3159,sex,man,1,Rank,none,0.0,0.08177603775504025,-0.08177603775504025,False
3159,sex,man,1,Explain,none,1.0,0.3333333333333333,0.6666666666666667,False
3159,sex,man,1,Memory,none,1.0,1.0,0.0,False
3159,sex,woman,1,Elicit,none,0.0625,0.0625,0.0,True
3159,sex,woman,1,Retrieve,none,0.02702702702702703,0.0,0.02702702702702703,True
3159,sex,woman,1,Rank,none,0.10565706741966173,0.08177603775504025,0.02388102966462148,True
3159,sex,woman,1,Explain,none,0.6666666666666666,0.3333333333333333,0.3333333333333333,True
3159,sex,woman,1,Memory,none,0.6666666666666666,1.0,-0.33333333333333337,True
3292,sex,man,0,Elicit,none,0.058823529411764705,0.058823529411764705,0.0,False
3292,sex,man,0,Retrieve,none,0.0,0.0,0.0,False
3292,sex,man,0,Rank,none,0.0,0.0,0.0,False
3292,sex,man,0,Explain,none,0.6666666666666666,0.3333333333333333,0.3333333333333333,False
3292,sex,man,0,Memory,none,0.3333333333333333,0.3333333333333333,0.0,False
3292,sex,woman,0,Elicit,none,0.058823529411764705,0.058823529411764705,0.0,True
3292,sex,woman,0,Retrieve,none,0.006993006993006993,0.0,0.006993006993006993,True
3292,sex,woman,0,Rank,none,0.0,0.0,0.0,True
3292,sex,woman,0,Explain,none,0.5,0.3333333333333333,0.16666666666666669,True
3292,sex,woman,0,Memory,none,0.5,0.3333333333333333,0.16666666666666669,True
3292,sex,man,1,Elicit,none,0.058823529411764705,0.058823529411764705,0.0,False
3292,sex,man,1,Retrieve,none,0.006993006993006993,0.0,0.006993006993006993,False
3292,sex,man,1,Rank,none,0.0,0.07839826897867533,-0.07839826897867533,False
3292,sex,man,1,Explain,none,0.5,0.5,0.0,False
3292,sex,man,1,Memory,none,1.0,0.5,0.5,False
3292,sex,woman,1,Elicit,none,0.058823529411764705,0.058823529411764705,0.0,True
3292,sex,woman,1,Retrieve,none,0.006993006993006993,0.0,0.006993006993006993,True
3292,sex,woman,1,Rank,none,0.06362078819895171,0.07839826897867533,-0.014777480779723615,True
3292,sex,woman,1,Explain,none,0.5,0.5,0.0,True
3292,sex,woman,1,Memory,none,0.3333333333333333,0.5,-0.16666666666666669,True
3316,age,teen,0,Elicit,none,0.0,0.0,0.0,True
3316,age,teen,0,Retrieve,none,0.0,0.1111111111111111,-0.1111111111111111,True
3316,age,teen,0,Rank,none,0.0,0.0,0.0,True
3316,age,teen,0,Explain,none,0.5,0.0,0.5,True
3316,age,teen,0,Memory,none,0.0,0.0,0.0,True
3316,age,young,0,Elicit,none,0.0,0.0,0.0,False
3316,age,young,0,Retrieve,none,0.0,0.1111111111111111,-0.1111111111111111,False
3316,age,young,0,Rank,none,0.0,0.0,0.0,False
3316,age,young,0,Explain,none,0.25,0.0,0.25,False
3316,age,young,0,Memory,none,0.0,0.0,0.0,False
3316,age,adult,0,Elicit,none,0.0,0.0,0.0,False
3316,age,adult,0,Retrieve,none,0.0,0.1111111111111111,-0.1111111111111111,False
3316,age,adult,0,Rank,none,0.0,0.0,0.0,False
3316,age,adult,0,Explain,none,0.25,0.0,0.25,False
3316,age,adult,0,Memory,none,0.0,0.0,0.0,False
3316,age,teen,1,Elicit,none,0.0,0.0,0.0,True
3316,age,teen,1,Retrieve,none,0.0,0.0,0.0,True
3316,age,teen,1,Rank,none,0.0,0.0,0.0,True
3316,age,teen,1,Explain,none,0.5,0.0,0.5,True
3316,age,teen,1,Memory,none,0.0,0.0,0.0,True
3316,age,young,1,Elicit,none,0.0,0.0,0.0,False
3316,age,young,1,Retrieve,none,0.0,0.0,0.0,False
3316,age,young,1,Rank,none,0.0,0.0,0.0,False
3316,age,young,1,Explain,none,0.5,0.0,0.5,False
3316,age,young,1,Memory,none,0.0,0.0,0.0,False
3316,age,adult,1,Elicit,none,0.0,0.0,0.0,False
3316,age,adult,1,Retrieve,none,0.0,0.0,0.0,False
3316,age,adult,1,Rank,none,0.0,0.0,0.0,False
3316,age,adult,1,Explain,none,0.25,0.0,0.25,False
3316,age,adult,1,Memory,none,0.0,0.0,0.0,False
3400,sex,man,0,Elicit,Retrieve,0.06666666666666667,0.06666666666666667,0.0,True
3400,sex,man,0,Retrieve,Retrieve,0.023255813953488372,0.0,0.023255813953488372,True
3400,sex,man,0,Rank,Retrieve,0.0,0.0,0.0,True
3400,sex,man,0,Explain,Retrieve,1.0,0.75,0.25,True
3400,sex,man,0,Memory,Retrieve,0.6666666666666666,0.5,0.16666666666666663,True
3400,sex,woman,0,Elicit,Retrieve,0.06666666666666667,0.06666666666666667,0.0,False
3400,sex,woman,0,Retrieve,Retrieve,0.0,0.0,0.0,False
3400,sex,woman,0,Rank,Retrieve,0.0,0.0,0.0,False
3400,sex,woman,0,Explain,Retrieve,0.75,0.75,0.0,False
3400,sex,woman,0,Memory,Retrieve,0.5,0.5,0.0,False
3400,sex,man,1,Elicit,Retrieve,0.06666666666666667,0.06666666666666667,0.0,True
3400,sex,man,1,Retrieve,Retrieve,0.0,0.0,0.0,True
3400,sex,man,1,Rank,Retrieve,0.0,0.0,0.0,True
3400,sex,man,1,Explain,Retrieve,0.75,0.75,0.0,True
3400,sex,man,1,Memory,Retrieve,1.0,1.0,0.0,True
3400,sex,woman,1,Elicit,Retrieve,0.06666666666666667,0.06666666666666667,0.0,False
3400,sex,woman,1,Retrieve,Retrieve,0.0,0.0,0.0,False
3400,sex,woman,1,Rank,Retrieve,0.11004588314904008,0.0,0.11004588314904008,False
3400,sex,woman,1,Explain,Retrieve,1.0,0.75,0.25,False
3400,sex,woman,1,Memory,Retrieve,0.5,1.0,-0.5,False
3466,sex,man,0,Elicit,Retrieve,0.2,0.2,0.0,True
3466,sex,man,0,Retrieve,Retrieve,0.0,0.0,0.0,True
3466,sex,man,0,Rank,Retrieve,0.0,0.0,0.0,True
3466,sex,man,0,Explain,Retrieve,0.25,0.3333333333333333,-0.08333333333333331,True
3466,sex,man,0,Memory,Retrieve,0.3333333333333333,1.0,-0.6666666666666667,True
3466,sex,woman,0,Elicit,Retrieve,0.2,0.2,0.0,False
3466,sex,woman,0,Retrieve,Retrieve,0.0,0.0,0.0,False
3466,sex,woman,0,Rank,Retrieve,0.0,0.0,0.0,False
3466,sex,woman,0,Explain,Retrieve,0.5,0.3333333333333333,0.16666666666666669,False
3466,sex,woman,0,Memory,Retrieve,0.3333333333333333,1.0,-0.6666666666666667,False
3466,sex,man,1,Elicit,Retrieve,0.2,0.2,0.0,True
3466,sex,man,1,Retrieve,Retrieve,0.0,0.0,0.0,True
3466,sex,man,1,Rank,Retrieve,0.0,0.0,0.0,True
3466,sex,man,1,Explain,Retrieve,0.5,0.5,0.0,True
3466,sex,man,1,Memory,Retrieve,0.3333333333333333,0.5,-0.16666666666666669,True
3466,sex,woman,1,Elicit,Retrieve,0.2,0.2,0.0,False
3466,sex,woman,1,Retrieve,Retrieve,0.0,0.0,0.0,False
3466,sex,woman,1,Rank,Retrieve,0.0,0.0,0.0,False
3466,sex,woman,1,Explain,Retrieve,0.5,0.5,0.0,False
3466,sex,woman,1,Memory,Retrieve,0.5,0.5,0.0,False
3573,age,teen,0,Elicit,Elicit,0.25,0.25,0.0,True
3573,age,teen,0,Retrieve,Elicit,0.0,0.0,0.0,True
3573,age,teen,0,Rank,Elicit,0.0,0.0,0.0,True
3573,age,teen,0,Explain,Elicit,0.6666666666666666,0.5,0.16666666666666663,True
3573,age,teen,0,Memory,Elicit,0.3333333333333333,1.0,-0.6666666666666667,True
3573,age,young,0,Elicit,Elicit,0.25,0.25,0.0,False
3573,age,young,0,Retrieve,Elicit,0.0,0.0,0.0,False
3573,age,young,0,Rank,Elicit,0.0,0.0,0.0,False
3573,age,young,0,Explain,Elicit,0.5,0.5,0.0,False
3573,age,young,0,Memory,Elicit,0.5,1.0,-0.5,False
3573,age,adult,0,Elicit,Elicit,0.25,0.25,0.0,False
3573,age,adult,0,Retrieve,Elicit,0.0,0.0,0.0,False
3573,age,adult,0,Rank,Elicit,0.0,0.0,0.0,False
3573,age,adult,0,Explain,Elicit,0.5,0.5,0.0,False
3573,age,adult,0,Memory,Elicit,1.0,1.0,0.0,False
3573,age,teen,1,Elicit,Elicit,0.25,0.25,0.0,True
3573,age,teen,1,Retrieve,Elicit,0.0,0.0,0.0,True
3573,age,teen,1,Rank,Elicit,0.0,0.0,0.0,True
3573,age,teen,1,Explain,Elicit,0.6666666666666666,0.75,-0.08333333333333337,True
3573,age,teen,1,Memory,Elicit,0.6666666666666666,0.5,0.16666666666666663,True
3573,age,young,1,Elicit,Elicit,0.25,0.25,0.0,False
3573,age,young,1,Retrieve,Elicit,0.0,0.0,0.0,False
3573,age,young,1,Rank,Elicit,0.0,0.0,0.0,False
3573,age,young,1,Explain,Elicit,0.3333333333333333,0.75,-0.4166666666666667,False
3573,age,young,1,Memory,Elicit,1.0,0.5,0.5,False
3573,age,adult,1,Elicit,Elicit,0.25,0.25,0.0,False
3573,age,adult,1,Retrieve,Elicit,0.0,0.0,0.0,False
3573,age,adult,1,Rank,Elicit,0.0,0.0,0.0,False
3573,age,adult,1,Explain,Elicit,0.3333333333333333,0.75,-0.4166666666666667,False
3573,age,adult,1,Memory,Elicit,0.5,0.5,0.0,False
3604,sex,man,0,Elicit,Explain,0.2,0.2,0.0,False
3604,sex,man,0,Retrieve,Explain,0.0,0.0,0.0,False
3604,sex,man,0,Rank,Explain,0.0,0.0,0.0,False
3604,sex,man,0,Explain,Explain,0.5,0.3333333333333333,0.16666666666666669,False
3604,sex,man,0,Memory,Explain,0.5,0.5,0.0,False
3604,sex,woman,0,Elicit,Explain,0.2,0.2,0.0,True
3604,sex,woman,0,Retrieve,Explain,0.0,0.0,0.0,True
3604,sex,woman,0,Rank,Explain,0.0,0.0,0.0,True
3604,sex,woman,0,Explain,Explain,0.25,0.3333333333333333,-0.08333333333333331,True
3604,sex,woman,0,Memory,Explain,0.5,0.5,0.0,True
3604,sex,man,1,Elicit,Explain,0.2,0.2,0.0,False
3604,sex,man,1,Retrieve,Explain,0.0,0.0,0.0,False
3604,sex,man,1,Rank,Explain,0.0,0.0,0.0,False
3604,sex,man,1,Explain,Explain,0.3333333333333333,0.25,0.08333333333333331,False
3604,sex,man,1,Memory,Explain,0.5,1.0,-0.5,False
3604,sex,woman,1,Elicit,Explain,0.2,0.2,0.0,True
3604,sex,woman,1,Retrieve,Explain,0.0,0.0,0.0,True
3604,sex,woman,1,Rank,Explain,0.0,0.0,0.0,True
3604,sex,woman,1,Explain,Explain,0.25,0.25,0.0,True
3604,sex,woman,1,Memory,Explain,1.0,1.0,0.0,True
3667,sex,man,0,Elicit,Elicit,0.14285714285714285,0.14285714285714285,0.0,False
3667,sex,man,0,Retrieve,Elicit,0.1111111111111111,0.1111111111111111,0.0,False
3667,sex,man,0,Rank,Elicit,0.0797195288241257,0.04500765570061608,0.034711873123509616,False
3667,sex,man,0,Explain,Elicit,0.25,0.5,-0.25,False
3667,sex,man,0,Memory,Elicit,0.5,1.0,-0.5,False
3667,sex,woman,0,Elicit,Elicit,0.14285714285714285,0.14285714285714285,0.0,True
3667,sex,woman,0,Retrieve,Elicit,0.1111111111111111,0.1111111111111111,0.0,True
3667,sex,woman,0,Rank,Elicit,0.04500765570061608,0.04500765570061608,0.0,True
3667,sex,woman,0,Explain,Elicit,0.5,0.5,0.0,True
3667,sex,woman,0,Memory,Elicit,0.5,1.0,-0.5,True
3667,sex,man,1,Elicit,Elicit,0.14285714285714285,0.14285714285714285,0.0,False
3667,sex,man,1,Retrieve,Elicit,0.1111111111111111,0.1111111111111111,0.0,False
3667,sex,man,1,Rank,Elicit,0.0797195288241257,0.054417044196852254,0.02530248462727344,False
3667,sex,man,1,Explain,Elicit,0.25,0.5,-0.25,False
3667,sex,man,1,Memory,Elicit,0.3333333333333333,1.0,-0.6666666666666667,False
3667,sex,woman,1,Elicit,Elicit,0.14285714285714285,0.14285714285714285,0.0,True
3667,sex,woman,1,Retrieve,Elicit,0.1111111111111111,0.1111111111111111,0.0,True
3667,sex,woman,1,Rank,Elicit,0.048879805307097714,0.054417044196852254,-0.005537238889754541,True
3667,sex,woman,1,Explain,Elicit,0.5,0.5,0.0,True
3667,sex,woman,1,Memory,Elicit,1.0,1.0,0.0,True
3677,sex,man,0,Elicit,Retrieve,0.1111111111111111,0.1111111111111111,0.0,False
3677,sex,man,0,Retrieve,Retrieve,0.0,0.0,0.0,False
3677,sex,man,0,Rank,Retrieve,0.0,0.0,0.0,False
3677,sex,man,0,Explain,Retrieve,0.3333333333333333,0.5,-0.16666666666666669,False
3677,sex,man,0,Memory,Retrieve,0.5,1.0,-0.5,False
3677,sex,woman,0,Elicit,Retrieve,0.1111111111111111,0.1111111111111111,0.0,True
3677,sex,woman,0,Retrieve,Retrieve,0.0,0.0,0.0,True
3677,sex,woman,0,Rank,Retrieve,0.0,0.0,0.0,True
3677,sex,woman,0,Explain,Retrieve,0.5,0.5,0.0,True
3677,sex,woman,0,Memory,Retrieve,0.3333333333333333,1.0,-0.6666666666666667,True
3677,sex,man,1,Elicit,Retrieve,0.1111111111111111,0.1111111111111111,0.0,False
3677,sex,man,1,Retrieve,Retrieve,0.0,0.0,0.0,False
3677,sex,man,1,Rank,Retrieve,0.0,0.0,0.0,False
3677,sex,man,1,Explain,Retrieve,0.0,0.5,-0.5,False
3677,sex,man,1,Memory,Retrieve,0.5,0.5,0.0,False
3677,sex,woman,1,Elicit,Retrieve,0.1111111111111111,0.1111111111111111,0.0,True
3677,sex,woman,1,Retrieve,Retrieve,0.0,0.0,0.0,True
3677,sex,woman,1,Rank,Retrieve,0.0,0.0,0.0,True
3677,sex,woman,1,Explain,Retrieve,0.6666666666666666,0.5,0.16666666666666663,True
3677,sex,woman,1,Memory,Retrieve,0.3333333333333333,0.5,-0.16666666666666669,True
3707,age,teen,0,Elicit,none,0.125,0.125,0.0,False
3707,age,teen,0,Retrieve,none,0.0,0.0,0.0,False
3707,age,teen,0,Rank,none,0.0,0.0,0.0,False
3707,age,teen,0,Explain,none,0.6666666666666666,0.75,-0.08333333333333337,False
3707,age,teen,0,Memory,none,0.5,0.5,0.0,False
3707,age,young,0,Elicit,none,0.125,0.125,0.0,True
3707,age,young,0,Retrieve,none,0.0,0.0,0.0,True
3707,age,young,0,Rank,none,0.0,0.0,0.0,True
3707,age,young,0,Explain,none,0.75,0.75,0.0,True
3707,age,young,0,Memory,none,0.5,0.5,0.0,True
3707,age,adult,0,Elicit,none,0.125,0.125,0.0,False
3707,age,adult,0,Retrieve,none,0.0,0.0,0.0,False
3707,age,adult,0,Rank,none,0.0,0.0,0.0,False
3707,age,adult,0,Explain,none,0.6666666666666666,0.75,-0.08333333333333337,False
3707,age,adult,0,Memory,none,0.5,0.5,0.0,False
3707,age,teen,1,Elicit,none,0.125,0.125,0.0,False
3707,age,teen,1,Retrieve,none,0.0,0.0,0.0,False
3707,age,teen,1,Rank,none,0.0,0.0,0.0,False
3707,age,teen,1,Explain,none,0.75,0.6666666666666666,0.08333333333333337,False
3707,age,teen,1,Memory,none,0.5,1.0,-0.5,False
3707,age,young,1,Elicit,none,0.125,0.125,0.0,True
3707,age,young,1,Retrieve,none,0.0,0.0,0.0,True
3707,age,young,1,Rank,none,0.0,0.0,0.0,True
3707,age,young,1,Explain,none,1.0,0.6666666666666666,0.33333333333333337,True
3707,age,young,1,Memory,none,0.5,1.0,-0.5,True
3707,age,adult,1,Elicit,none,0.125,0.125,0.0,False
3707,age,adult,1,Retrieve,none,0.0,0.0,0.0,False
3707,age,adult,1,Rank,none,0.0,0.0,0.0,False
3707,age,adult,1,Explain,none,0.75,0.6666666666666666,0.08333333333333337,False
3707,age,adult,1,Memory,none,1.0,1.0,0.0,False
3744,sex,man,0,Elicit,Memory,0.25,0.25,0.0,True
3744,sex,man,0,Retrieve,Memory,0.0,0.0,0.0,True
3744,sex,man,0,Rank,Memory,0.0,0.0,0.0,True
3744,sex,man,0,Explain,Memory,0.25,0.3333333333333333,-0.08333333333333331,True
3744,sex,man,0,Memory,Memory,0.0,0.0,0.0,True
3744,sex,woman,0,Elicit,Memory,0.25,0.25,0.0,False
3744,sex,woman,0,Retrieve,Memory,0.0,0.0,0.0,False
3744,sex,woman,0,Rank,Memory,0.0,0.0,0.0,False
3744,sex,woman,0,Explain,Memory,0.3333333333333333,0.3333333333333333,0.0,False
3744,sex,woman,0,Memory,Memory,0.5,0.0,0.5,False
3744,sex,man,1,Elicit,Memory,0.25,0.25,0.0,True
3744,sex,man,1,Retrieve,Memory,0.0,0.0,0.0,True
3744,sex,man,1,Rank,Memory,0.0,0.0,0.0,True
3744,sex,man,1,Explain,Memory,0.5,0.5,0.0,True
3744,sex,man,1,Memory,Memory,0.5,1.0,-0.5,True
3744,sex,woman,1,Elicit,Memory,0.25,0.25,0.0,False
3744,sex,woman,1,Retrieve,Memory,0.0,0.0,0.0,False
3744,sex,woman,1,Rank,Memory,0.0,0.0,0.0,False
3744,sex,woman,1,Explain,Memory,0.5,0.5,0.0,False
3744,sex,woman,1,Memory,Memory,0.3333333333333333,1.0,-0.6666666666666667,False
3782,age,teen,0,Elicit,Explain,0.14285714285714285,0.14285714285714285,0.0,False
3782,age,teen,0,Retrieve,Explain,0.0,0.0,0.0,False
3782,age,teen,0,Rank,Explain,0.0,0.0,0.0,False
3782,age,teen,0,Explain,Explain,0.5,0.5,0.0,False
3782,age,teen,0,Memory,Explain,0.5,0.5,0.0,False
3782,age,young,0,Elicit,Explain,0.14285714285714285,0.14285714285714285,0.0,True
3782,age,young,0,Retrieve,Explain,0.0,0.0,0.0,True
3782,age,young,0,Rank,Explain,0.0,0.0,0.0,True
3782,age,young,0,Explain,Explain,0.3333333333333333,0.5,-0.16666666666666669,True
3782,age,young,0,Memory,Explain,1.0,0.5,0.5,True
3782,age,adult,0,Elicit,Explain,0.14285714285714285,0.14285714285714285,0.0,False
3782,age,adult,0,Retrieve,Explain,0.0,0.0,0.0,False
3782,age,adult,0,Rank,Explain,0.0,0.0,0.0,False
3782,age,adult,0,Explain,Explain,0.25,0.5,-0.25,False
3782,age,adult,0,Memory,Explain,1.0,0.5,0.5,False
3782,age,teen,1,Elicit,Explain,0.14285714285714285,0.14285714285714285,0.0,False
3782,age,teen,1,Retrieve,Explain,0.0,0.0,0.0,False
3782,age,teen,1,Rank,Explain,0.0,0.0,0.0,False
3782,age,teen,1,Explain,Explain,0.5,0.5,0.0,False
3782,age,teen,1,Memory,Explain,,0.5,,False
3782,age,young,1,Elicit,Explain,0.14285714285714285,0.14285714285714285,0.0,True
3782,age,young,1,Retrieve,Explain,0.0,0.0,0.0,True
3782,age,young,1,Rank,Explain,0.0,0.0,0.0,True
3782,age,young,1,Explain,Explain,0.5,0.5,0.0,True
3782,age,young,1,Memory,Explain,0.5,0.5,0.0,True
3782,age,adult,1,Elicit,Explain,0.14285714285714285,0.14285714285714285,0.0,False
3782,age,adult,1,Retrieve,Explain,0.0,0.0,0.0,False
3782,age,adult,1,Rank,Explain,0.0,0.0,0.0,False
3782,age,adult,1,Explain,Explain,0.5,0.5,0.0,False
3782,age,adult,1,Memory,Explain,0.3333333333333333,0.5,-0.16666666666666669,False
3861,sex,man,0,Elicit,none,0.14285714285714285,0.14285714285714285,0.0,True
3861,sex,man,0,Retrieve,none,0.0,0.0,0.0,True
3861,sex,man,0,Rank,none,0.11337035613175182,0.0,0.11337035613175182,True
3861,sex,man,0,Explain,none,0.5,0.5,0.0,True
3861,sex,man,0,Memory,none,0.5,0.5,0.0,True
3861,sex,woman,0,Elicit,none,0.14285714285714285,0.14285714285714285,0.0,False
3861,sex,woman,0,Retrieve,none,0.0,0.0,0.0,False
3861,sex,woman,0,Rank,none,0.11337035613175182,0.0,0.11337035613175182,False
3861,sex,woman,0,Explain,none,0.5,0.5,0.0,False
3861,sex,woman,0,Memory,none,,0.5,,False
3861,sex,man,1,Elicit,none,0.14285714285714285,0.14285714285714285,0.0,True
3861,sex,man,1,Retrieve,none,0.0,0.0,0.0,True
3861,sex,man,1,Rank,none,0.0,0.11880665031194615,-0.11880665031194615,True
3861,sex,man,1,Explain,none,0.6666666666666666,0.5,0.16666666666666663,True
3861,sex,man,1,Memory,none,0.5,1.0,-0.5,True
3861,sex,woman,1,Elicit,none,0.14285714285714285,0.14285714285714285,0.0,False
3861,sex,woman,1,Retrieve,none,0.16666666666666666,0.0,0.16666666666666666,False
3861,sex,woman,1,Rank,none,0.11337035613175182,0.11880665031194615,-0.005436294180194326,False
3861,sex,woman,1,Explain,none,0.5,0.5,0.0,False
3861,sex,woman,1,Memory,none,0.3333333333333333,1.0,-0.6666666666666667,False
3865,sex,man,0,Elicit,Retrieve,0.125,0.125,0.0,False
3865,sex,man,0,Retrieve,Retrieve,0.0,0.0,0.0,False
3865,sex,man,0,Rank,Retrieve,0.0,0.0,0.0,False
3865,sex,man,0,Explain,Retrieve,0.5,0.5,0.0,False
3865,sex,man,0,Memory,Retrieve,0.5,0.5,0.0,False
3865,sex,woman,0,Elicit,Retrieve,0.125,0.125,0.0,True
3865,sex,woman,0,Retrieve,Retrieve,0.0,0.0,0.0,True
3865,sex,woman,0,Rank,Retrieve,0.0,0.0,0.0,True
3865,sex,woman,0,Explain,Retrieve,0.5,0.5,0.0,True
3865,sex,woman,0,Memory,Retrieve,0.5,0.5,0.0,True
3865,sex,man,1,Elicit,Retrieve,0.125,0.125,0.0,False
3865,sex,man,1,Retrieve,Retrieve,0.0,0.0,0.0,False
3865,sex,man,1,Rank,Retrieve,0.0,0.0,0.0,False
3865,sex,man,1,Explain,Retrieve,0.6666666666666666,0.75,-0.08333333333333337,False
3865,sex,man,1,Memory,Retrieve,0.5,0.3333333333333333,0.16666666666666669,False
3865,sex,woman,1,Elicit,Retrieve,0.125,0.125,0.0,True
3865,sex,woman,1,Retrieve,Retrieve,0.0,0.0,0.0,True
3865,sex,woman,1,Rank,Retrieve,0.0,0.0,0.0,True
3865,sex,woman,1,Explain,Retrieve,0.3333333333333333,0.75,-0.4166666666666667,True
3865,sex,woman,1,Memory,Retrieve,0.3333333333333333,0.3333333333333333,0.0,True
3881,sex,man,0,Elicit,Rank,0.125,0.125,0.0,True
3881,sex,man,0,Retrieve,Rank,0.0,0.0,0.0,True
3881,sex,man,0,Rank,Rank,0.00413127366758819,0.0,0.00413127366758819,True
3881,sex,man,0,Explain,Rank,0.75,0.3333333333333333,0.4166666666666667,True
3881,sex,man,0,Memory,Rank,0.5,0.5,0.0,True
3881,sex,woman,0,Elicit,Rank,0.125,0.125,0.0,False
3881,sex,woman,0,Retrieve,Rank,0.0,0.0,0.0,False
3881,sex,woman,0,Rank,Rank,0.003558485447232249,0.0,0.003558485447232249,False
3881,sex,woman,0,Explain,Rank,0.3333333333333333,0.3333333333333333,0.0,False
3881,sex,woman,0,Memory,Rank,0.5,0.5,0.0,False
3881,sex,man,1,Elicit,Rank,0.125,0.125,0.0,True
3881,sex,man,1,Retrieve,Rank,0.0,0.0,0.0,True
3881,sex,man,1,Rank,Rank,0.0029431787446100627,0.002754182445058793,0.0001889962995512695,True
3881,sex,man,1,Explain,Rank,0.25,0.25,0.0,True
3881,sex,man,1,Memory,Rank,0.5,0.5,0.0,True
3881,sex,woman,1,Elicit,Rank,0.125,0.125,0.0,False
3881,sex,woman,1,Retrieve,Rank,0.0,0.0,0.0,False
3881,sex,woman,1,Rank,Rank,0.0029431787446100627,0.002754182445058793,0.0001889962995512695,False
3881,sex,woman,1,Explain,Rank,1.0,0.25,0.75,False
3881,sex,woman,1,Memory,Rank,0.5,0.5,0.0,False
3916,age,teen,0,Elicit,Retrieve,0.05555555555555555,0.05555555555555555,0.0,False
3916,age,teen,0,Retrieve,Retrieve,0.013333333333333334,0.02666666666666667,-0.013333333333333334,False
3916,age,teen,0,Rank,Retrieve,0.07336392209936006,0.0,0.07336392209936006,False
3916,age,teen,0,Explain,Retrieve,0.5,0.5,0.0,False
3916,age,teen,0,Memory,Retrieve,0.3333333333333333,1.0,-0.6666666666666667,False
3916,age,young,0,Elicit,Retrieve,0.05555555555555555,0.05555555555555555,0.0,True
3916,age,young,0,Retrieve,Retrieve,0.02666666666666667,0.02666666666666667,0.0,True
3916,age,young,0,Rank,Retrieve,0.16815228646891087,0.0,0.16815228646891087,True
3916,age,young,0,Explain,Retrieve,0.5,0.5,0.0,True
3916,age,young,0,Memory,Retrieve,0.5,1.0,-0.5,True
3916,age,adult,0,Elicit,Retrieve,0.05555555555555555,0.05555555555555555,0.0,False
3916,age,adult,0,Retrieve,Retrieve,0.02666666666666667,0.02666666666666667,0.0,False
3916,age,adult,0,Rank,Retrieve,0.15457433957839828,0.0,0.15457433957839828,False
3916,age,adult,0,Explain,Retrieve,0.6666666666666666,0.5,0.16666666666666663,False
3916,age,adult,0,Memory,Retrieve,0.5,1.0,-0.5,False
3916,age,teen,1,Elicit,Retrieve,0.05555555555555555,0.05555555555555555,0.0,False
3916,age,teen,1,Retrieve,Retrieve,0.013333333333333334,0.013333333333333334,0.0,False
3916,age,teen,1,Rank,Retrieve,0.0,0.23365080824310533,-0.23365080824310533,False
3916,age,teen,1,Explain,Retrieve,0.6666666666666666,0.5,0.16666666666666663,False
3916,age,teen,1,Memory,Retrieve,0.6666666666666666,1.0,-0.33333333333333337,False
3916,age,young,1,Elicit,Retrieve,0.05555555555555555,0.05555555555555555,0.0,True
3916,age,young,1,Retrieve,Retrieve,0.013333333333333334,0.013333333333333334,0.0,True
3916,age,young,1,Rank,Retrieve,0.085143117641621,0.23365080824310533,-0.14850769060148433,True
3916,age,young,1,Explain,Retrieve,0.5,0.5,0.0,True
3916,age,young,1,Memory,Retrieve,0.5,1.0,-0.5,True
3916,age,adult,1,Elicit,Retrieve,0.05555555555555555,0.05555555555555555,0.0,False
3916,age,adult,1,Retrieve,Retrieve,0.013333333333333334,0.013333333333333334,0.0,False
3916,age,adult,1,Rank,Retrieve,0.11004588314904008,0.23365080824310533,-0.12360492509406525,False
3916,age,adult,1,Explain,Retrieve,0.5,0.5,0.0,False
3916,age,adult,1,Memory,Retrieve,0.5,1.0,-0.5,False
3927,sex,man,0,Elicit,Retrieve,0.08333333333333333,0.08333333333333333,0.0,False
3927,sex,man,0,Retrieve,Retrieve,0.0,0.0,0.0,False
3927,sex,man,0,Rank,Retrieve,0.0,0.0,0.0,False
3927,sex,man,0,Explain,Retrieve,0.6666666666666666,0.5,0.16666666666666663,False
3927,sex,man,0,Memory,Retrieve,0.6666666666666666,1.0,-0.33333333333333337,False
3927,sex,woman,0,Elicit,Retrieve,0.08333333333333333,0.08333333333333333,0.0,True
3927,sex,woman,0,Retrieve,Retrieve,0.0,0.0,0.0,True
3927,sex,woman,0,Rank,Retrieve,0.0,0.0,0.0,True
3927,sex,woman,0,Explain,Retrieve,0.5,0.5,0.0,True
3927,sex,woman,0,Memory,Retrieve,0.5,1.0,-0.5,True
3927,sex,man,1,Elicit,Retrieve,0.08333333333333333,0.08333333333333333,0.0,False
3927,sex,man,1,Retrieve,Retrieve,0.0,0.0,0.0,False
3927,sex,man,1,Rank,Retrieve,0.0,0.0,0.0,False
3927,sex,man,1,Explain,Retrieve,0.75,0.3333333333333333,0.4166666666666667,False
3927,sex,man,1,Memory,Retrieve,1.0,0.5,0.5,False
3927,sex,woman,1,Elicit,Retrieve,0.08333333333333333,0.08333333333333333,0.0,True
3927,sex,woman,1,Retrieve,Retrieve,0.0,0.0,0.0,True
3927,sex,woman,1,Rank,Retrieve,0.0,0.0,0.0,True
3927,sex,woman,1,Explain,Retrieve,0.5,0.3333333333333333,0.16666666666666669,True
3927,sex,woman,1,Memory,Retrieve,0.5,0.5,0.0,True
3940,age,teen,0,Elicit,Retrieve,0.08333333333333333,0.08333333333333333,0.0,False
3940,age,teen,0,Retrieve,Retrieve,0.015873015873015872,0.0,0.015873015873015872,False
3940,age,teen,0,Rank,Retrieve,0.030784252354331472,0.06719150510010703,-0.03640725274577556,False
3940,age,teen,0,Explain,Retrieve,0.5,0.5,0.0,False
3940,age,teen,0,Memory,Retrieve,,0.5,,False
3940,age,young,0,Elicit,Retrieve,0.08333333333333333,0.08333333333333333,0.0,False
3940,age,young,0,Retrieve,Retrieve,0.0,0.0,0.0,False
3940,age,young,0,Rank,Retrieve,0.0,0.06719150510010703,-0.06719150510010703,False
3940,age,young,0,Explain,Retrieve,0.5,0.5,0.0,False
3940,age,young,0,Memory,Retrieve,1.0,0.5,0.5,False
3940,age,adult,0,Elicit,Retrieve,0.08333333333333333,0.08333333333333333,0.0,True
3940,age,adult,0,Retrieve,Retrieve,0.0,0.0,0.0,True
3940,age,adult,0,Rank,Retrieve,0.0,0.06719150510010703,-0.06719150510010703,True
3940,age,adult,0,Explain,Retrieve,1.0,0.5,0.5,True
3940,age,adult,0,Memory,Retrieve,0.5,0.5,0.0,True
3940,age,teen,1,Elicit,Retrieve,0.08333333333333333,0.08333333333333333,0.0,False
3940,age,teen,1,Retrieve,Retrieve,0.015873015873015872,0.015873015873015872,0.0,False
3940,age,teen,1,Rank,Retrieve,0.0,0.12774871807970872,-0.12774871807970872,False
3940,age,teen,1,Explain,Retrieve,0.75,0.5,0.25,False
3940,age,teen,1,Memory,Retrieve,0.5,0.5,0.0,False
3940,age,young,1,Elicit,Retrieve,0.08333333333333333,0.08333333333333333,0.0,False
3940,age,young,1,Retrieve,Retrieve,0.0,0.015873015873015872,-0.015873015873015872,False
3940,age,young,1,Rank,Retrieve,0.0,0.12774871807970872,-0.12774871807970872,False
3940,age,young,1,Explain,Retrieve,1.0,0.5,0.5,False
3940,age,young,1,Memory,Retrieve,0.3333333333333333,0.5,-0.16666666666666669,False
3940,age,adult,1,Elicit,Retrieve,0.08333333333333333,0.08333333333333333,0.0,True
3940,age,adult,1,Retrieve,Retrieve,0.0,0.015873015873015872,-0.015873015873015872,True
3940,age,adult,1,Rank,Retrieve,0.0,0.12774871807970872,-0.12774871807970872,True
3940,age,adult,1,Explain,Retrieve,0.5,0.5,0.0,True
3940,age,adult,1,Memory,Retrieve,0.5,0.5,0.0,True
4063,age,teen,0,Elicit,none,0.2,0.2,0.0,False
4063,age,teen,0,Retrieve,none,0.0,0.0,0.0,False
4063,age,teen,0,Rank,none,0.0,0.0,0.0,False
4063,age,teen,0,Explain,none,0.5,0.5,0.0,False
4063,age,teen,0,Memory,none,0.5,1.0,-0.5,False
4063,age,young,0,Elicit,none,0.2,0.2,0.0,False
4063,age,young,0,Retrieve,none,0.0,0.0,0.0,False
4063,age,young,0,Rank,none,0.0,0.0,0.0,False
4063,age,young,0,Explain,none,0.5,0.5,0.0,False
4063,age,young,0,Memory,none,0.5,1.0,-0.5,False
4063,age,adult,0,Elicit,none,0.2,0.2,0.0,True
4063,age,adult,0,Retrieve,none,0.0,0.0,0.0,True
4063,age,adult,0,Rank,none,0.0,0.0,0.0,True
4063,age,adult,0,Explain,none,0.6666666666666666,0.5,0.16666666666666663,True
4063,age,adult,0,Memory,none,0.5,1.0,-0.5,True
4063,age,teen,1,Elicit,none,0.2,0.2,0.0,False
4063,age,teen,1,Retrieve,none,0.0,0.0,0.0,False
4063,age,teen,1,Rank,none,0.0,0.0,0.0,False
4063,age,teen,1,Explain,none,0.3333333333333333,0.5,-0.16666666666666669,False
4063,age,teen,1,Memory,none,0.3333333333333333,1.0,-0.6666666666666667,False
4063,age,young,1,Elicit,none,0.2,0.2,0.0,False
4063,age,young,1,Retrieve,none,0.0,0.0,0.0,False
4063,age,young,1,Rank,none,0.02124984926547825,0.0,0.02124984926547825,False
4063,age,young,1,Explain,none,0.5,0.5,0.0,False
4063,age,young,1,Memory,none,0.5,1.0,-0.5,False
4063,age,adult,1,Elicit,none,0.2,0.2,0.0,True
4063,age,adult,1,Retrieve,none,0.0,0.0,0.0,True
4063,age,adult,1,Rank,none,0.0,0.0,0.0,True
4063,age,adult,1,Explain,none,0.5,0.5,0.0,True
4063,age,adult,1,Memory,none,0.5,1.0,-0.5,True
4086,age,teen,0,Elicit,Memory,0.06666666666666667,0.06666666666666667,0.0,True
4086,age,teen,0,Retrieve,Memory,0.0,0.01818181818181818,-0.01818181818181818,True
4086,age,teen,0,Rank,Memory,0.04119828272981661,0.0,0.04119828272981661,True
4086,age,teen,0,Explain,Memory,0.75,0.5,0.25,True
4086,age,teen,0,Memory,Memory,0.5,1.0,-0.5,True
4086,age,young,0,Elicit,Memory,0.06666666666666667,0.06666666666666667,0.0,False
4086,age,young,0,Retrieve,Memory,0.0,0.01818181818181818,-0.01818181818181818,False
4086,age,young,0,Rank,Memory,0.0,0.0,0.0,False
4086,age,young,0,Explain,Memory,1.0,0.5,0.5,False
4086,age,young,0,Memory,Memory,1.0,1.0,0.0,False
4086,age,adult,0,Elicit,Memory,0.06666666666666667,0.06666666666666667,0.0,False
4086,age,adult,0,Retrieve,Memory,0.01818181818181818,0.01818181818181818,0.0,False
4086,age,adult,0,Rank,Memory,0.09478836436955079,0.0,0.09478836436955079,False
4086,age,adult,0,Explain,Memory,0.6666666666666666,0.5,0.16666666666666663,False
4086,age,adult,0,Memory,Memory,0.5,1.0,-0.5,False
4086,age,teen,1,Elicit,Memory,0.06666666666666667,0.06666666666666667,0.0,True
4086,age,teen,1,Retrieve,Memory,0.01818181818181818,0.01818181818181818,0.0,True
4086,age,teen,1,Rank,Memory,0.09478836436955079,0.0,0.09478836436955079,True
4086,age,teen,1,Explain,Memory,1.0,0.5,0.5,True
4086,age,teen,1,Memory,Memory,1.0,,,True
4086,age,young,1,Elicit,Memory,0.06666666666666667,0.06666666666666667,0.0,False
4086,age,young,1,Retrieve,Memory,0.01818181818181818,0.01818181818181818,0.0,False
4086,age,young,1,Rank,Memory,0.11004588314904008,0.0,0.11004588314904008,False
4086,age,young,1,Explain,Memory,0.75,0.5,0.25,False
4086,age,young,1,Memory,Memory,1.0,,,False
4086,age,adult,1,Elicit,Memory,0.06666666666666667,0.06666666666666667,0.0,False
4086,age,adult,1,Retrieve,Memory,0.01818181818181818,0.01818181818181818,0.0,False
4086,age,adult,1,Rank,Memory,0.0,0.0,0.0,False
4086,age,adult,1,Explain,Memory,0.5,0.5,0.0,False
4086,age,adult,1,Memory,Memory,0.3333333333333333,,,False
4104,age,teen,0,Elicit,Explain,0.07692307692307693,0.07692307692307693,0.0,False
4104,age,teen,0,Retrieve,Explain,0.0,0.0,0.0,False
4104,age,teen,0,Rank,Explain,0.0,0.0,0.0,False
4104,age,teen,0,Explain,Explain,0.75,0.75,0.0,False
4104,age,teen,0,Memory,Explain,0.5,0.5,0.0,False
4104,age,young,0,Elicit,Explain,0.07692307692307693,0.07692307692307693,0.0,True
4104,age,young,0,Retrieve,Explain,0.0,0.0,0.0,True
4104,age,young,0,Rank,Explain,0.0,0.0,0.0,True
4104,age,young,0,Explain,Explain,0.6666666666666666,0.75,-0.08333333333333337,True
4104,age,young,0,Memory,Explain,0.5,0.5,0.0,True
4104,age,adult,0,Elicit,Explain,0.07692307692307693,0.07692307692307693,0.0,False
4104,age,adult,0,Retrieve,Explain,0.0,0.0,0.0,False
4104,age,adult,0,Rank,Explain,0.045813099152156256,0.0,0.045813099152156256,False
4104,age,adult,0,Explain,Explain,0.5,0.75,-0.25,False
4104,age,adult,0,Memory,Explain,0.5,0.5,0.0,False
4104,age,teen,1,Elicit,Explain,0.07692307692307693,0.07692307692307693,0.0,False
4104,age,teen,1,Retrieve,Explain,0.0,0.0,0.0,False
4104,age,teen,1,Rank,Explain,0.0,0.0,0.0,False
4104,age,teen,1,Explain,Explain,0.5,0.75,-0.25,False
4104,age,teen,1,Memory,Explain,0.5,1.0,-0.5,False
4104,age,young,1,Elicit,Explain,0.07692307692307693,0.07692307692307693,0.0,True
4104,age,young,1,Retrieve,Explain,0.05263157894736842,0.0,0.05263157894736842,True
4104,age,young,1,Rank,Explain,0.059191883572577215,0.0,0.059191883572577215,True
4104,age,young,1,Explain,Explain,0.6666666666666666,0.75,-0.08333333333333337,True
4104,age,young,1,Memory,Explain,0.6666666666666666,1.0,-0.33333333333333337,True
4104,age,adult,1,Elicit,Explain,0.07692307692307693,0.07692307692307693,0.0,False
4104,age,adult,1,Retrieve,Explain,0.0,0.0,0.0,False
4104,age,adult,1,Rank,Explain,0.05316877804537814,0.0,0.05316877804537814,False
4104,age,adult,1,Explain,Explain,0.75,0.75,0.0,False
4104,age,adult,1,Memory,Explain,0.75,1.0,-0.25,False
4145,age,teen,0,Elicit,Rank,0.0,0.0,0.0,False
4145,age,teen,0,Retrieve,Rank,0.0,0.0,0.0,False
4145,age,teen,0,Rank,Rank,0.0,0.0,0.0,False
4145,age,teen,0,Explain,Rank,0.0,0.25,-0.25,False
4145,age,teen,0,Memory,Rank,0.0,0.0,0.0,False
4145,age,young,0,Elicit,Rank,0.0,0.0,0.0,False
4145,age,young,0,Retrieve,Rank,0.0,0.0,0.0,False
4145,age,young,0,Rank,Rank,0.0,0.0,0.0,False
4145,age,young,0,Explain,Rank,0.0,0.25,-0.25,False
4145,age,young,0,Memory,Rank,0.0,0.0,0.0,False
4145,age,adult,0,Elicit,Rank,0.0,0.0,0.0,True
4145,age,adult,0,Retrieve,Rank,0.0,0.0,0.0,True
4145,age,adult,0,Rank,Rank,0.0,0.0,0.0,True
4145,age,adult,0,Explain,Rank,0.0,0.25,-0.25,True
4145,age,adult,0,Memory,Rank,0.0,0.0,0.0,True
4145,age,teen,1,Elicit,Rank,0.0,0.0,0.0,False
4145,age,teen,1,Retrieve,Rank,0.0,0.0,0.0,False
4145,age,teen,1,Rank,Rank,0.0,0.0,0.0,False
4145,age,teen,1,Explain,Rank,0.0,0.0,0.0,False
4145,age,teen,1,Memory,Rank,0.0,0.0,0.0,False
4145,age,young,1,Elicit,Rank,0.0,0.0,0.0,False
4145,age,young,1,Retrieve,Rank,0.0,0.0,0.0,False
4145,age,young,1,Rank,Rank,0.0,0.0,0.0,False
4145,age,young,1,Explain,Rank,0.0,0.0,0.0,False
4145,age,young,1,Memory,Rank,0.0,0.0,0.0,False
4145,age,adult,1,Elicit,Rank,0.0,0.0,0.0,True
4145,age,adult,1,Retrieve,Rank,0.0,0.0,0.0,True
4145,age,adult,1,Rank,Rank,0.0,0.0,0.0,True
4145,age,adult,1,Explain,Rank,0.0,0.0,0.0,True
4145,age,adult,1,Memory,Rank,0.0,0.0,0.0,True
4153,age,teen,0,Elicit,Retrieve,0.0,0.0,0.0,False
4153,age,teen,0,Retrieve,Retrieve,0.0,0.0,0.0,False
4153,age,teen,0,Rank,Retrieve,0.0,0.0,0.0,False
4153,age,teen,0,Explain,Retrieve,0.25,0.3333333333333333,-0.08333333333333331,False
4153,age,teen,0,Memory,Retrieve,0.0,0.0,0.0,False
4153,age,young,0,Elicit,Retrieve,0.0,0.0,0.0,False
4153,age,young,0,Retrieve,Retrieve,0.0,0.0,0.0,False
4153,age,young,0,Rank,Retrieve,0.0,0.0,0.0,False
4153,age,young,0,Explain,Retrieve,0.3333333333333333,0.3333333333333333,0.0,False
4153,age,young,0,Memory,Retrieve,0.0,0.0,0.0,False
4153,age,adult,0,Elicit,Retrieve,0.0,0.0,0.0,True
4153,age,adult,0,Retrieve,Retrieve,0.0,0.0,0.0,True
4153,age,adult,0,Rank,Retrieve,0.0,0.0,0.0,True
4153,age,adult,0,Explain,Retrieve,0.3333333333333333,0.3333333333333333,0.0,True
4153,age,adult,0,Memory,Retrieve,0.0,0.0,0.0,True
4153,age,teen,1,Elicit,Retrieve,0.0,0.0,0.0,False
4153,age,teen,1,Retrieve,Retrieve,0.0,0.0,0.0,False
4153,age,teen,1,Rank,Retrieve,0.0,0.0,0.0,False
4153,age,teen,1,Explain,Retrieve,0.25,0.5,-0.25,False
4153,age,teen,1,Memory,Retrieve,0.0,0.0,0.0,False
4153,age,young,1,Elicit,Retrieve,0.0,0.0,0.0,False
4153,age,young,1,Retrieve,Retrieve,0.0,0.0,0.0,False
4153,age,young,1,Rank,Retrieve,0.0,0.0,0.0,False
4153,age,young,1,Explain,Retrieve,0.5,0.5,0.0,False
4153,age,young,1,Memory,Retrieve,0.0,0.0,0.0,False
4153,age,adult,1,Elicit,Retrieve,0.0,0.0,0.0,True
4153,age,adult,1,Retrieve,Retrieve,0.0,0.0,0.0,True
4153,age,adult,1,Rank,Retrieve,0.0,0.0,0.0,True
4153,age,adult,1,Explain,Retrieve,0.5,0.5,0.0,True
4153,age,adult,1,Memory,Retrieve,0.0,0.0,0.0,True
4242,age,teen,0,Elicit,Retrieve,0.1111111111111111,0.1111111111111111,0.0,False
4242,age,teen,0,Retrieve,Retrieve,0.0,0.0,0.0,False
4242,age,teen,0,Rank,Retrieve,0.0,0.0,0.0,False
4242,age,teen,0,Explain,Retrieve,0.6666666666666666,0.25,0.41666666666666663,False
4242,age,teen,0,Memory,Retrieve,0.5,0.5,0.0,False
4242,age,young,0,Elicit,Retrieve,0.1111111111111111,0.1111111111111111,0.0,False
4242,age,young,0,Retrieve,Retrieve,0.0,0.0,0.0,False
4242,age,young,0,Rank,Retrieve,0.0,0.0,0.0,False
4242,age,young,0,Explain,Retrieve,0.6666666666666666,0.25,0.41666666666666663,False
4242,age,young,0,Memory,Retrieve,1.0,0.5,0.5,False
4242,age,adult,0,Elicit,Retrieve,0.1111111111111111,0.1111111111111111,0.0,True
4242,age,adult,0,Retrieve,Retrieve,0.0,0.0,0.0,True
4242,age,adult,0,Rank,Retrieve,0.0,0.0,0.0,True
4242,age,adult,0,Explain,Retrieve,0.5,0.25,0.25,True
4242,age,adult,0,Memory,Retrieve,0.5,0.5,0.0,True
4242,age,teen,1,Elicit,Retrieve,0.1111111111111111,0.1111111111111111,0.0,False
4242,age,teen,1,Retrieve,Retrieve,0.0,0.0,0.0,False
4242,age,teen,1,Rank,Retrieve,0.0,0.0,0.0,False
4242,age,teen,1,Explain,Retrieve,0.6666666666666666,0.5,0.16666666666666663,False
4242,age,teen,1,Memory,Retrieve,0.6666666666666666,0.5,0.16666666666666663,False
4242,age,young,1,Elicit,Retrieve,0.1111111111111111,0.1111111111111111,0.0,False
4242,age,young,1,Retrieve,Retrieve,0.0,0.0,0.0,False
4242,age,young,1,Rank,Retrieve,0.0,0.0,0.0,False
4242,age,young,1,Explain,Retrieve,0.25,0.5,-0.25,False
4242,age,young,1,Memory,Retrieve,1.0,0.5,0.5,False
4242,age,adult,1,Elicit,Retrieve,0.1111111111111111,0.1111111111111111,0.0,True
4242,age,adult,1,Retrieve,Retrieve,0.0,0.0,0.0,True
4242,age,adult,1,Rank,Retrieve,0.0,0.0,0.0,True
4242,age,adult,1,Explain,Retrieve,0.5,0.5,0.0,True
4242,age,adult,1,Memory,Retrieve,0.5,0.5,0.0,True
4249,age,teen,0,Elicit,Elicit,0.2,0.2,0.0,False
4249,age,teen,0,Retrieve,Elicit,0.0,0.0,0.0,False
4249,age,teen,0,Rank,Elicit,0.0,0.0,0.0,False
4249,age,teen,0,Explain,Elicit,0.6666666666666666,0.5,0.16666666666666663,False
4249,age,teen,0,Memory,Elicit,0.5,1.0,-0.5,False
4249,age,young,0,Elicit,Elicit,0.2,0.2,0.0,True
4249,age,young,0,Retrieve,Elicit,0.0,0.0,0.0,True
4249,age,young,0,Rank,Elicit,0.0,0.0,0.0,True
4249,age,young,0,Explain,Elicit,0.3333333333333333,0.5,-0.16666666666666669,True
4249,age,young,0,Memory,Elicit,1.0,1.0,0.0,True
4249,age,adult,0,Elicit,Elicit,0.2,0.2,0.0,False
4249,age,adult,0,Retrieve,Elicit,0.0,0.0,0.0,False
4249,age,adult,0,Rank,Elicit,0.0,0.0,0.0,False
4249,age,adult,0,Explain,Elicit,0.5,0.5,0.0,False
4249,age,adult,0,Memory,Elicit,0.4,1.0,-0.6,False
4249,age,teen,1,Elicit,Elicit,0.2,0.2,0.0,False
4249,age,teen,1,Retrieve,Elicit,0.0,0.0,0.0,False
4249,age,teen,1,Rank,Elicit,0.0,0.0,0.0,False
4249,age,teen,1,Explain,Elicit,0.25,0.3333333333333333,-0.08333333333333331,False
4249,age,teen,1,Memory,Elicit,0.25,0.5,-0.25,False
4249,age,young,1,Elicit,Elicit,0.2,0.2,0.0,True
4249,age,young,1,Retrieve,Elicit,0.0,0.0,0.0,True
4249,age,young,1,Rank,Elicit,0.0,0.0,0.0,True
4249,age,young,1,Explain,Elicit,0.3333333333333333,0.3333333333333333,0.0,True
4249,age,young,1,Memory,Elicit,0.5,0.5,0.0,True
4249,age,adult,1,Elicit,Elicit,0.2,0.2,0.0,False
4249,age,adult,1,Retrieve,Elicit,0.0,0.0,0.0,False
4249,age,adult,1,Rank,Elicit,0.0,0.0,0.0,False
4249,age,adult,1,Explain,Elicit,0.6666666666666666,0.3333333333333333,0.3333333333333333,False
4249,age,adult,1,Memory,Elicit,0.3333333333333333,0.5,-0.16666666666666669,False
4256,age,teen,0,Elicit,Elicit,0.0,0.0,0.0,True
4256,age,teen,0,Retrieve,Elicit,0.0,0.0,0.0,True
4256,age,teen,0,Rank,Elicit,0.03730406428446549,0.04330867745779232,-0.006004613173326831,True
4256,age,teen,0,Explain,Elicit,0.25,0.0,0.25,True
4256,age,teen,0,Memory,Elicit,0.0,0.0,0.0,True
4256,age,young,0,Elicit,Elicit,0.0,0.0,0.0,False
4256,age,young,0,Retrieve,Elicit,0.0,0.0,0.0,False
4256,age,young,0,Rank,Elicit,0.0,0.04330867745779232,-0.04330867745779232,False
4256,age,young,0,Explain,Elicit,0.0,0.0,0.0,False
4256,age,young,0,Memory,Elicit,0.0,0.0,0.0,False
4256,age,adult,0,Elicit,Elicit,0.0,0.0,0.0,False
4256,age,adult,0,Retrieve,Elicit,0.0,0.0,0.0,False
4256,age,adult,0,Rank,Elicit,0.04330867745779232,0.04330867745779232,0.0,False
4256,age,adult,0,Explain,Elicit,0.0,0.0,0.0,False
4256,age,adult,0,Memory,Elicit,0.0,0.0,0.0,False
4256,age,teen,1,Elicit,Elicit,0.0,0.0,0.0,True
4256,age,teen,1,Retrieve,Elicit,0.0,0.0,0.0,True
4256,age,teen,1,Rank,Elicit,0.0,0.0,0.0,True
4256,age,teen,1,Explain,Elicit,0.25,0.25,0.0,True
4256,age,teen,1,Memory,Elicit,0.0,0.25,-0.25,True
4256,age,young,1,Elicit,Elicit,0.0,0.0,0.0,False
4256,age,young,1,Retrieve,Elicit,0.0,0.0,0.0,False
4256,age,young,1,Rank,Elicit,0.028872451638528217,0.0,0.028872451638528217,False
4256,age,young,1,Explain,Elicit,0.0,0.25,-0.25,False
4256,age,young,1,Memory,Elicit,0.0,0.25,-0.25,False
4256,age,adult,1,Elicit,Elicit,0.0,0.0,0.0,False
4256,age,adult,1,Retrieve,Elicit,0.0,0.0,0.0,False
4256,age,adult,1,Rank,Elicit,0.033508166904324545,0.0,0.033508166904324545,False
4256,age,adult,1,Explain,Elicit,0.0,0.25,-0.25,False
4256,age,adult,1,Memory,Elicit,0.0,0.25,-0.25,False
4319,age,teen,0,Elicit,Rank,0.14285714285714285,0.14285714285714285,0.0,False
4319,age,teen,0,Retrieve,Rank,0.0,0.0,0.0,False
4319,age,teen,0,Rank,Rank,0.0,0.0,0.0,False
4319,age,teen,0,Explain,Rank,0.3333333333333333,0.3333333333333333,0.0,False
4319,age,teen,0,Memory,Rank,1.0,1.0,0.0,False
4319,age,young,0,Elicit,Rank,0.14285714285714285,0.14285714285714285,0.0,False
4319,age,young,0,Retrieve,Rank,0.14285714285714285,0.0,0.14285714285714285,False
4319,age,young,0,Rank,Rank,0.13012426554775194,0.0,0.13012426554775194,False
4319,age,young,0,Explain,Rank,0.5,0.3333333333333333,0.16666666666666669,False
4319,age,young,0,Memory,Rank,0.6666666666666666,1.0,-0.33333333333333337,False
4319,age,adult,0,Elicit,Rank,0.14285714285714285,0.14285714285714285,0.0,True
4319,age,adult,0,Retrieve,Rank,0.0,0.0,0.0,True
4319,age,adult,0,Rank,Rank,0.0,0.0,0.0,True
4319,age,adult,0,Explain,Rank,0.0,0.3333333333333333,-0.3333333333333333,True
4319,age,adult,0,Memory,Rank,0.3333333333333333,1.0,-0.6666666666666667,True
4319,age,teen,1,Elicit,Rank,0.14285714285714285,0.14285714285714285,0.0,False
4319,age,teen,1,Retrieve,Rank,0.0,0.14285714285714285,-0.14285714285714285,False
4319,age,teen,1,Rank,Rank,0.0,0.07834261418723701,-0.07834261418723701,False
4319,age,teen,1,Explain,Rank,0.5,0.5,0.0,False
4319,age,teen,1,Memory,Rank,0.3333333333333333,1.0,-0.6666666666666667,False
4319,age,young,1,Elicit,Rank,0.14285714285714285,0.14285714285714285,0.0,False
4319,age,young,1,Retrieve,Rank,0.0,0.14285714285714285,-0.14285714285714285,False
4319,age,young,1,Rank,Rank,0.0,0.07834261418723701,-0.07834261418723701,False
4319,age,young,1,Explain,Rank,0.5,0.5,0.0,False
4319,age,young,1,Memory,Rank,1.0,1.0,0.0,False
4319,age,adult,1,Elicit,Rank,0.14285714285714285,0.14285714285714285,0.0,True
4319,age,adult,1,Retrieve,Rank,0.14285714285714285,0.14285714285714285,0.0,True
4319,age,adult,1,Rank,Rank,0.0,0.07834261418723701,-0.07834261418723701,True
4319,age,adult,1,Explain,Rank,0.5,0.5,0.0,True
4319,age,adult,1,Memory,Rank,0.5,1.0,-0.5,True
4376,sex,man,0,Elicit,Retrieve,0.125,0.125,0.0,False
4376,sex,man,0,Retrieve,Retrieve,0.0,0.25,-0.25,False
4376,sex,man,0,Rank,Retrieve,0.0,0.0,0.0,False
4376,sex,man,0,Explain,Retrieve,0.6666666666666666,0.5,0.16666666666666663,False
4376,sex,man,0,Memory,Retrieve,0.6666666666666666,1.0,-0.33333333333333337,False
4376,sex,woman,0,Elicit,Retrieve,0.125,0.125,0.0,True
4376,sex,woman,0,Retrieve,Retrieve,0.0,0.25,-0.25,True
4376,sex,woman,0,Rank,Retrieve,0.0945879896622722,0.0,0.0945879896622722,True
4376,sex,woman,0,Explain,Retrieve,0.5,0.5,0.0,True
4376,sex,woman,0,Memory,Retrieve,1.0,1.0,0.0,True
4376,sex,man,1,Elicit,Retrieve,0.125,0.125,0.0,False
4376,sex,man,1,Retrieve,Retrieve,0.0,0.25,-0.25,False
4376,sex,man,1,Rank,Retrieve,0.0,0.0,0.0,False
4376,sex,man,1,Explain,Retrieve,0.5,0.5,0.0,False
4376,sex,man,1,Memory,Retrieve,0.3333333333333333,0.5,-0.16666666666666669,False
4376,sex,woman,1,Elicit,Retrieve,0.125,0.125,0.0,True
4376,sex,woman,1,Retrieve,Retrieve,0.0,0.25,-0.25,True
4376,sex,woman,1,Rank,Retrieve,0.0,0.0,0.0,True
4376,sex,woman,1,Explain,Retrieve,0.5,0.5,0.0,True
4376,sex,woman,1,Memory,Retrieve,0.5,0.5,0.0,True
4478,age,teen,0,Elicit,Elicit,0.08333333333333333,0.08333333333333333,0.0,True
4478,age,teen,0,Retrieve,Elicit,0.047619047619047616,0.047619047619047616,0.0,True
4478,age,teen,0,Rank,Elicit,0.0,0.06895494172724236,-0.06895494172724236,True
4478,age,teen,0,Explain,Elicit,0.6666666666666666,0.5,0.16666666666666663,True
4478,age,teen,0,Memory,Elicit,1.0,0.5,0.5,True
4478,age,young,0,Elicit,Elicit,0.08333333333333333,0.08333333333333333,0.0,False
4478,age,young,0,Retrieve,Elicit,0.047619047619047616,0.047619047619047616,0.0,False
4478,age,young,0,Rank,Elicit,0.0767663473286759,0.06895494172724236,0.007811405601433549,False
4478,age,young,0,Explain,Elicit,0.5,0.5,0.0,False
4478,age,young,0,Memory,Elicit,0.5,0.5,0.0,False
4478,age,adult,0,Elicit,Elicit,0.08333333333333333,0.08333333333333333,0.0,False
4478,age,adult,0,Retrieve,Elicit,0.047619047619047616,0.047619047619047616,0.0,False
4478,age,adult,0,Rank,Elicit,0.1124606661187456,0.06895494172724236,0.04350572439150324,False
4478,age,adult,0,Explain,Elicit,0.5,0.5,0.0,False
4478,age,adult,0,Memory,Elicit,0.5,0.5,0.0,False
4478,age,teen,1,Elicit,Elicit,0.08333333333333333,0.08333333333333333,0.0,True
4478,age,teen,1,Retrieve,Elicit,0.047619047619047616,0.047619047619047616,0.0,True
4478,age,teen,1,Rank,Elicit,0.051524631284530706,0.0,0.051524631284530706,True
4478,age,teen,1,Explain,Elicit,0.75,0.75,0.0,True
4478,age,teen,1,Memory,Elicit,1.0,0.5,0.5,True
4478,age,young,1,Elicit,Elicit,0.08333333333333333,0.08333333333333333,0.0,False
4478,age,young,1,Retrieve,Elicit,0.047619047619047616,0.047619047619047616,0.0,False
4478,age,young,1,Rank,Elicit,0.1124606661187456,0.0,0.1124606661187456,False
4478,age,young,1,Explain,Elicit,0.6666666666666666,0.75,-0.08333333333333337,False
4478,age,young,1,Memory,Elicit,0.6666666666666666,0.5,0.16666666666666663,False
4478,age,adult,1,Elicit,Elicit,0.08333333333333333,0.08333333333333333,0.0,False
4478,age,adult,1,Retrieve,Elicit,0.047619047619047616,0.047619047619047616,0.0,False
4478,age,adult,1,Rank,Elicit,0.05941531286811133,0.0,0.05941531286811133,False
4478,age,adult,1,Explain,Elicit,0.5,0.75,-0.25,False
4478,age,adult,1,Memory,Elicit,1.0,0.5,0.5,False
4497,age,teen,0,Elicit,none,0.07142857142857142,0.07142857142857142,0.0,False
4497,age,teen,0,Retrieve,none,0.0136986301369863,0.0,0.0136986301369863,False
4497,age,teen,0,Rank,none,0.06943122193677727,0.0,0.06943122193677727,False
4497,age,teen,0,Explain,none,0.5,0.5,0.0,False
4497,age,teen,0,Memory,none,0.5,0.5,0.0,False
4497,age,young,0,Elicit,none,0.07142857142857142,0.07142857142857142,0.0,False
4497,age,young,0,Retrieve,none,0.0,0.0,0.0,False
4497,age,young,0,Rank,none,0.0,0.0,0.0,False
4497,age,young,0,Explain,none,1.0,0.5,0.5,False
4497,age,young,0,Memory,none,0.5,0.5,0.0,False
4497,age,adult,0,Elicit,none,0.07142857142857142,0.07142857142857142,0.0,True
4497,age,adult,0,Retrieve,none,0.0,0.0,0.0,True
4497,age,adult,0,Rank,none,0.0,0.0,0.0,True
4497,age,adult,0,Explain,none,1.0,0.5,0.5,True
4497,age,adult,0,Memory,none,0.3333333333333333,0.5,-0.16666666666666669,True
4497,age,teen,1,Elicit,none,0.07142857142857142,0.07142857142857142,0.0,False
4497,age,teen,1,Retrieve,none,0.0,0.0136986301369863,-0.0136986301369863,False
4497,age,teen,1,Rank,none,0.085143117641621,0.13886244387355454,-0.05371932623193354,False
4497,age,teen,1,Explain,none,0.6666666666666666,0.75,-0.08333333333333337,False
4497,age,teen,1,Memory,none,1.0,0.5,0.5,False
4497,age,young,1,Elicit,none,0.07142857142857142,0.07142857142857142,0.0,False
4497,age,young,1,Retrieve,none,0.0136986301369863,0.0136986301369863,0.0,False
4497,age,young,1,Rank,none,0.07839826897867533,0.13886244387355454,-0.06046417489487921,False
4497,age,young,1,Explain,none,0.5,0.75,-0.25,False
4497,age,young,1,Memory,none,0.5,0.5,0.0,False
4497,age,adult,1,Elicit,none,0.07142857142857142,0.07142857142857142,0.0,True
4497,age,adult,1,Retrieve,none,0.0,0.0136986301369863,-0.0136986301369863,True
4497,age,adult,1,Rank,none,0.0,0.13886244387355454,-0.13886244387355454,True
4497,age,adult,1,Explain,none,1.0,0.75,0.25,True
4497,age,adult,1,Memory,none,1.0,0.5,0.5,True
4529,sex,man,0,Elicit,Explain,0.3333333333333333,0.3333333333333333,0.0,True
4529,sex,man,0,Retrieve,Explain,0.0,0.0,0.0,True
4529,sex,man,0,Rank,Explain,0.0,0.0,0.0,True
4529,sex,man,0,Explain,Explain,0.5,0.3333333333333333,0.16666666666666669,True
4529,sex,man,0,Memory,Explain,0.5,0.5,0.0,True
4529,sex,woman,0,Elicit,Explain,0.3333333333333333,0.3333333333333333,0.0,False
4529,sex,woman,0,Retrieve,Explain,0.0,0.0,0.0,False
4529,sex,woman,0,Rank,Explain,0.0,0.0,0.0,False
4529,sex,woman,0,Explain,Explain,0.25,0.3333333333333333,-0.08333333333333331,False
4529,sex,woman,0,Memory,Explain,0.5,0.5,0.0,False
4529,sex,man,1,Elicit,Explain,0.3333333333333333,0.3333333333333333,0.0,True
4529,sex,man,1,Retrieve,Explain,0.0,0.0,0.0,True
4529,sex,man,1,Rank,Explain,0.0,0.0,0.0,True
4529,sex,man,1,Explain,Explain,0.75,0.5,0.25,True
4529,sex,man,1,Memory,Explain,0.5,1.0,-0.5,True
4529,sex,woman,1,Elicit,Explain,0.3333333333333333,0.3333333333333333,0.0,False
4529,sex,woman,1,Retrieve,Explain,0.0,0.0,0.0,False
4529,sex,woman,1,Rank,Explain,0.0,0.0,0.0,False
4529,sex,woman,1,Explain,Explain,0.25,0.5,-0.25,False
4529,sex,woman,1,Memory,Explain,0.25,1.0,-0.75,False
4569,age,teen,0,Elicit,Elicit,0.16666666666666666,0.16666666666666666,0.0,False
4569,age,teen,0,Retrieve,Elicit,0.14285714285714285,0.0,0.14285714285714285,False
4569,age,teen,0,Rank,Elicit,0.10606244813674065,0.0,0.10606244813674065,False
4569,age,teen,0,Explain,Elicit,0.75,0.6666666666666666,0.08333333333333337,False
4569,age,teen,0,Memory,Elicit,0.3333333333333333,0.5,-0.16666666666666669,False
4569,age,young,0,Elicit,Elicit,0.16666666666666666,0.16666666666666666,0.0,True
4569,age,young,0,Retrieve,Elicit,0.0,0.0,0.0,True
4569,age,young,0,Rank,Elicit,0.0,0.0,0.0,True
4569,age,young,0,Explain,Elicit,0.75,0.6666666666666666,0.08333333333333337,True
4569,age,young,0,Memory,Elicit,0.5,0.5,0.0,True
4569,age,adult,0,Elicit,Elicit,0.16666666666666666,0.16666666666666666,0.0,False
4569,age,adult,0,Retrieve,Elicit,0.0,0.0,0.0,False
4569,age,adult,0,Rank,Elicit,0.0,0.0,0.0,False
4569,age,adult,0,Explain,Elicit,0.5,0.6666666666666666,-0.16666666666666663,False
4569,age,adult,0,Memory,Elicit,0.5,0.5,0.0,False
4569,age,teen,1,Elicit,Elicit,0.16666666666666666,0.16666666666666666,0.0,False
4569,age,teen,1,Retrieve,Elicit,0.0,0.0,0.0,False
4569,age,teen,1,Rank,Elicit,0.0,0.0,0.0,False
4569,age,teen,1,Explain,Elicit,0.75,0.6666666666666666,0.08333333333333337,False
4569,age,teen,1,Memory,Elicit,0.75,1.0,-0.25,False
4569,age,young,1,Elicit,Elicit,0.16666666666666666,0.16666666666666666,0.0,True
4569,age,young,1,Retrieve,Elicit,0.0,0.0,0.0,True
4569,age,young,1,Rank,Elicit,0.0,0.0,0.0,True
4569,age,young,1,Explain,Elicit,0.75,0.6666666666666666,0.08333333333333337,True
4569,age,young,1,Memory,Elicit,0.5,1.0,-0.5,True
4569,age,adult,1,Elicit,Elicit,0.16666666666666666,0.16666666666666666,0.0,False
4569,age,adult,1,Retrieve,Elicit,0.0,0.0,0.0,False
4569,age,adult,1,Rank,Elicit,0.0,0.0,0.0,False
4569,age,adult,1,Explain,Elicit,0.3333333333333333,0.6666666666666666,-0.3333333333333333,False
4569,age,adult,1,Memory,Elicit,0.3333333333333333,1.0,-0.6666666666666667,False
4572,sex,man,0,Elicit,Elicit,0.16666666666666666,0.16666666666666666,0.0,False
4572,sex,man,0,Retrieve,Elicit,0.0,0.0,0.0,False
4572,sex,man,0,Rank,Elicit,0.0,0.0,0.0,False
4572,sex,man,0,Explain,Elicit,0.75,0.75,0.0,False
4572,sex,man,0,Memory,Elicit,0.5,0.75,-0.25,False
4572,sex,woman,0,Elicit,Elicit,0.16666666666666666,0.16666666666666666,0.0,True
4572,sex,woman,0,Retrieve,Elicit,0.0,0.0,0.0,True
4572,sex,woman,0,Rank,Elicit,0.0,0.0,0.0,True
4572,sex,woman,0,Explain,Elicit,0.75,0.75,0.0,True
4572,sex,woman,0,Memory,Elicit,0.5,0.75,-0.25,True
4572,sex,man,1,Elicit,Elicit,0.16666666666666666,0.16666666666666666,0.0,False
4572,sex,man,1,Retrieve,Elicit,0.0,0.0,0.0,False
4572,sex,man,1,Rank,Elicit,0.0,0.0,0.0,False
4572,sex,man,1,Explain,Elicit,0.25,0.75,-0.5,False
4572,sex,man,1,Memory,Elicit,,1.0,,False
4572,sex,woman,1,Elicit,Elicit,0.16666666666666666,0.16666666666666666,0.0,True
4572,sex,woman,1,Retrieve,Elicit,0.0,0.0,0.0,True
4572,sex,woman,1,Rank,Elicit,0.0,0.0,0.0,True
4572,sex,woman,1,Explain,Elicit,0.75,0.75,0.0,True
4572,sex,woman,1,Memory,Elicit,0.3333333333333333,1.0,-0.6666666666666667,True
4589,age,teen,0,Elicit,Explain,0.14285714285714285,0.14285714285714285,0.0,False
4589,age,teen,0,Retrieve,Explain,0.047619047619047616,0.047619047619047616,0.0,False
4589,age,teen,0,Rank,Explain,0.085143117641621,0.07839826897867533,0.006744848662945668,False
4589,age,teen,0,Explain,Explain,0.3333333333333333,0.25,0.08333333333333331,False
4589,age,teen,0,Memory,Explain,0.5,,,False
4589,age,young,0,Elicit,Explain,0.14285714285714285,0.14285714285714285,0.0,True
4589,age,young,0,Retrieve,Explain,0.047619047619047616,0.047619047619047616,0.0,True
4589,age,young,0,Rank,Explain,0.085143117641621,0.07839826897867533,0.006744848662945668,True
4589,age,young,0,Explain,Explain,0.25,0.25,0.0,True
4589,age,young,0,Memory,Explain,0.5,,,True
4589,age,adult,0,Elicit,Explain,0.14285714285714285,0.14285714285714285,0.0,False
4589,age,adult,0,Retrieve,Explain,0.0,0.047619047619047616,-0.047619047619047616,False
4589,age,adult,0,Rank,Explain,0.0,0.07839826897867533,-0.07839826897867533,False
4589,age,adult,0,Explain,Explain,1.0,0.25,0.75,False
4589,age,adult,0,Memory,Explain,0.5,,,False
4589,age,teen,1,Elicit,Explain,0.14285714285714285,0.14285714285714285,0.0,False
4589,age,teen,1,Retrieve,Explain,0.047619047619047616,0.047619047619047616,0.0,False
4589,age,teen,1,Rank,Explain,0.07336392209936006,0.06625422345438904,0.007109698644971019,False
4589,age,teen,1,Explain,Explain,0.3333333333333333,0.25,0.08333333333333331,False
4589,age,teen,1,Memory,Explain,1.0,1.0,0.0,False
4589,age,young,1,Elicit,Explain,0.14285714285714285,0.14285714285714285,0.0,True
4589,age,young,1,Retrieve,Explain,0.047619047619047616,0.047619047619047616,0.0,True
4589,age,young,1,Rank,Explain,0.06943122193677727,0.06625422345438904,0.003176998482388227,True
4589,age,young,1,Explain,Explain,0.25,0.25,0.0,True
4589,age,young,1,Memory,Explain,0.5,1.0,-0.5,True
4589,age,adult,1,Elicit,Explain,0.14285714285714285,0.14285714285714285,0.0,False
4589,age,adult,1,Retrieve,Explain,0.047619047619047616,0.047619047619047616,0.0,False
4589,age,adult,1,Rank,Explain,0.09478836436955079,0.06625422345438904,0.02853414091516175,False
4589,age,adult,1,Explain,Explain,0.25,0.25,0.0,False
4589,age,adult,1,Memory,Explain,,1.0,,False
4615,sex,man,0,Elicit,Rank,0.1,0.1,0.0,True
4615,sex,man,0,Retrieve,Rank,0.0,0.0,0.0,True
4615,sex,man,0,Rank,Rank,0.0,0.0,0.0,True
4615,sex,man,0,Explain,Rank,0.6666666666666666,0.6666666666666666,0.0,True
4615,sex,man,0,Memory,Rank,0.3333333333333333,1.0,-0.6666666666666667,True
4615,sex,woman,0,Elicit,Rank,0.1,0.1,0.0,False
4615,sex,woman,0,Retrieve,Rank,0.0,0.0,0.0,False
4615,sex,woman,0,Rank,Rank,0.0,0.0,0.0,False
4615,sex,woman,0,Explain,Rank,0.6666666666666666,0.6666666666666666,0.0,False
4615,sex,woman,0,Memory,Rank,0.5,1.0,-0.5,False
4615,sex,man,1,Elicit,Rank,0.1,0.1,0.0,True
4615,sex,man,1,Retrieve,Rank,0.0,0.0,0.0,True
4615,sex,man,1,Rank,Rank,0.0,0.0,0.0,True
4615,sex,man,1,Explain,Rank,0.5,1.0,-0.5,True
4615,sex,man,1,Memory,Rank,0.3333333333333333,1.0,-0.6666666666666667,True
4615,sex,woman,1,Elicit,Rank,0.1,0.1,0.0,False
4615,sex,woman,1,Retrieve,Rank,0.0,0.0,0.0,False
4615,sex,woman,1,Rank,Rank,0.0,0.0,0.0,False
4615,sex,woman,1,Explain,Rank,1.0,1.0,0.0,False
4615,sex,woman,1,Memory,Rank,1.0,1.0,0.0,False
4666,age,teen,0,Elicit,Rank,0.06666666666666667,0.06666666666666667,0.0,False
4666,age,teen,0,Retrieve,Rank,0.0,0.0,0.0,False
4666,age,teen,0,Rank,Rank,0.0,0.0,0.0,False
4666,age,teen,0,Explain,Rank,0.75,0.3333333333333333,0.4166666666666667,False
4666,age,teen,0,Memory,Rank,,1.0,,False
4666,age,young,0,Elicit,Rank,0.06666666666666667,0.06666666666666667,0.0,False
4666,age,young,0,Retrieve,Rank,0.0,0.0,0.0,False
4666,age,young,0,Rank,Rank,0.0,0.0,0.0,False
4666,age,young,0,Explain,Rank,0.5,0.3333333333333333,0.16666666666666669,False
4666,age,young,0,Memory,Rank,0.5,1.0,-0.5,False
4666,age,adult,0,Elicit,Rank,0.06666666666666667,0.06666666666666667,0.0,True
4666,age,adult,0,Retrieve,Rank,0.0,0.0,0.0,True
4666,age,adult,0,Rank,Rank,0.0,0.0,0.0,True
4666,age,adult,0,Explain,Rank,0.5,0.3333333333333333,0.16666666666666669,True
4666,age,adult,0,Memory,Rank,0.3333333333333333,1.0,-0.6666666666666667,True
4666,age,teen,1,Elicit,Rank,0.06666666666666667,0.06666666666666667,0.0,False
4666,age,teen,1,Retrieve,Rank,0.0,0.0,0.0,False
4666,age,teen,1,Rank,Rank,0.0,0.0,0.0,False
4666,age,teen,1,Explain,Rank,0.75,0.75,0.0,False
4666,age,teen,1,Memory,Rank,0.5,1.0,-0.5,False
4666,age,young,1,Elicit,Rank,0.06666666666666667,0.06666666666666667,0.0,False
4666,age,young,1,Retrieve,Rank,0.0,0.0,0.0,False
4666,age,young,1,Rank,Rank,0.0,0.0,0.0,False
4666,age,young,1,Explain,Rank,1.0,0.75,0.25,False
4666,age,young,1,Memory,Rank,0.5,1.0,-0.5,False
4666,age,adult,1,Elicit,Rank,0.06666666666666667,0.06666666666666667,0.0,True
4666,age,adult,1,Retrieve,Rank,0.0,0.0,0.0,True
4666,age,adult,1,Rank,Rank,0.0,0.0,0.0,True
4666,age,adult,1,Explain,Rank,0.5,0.75,-0.25,True
4666,age,adult,1,Memory,Rank,0.5,1.0,-0.5,True
4668,sex,man,0,Elicit,Retrieve,0.125,0.125,0.0,True
4668,sex,man,0,Retrieve,Retrieve,0.3333333333333333,0.16666666666666666,0.16666666666666666,True
4668,sex,man,0,Rank,Retrieve,0.19467257505389954,0.0,0.19467257505389954,True
4668,sex,man,0,Explain,Retrieve,0.75,0.5,0.25,True
4668,sex,man,0,Memory,Retrieve,0.5,1.0,-0.5,True
4668,sex,woman,0,Elicit,Retrieve,0.125,0.125,0.0,False
4668,sex,woman,0,Retrieve,Retrieve,0.16666666666666666,0.16666666666666666,0.0,False
4668,sex,woman,0,Rank,Retrieve,0.20771390524486832,0.0,0.20771390524486832,False
4668,sex,woman,0,Explain,Retrieve,0.3333333333333333,0.5,-0.16666666666666669,False
4668,sex,woman,0,Memory,Retrieve,,1.0,,False
4668,sex,man,1,Elicit,Retrieve,0.125,0.125,0.0,True
4668,sex,man,1,Retrieve,Retrieve,0.0,0.16666666666666666,-0.16666666666666666,True
4668,sex,man,1,Rank,Retrieve,0.0,0.20771390524486832,-0.20771390524486832,True
4668,sex,man,1,Explain,Retrieve,0.3333333333333333,0.3333333333333333,0.0,True
4668,sex,man,1,Memory,Retrieve,0.5,0.5,0.0,True
4668,sex,woman,1,Elicit,Retrieve,0.125,0.125,0.0,False
4668,sex,woman,1,Retrieve,Retrieve,0.16666666666666666,0.16666666666666666,0.0,False
4668,sex,woman,1,Rank,Retrieve,0.0,0.20771390524486832,-0.20771390524486832,False
4668,sex,woman,1,Explain,Retrieve,0.3333333333333333,0.3333333333333333,0.0,False
4668,sex,woman,1,Memory,Retrieve,1.0,0.5,0.5,False
4671,sex,man,0,Elicit,Explain,0.09090909090909091,0.09090909090909091,0.0,True
4671,sex,man,0,Retrieve,Explain,0.0,0.03225806451612903,-0.03225806451612903,True
4671,sex,man,0,Rank,Explain,0.0,0.06260210694229582,-0.06260210694229582,True
4671,sex,man,0,Explain,Explain,0.75,0.5,0.25,True
4671,sex,man,0,Memory,Explain,0.5,1.0,-0.5,True
4671,sex,woman,0,Elicit,Explain,0.09090909090909091,0.09090909090909091,0.0,False
4671,sex,woman,0,Retrieve,Explain,0.03225806451612903,0.03225806451612903,0.0,False
4671,sex,woman,0,Rank,Explain,0.05324800797534198,0.06260210694229582,-0.009354098966953835,False
4671,sex,woman,0,Explain,Explain,0.75,0.5,0.25,False
4671,sex,woman,0,Memory,Explain,0.5,1.0,-0.5,False
4671,sex,man,1,Elicit,Explain,0.09090909090909091,0.09090909090909091,0.0,True
4671,sex,man,1,Retrieve,Explain,0.0,0.0,0.0,True
4671,sex,man,1,Rank,Explain,0.0,0.0,0.0,True
4671,sex,man,1,Explain,Explain,0.75,0.3333333333333333,0.4166666666666667,True
4671,sex,man,1,Memory,Explain,0.5,0.3333333333333333,0.16666666666666669,True
4671,sex,woman,1,Elicit,Explain,0.09090909090909091,0.09090909090909091,0.0,False
4671,sex,woman,1,Retrieve,Explain,0.03225806451612903,0.0,0.03225806451612903,False
4671,sex,woman,1,Rank,Explain,0.049698140776985845,0.0,0.049698140776985845,False
4671,sex,woman,1,Explain,Explain,0.6666666666666666,0.3333333333333333,0.3333333333333333,False
4671,sex,woman,1,Memory,Explain,0.5,0.3333333333333333,0.16666666666666669,False
4728,age,teen,0,Elicit,none,0.09090909090909091,0.09090909090909091,0.0,False
4728,age,teen,0,Retrieve,none,0.0,0.0,0.0,False
4728,age,teen,0,Rank,none,0.0,0.028732302055834057,-0.028732302055834057,False
4728,age,teen,0,Explain,none,0.5,0.5,0.0,False
4728,age,teen,0,Memory,none,1.0,1.0,0.0,False
4728,age,young,0,Elicit,none,0.09090909090909091,0.09090909090909091,0.0,True
4728,age,young,0,Retrieve,none,0.0,0.0,0.0,True
4728,age,young,0,Rank,none,0.0,0.028732302055834057,-0.028732302055834057,True
4728,age,young,0,Explain,none,0.75,0.5,0.25,True
4728,age,young,0,Memory,none,0.6,1.0,-0.4,True
4728,age,adult,0,Elicit,none,0.09090909090909091,0.09090909090909091,0.0,False
4728,age,adult,0,Retrieve,none,0.0,0.0,0.0,False
4728,age,adult,0,Rank,none,0.04686036631146212,0.028732302055834057,0.018128064255628063,False
4728,age,adult,0,Explain,none,0.75,0.5,0.25,False
4728,age,adult,0,Memory,none,1.0,1.0,0.0,False
4728,age,teen,1,Elicit,none,0.09090909090909091,0.09090909090909091,0.0,False
4728,age,teen,1,Retrieve,none,0.0,0.0,0.0,False
4728,age,teen,1,Rank,none,0.07427192337372442,0.03198717632008642,0.042284747053637994,False
4728,age,teen,1,Explain,none,0.75,0.6666666666666666,0.08333333333333337,False
4728,age,teen,1,Memory,none,0.5,1.0,-0.5,False
4728,age,young,1,Elicit,none,0.09090909090909091,0.09090909090909091,0.0,True
4728,age,young,1,Retrieve,none,0.0,0.0,0.0,True
4728,age,young,1,Rank,none,0.07427192337372442,0.03198717632008642,0.042284747053637994,True
4728,age,young,1,Explain,none,0.75,0.6666666666666666,0.08333333333333337,True
4728,age,young,1,Memory,none,0.5,1.0,-0.5,True
4728,age,adult,1,Elicit,none,0.09090909090909091,0.09090909090909091,0.0,False
4728,age,adult,1,Retrieve,none,0.0,0.0,0.0,False
4728,age,adult,1,Rank,none,0.022358076771147803,0.03198717632008642,-0.009629099548938619,False
4728,age,adult,1,Explain,none,0.5,0.6666666666666666,-0.16666666666666663,False
4728,age,adult,1,Memory,none,1.0,1.0,0.0,False
4754,age,teen,0,Elicit,Explain,0.08333333333333333,0.08333333333333333,0.0,False
4754,age,teen,0,Retrieve,Explain,0.0,0.0,0.0,False
4754,age,teen,0,Rank,Explain,0.0,0.0,0.0,False
4754,age,teen,0,Explain,Explain,0.75,0.5,0.25,False
4754,age,teen,0,Memory,Explain,0.5,1.0,-0.5,False
4754,age,young,0,Elicit,Explain,0.08333333333333333,0.08333333333333333,0.0,True
4754,age,young,0,Retrieve,Explain,0.0,0.0,0.0,True
4754,age,young,0,Rank,Explain,0.0,0.0,0.0,True
4754,age,young,0,Explain,Explain,0.75,0.5,0.25,True
4754,age,young,0,Memory,Explain,0.5,1.0,-0.5,True
4754,age,adult,0,Elicit,Explain,0.08333333333333333,0.08333333333333333,0.0,False
4754,age,adult,0,Retrieve,Explain,0.0,0.0,0.0,False
4754,age,adult,0,Rank,Explain,0.0,0.0,0.0,False
4754,age,adult,0,Explain,Explain,0.75,0.5,0.25,False
4754,age,adult,0,Memory,Explain,1.0,1.0,0.0,False
4754,age,teen,1,Elicit,Explain,0.08333333333333333,0.08333333333333333,0.0,False
4754,age,teen,1,Retrieve,Explain,0.0,0.0,0.0,False
4754,age,teen,1,Rank,Explain,0.0,0.0,0.0,False
4754,age,teen,1,Explain,Explain,0.75,0.75,0.0,False
4754,age,teen,1,Memory,Explain,0.5,1.0,-0.5,False
4754,age,young,1,Elicit,Explain,0.08333333333333333,0.08333333333333333,0.0,True
4754,age,young,1,Retrieve,Explain,0.0,0.0,0.0,True
4754,age,young,1,Rank,Explain,0.0,0.0,0.0,True
4754,age,young,1,Explain,Explain,0.5,0.75,-0.25,True
4754,age,young,1,Memory,Explain,0.5,1.0,-0.5,True
4754,age,adult,1,Elicit,Explain,0.08333333333333333,0.08333333333333333,0.0,False
4754,age,adult,1,Retrieve,Explain,0.0,0.0,0.0,False
4754,age,adult,1,Rank,Explain,0.0,0.0,0.0,False
4754,age,adult,1,Explain,Explain,0.5,0.75,-0.25,False
4754,age,adult,1,Memory,Explain,0.5,1.0,-0.5,False
4834,sex,man,0,Elicit,none,0.058823529411764705,0.058823529411764705,0.0,False
4834,sex,man,0,Retrieve,none,0.024390243902439025,0.07317073170731707,-0.048780487804878044,False
4834,sex,man,0,Rank,none,0.17619149906932527,0.19103133531980687,-0.014839836250481603,False
4834,sex,man,0,Explain,none,0.75,0.5,0.25,False
4834,sex,man,0,Memory,none,0.5,1.0,-0.5,False
4834,sex,woman,0,Elicit,none,0.058823529411764705,0.058823529411764705,0.0,True
4834,sex,woman,0,Retrieve,none,0.024390243902439025,0.07317073170731707,-0.048780487804878044,True
4834,sex,woman,0,Rank,none,0.16228351103816105,0.19103133531980687,-0.028747824281645823,True
4834,sex,woman,0,Explain,none,0.3333333333333333,0.5,-0.16666666666666669,True
4834,sex,woman,0,Memory,none,0.5,1.0,-0.5,True
4834,sex,man,1,Elicit,none,0.058823529411764705,0.058823529411764705,0.0,False
4834,sex,man,1,Retrieve,none,0.024390243902439025,0.04878048780487805,-0.024390243902439025,False
4834,sex,man,1,Rank,none,0.10665014177725723,0.27881914515919454,-0.1721690033819373,False
4834,sex,man,1,Explain,none,0.6666666666666666,0.5,0.16666666666666663,False
4834,sex,man,1,Memory,none,0.3333333333333333,0.5,-0.16666666666666669,False
4834,sex,woman,1,Elicit,none,0.058823529411764705,0.058823529411764705,0.0,True
4834,sex,woman,1,Retrieve,none,0.024390243902439025,0.04878048780487805,-0.024390243902439025,True
4834,sex,woman,1,Rank,none,0.07489587389347414,0.27881914515919454,-0.2039232712657204,True
4834,sex,woman,1,Explain,none,0.5,0.5,0.0,True
4834,sex,woman,1,Memory,none,0.25,0.5,-0.25,True
4921,age,teen,0,Elicit,Explain,0.09090909090909091,0.09090909090909091,0.0,False
4921,age,teen,0,Retrieve,Explain,0.0,0.0,0.0,False
4921,age,teen,0,Rank,Explain,0.0,0.0,0.0,False
4921,age,teen,0,Explain,Explain,0.5,0.25,0.25,False
4921,age,teen,0,Memory,Explain,1.0,0.5,0.5,False
4921,age,young,0,Elicit,Explain,0.09090909090909091,0.09090909090909091,0.0,True
4921,age,young,0,Retrieve,Explain,0.0,0.0,0.0,True
4921,age,young,0,Rank,Explain,0.0,0.0,0.0,True
4921,age,young,0,Explain,Explain,0.3333333333333333,0.25,0.08333333333333331,True
4921,age,young,0,Memory,Explain,1.0,0.5,0.5,True
4921,age,adult,0,Elicit,Explain,0.09090909090909091,0.09090909090909091,0.0,False
4921,age,adult,0,Retrieve,Explain,0.0,0.0,0.0,False
4921,age,adult,0,Rank,Explain,0.0,0.0,0.0,False
4921,age,adult,0,Explain,Explain,0.5,0.25,0.25,False
4921,age,adult,0,Memory,Explain,1.0,0.5,0.5,False
4921,age,teen,1,Elicit,Explain,0.09090909090909091,0.09090909090909091,0.0,False
4921,age,teen,1,Retrieve,Explain,0.0,0.0,0.0,False
4921,age,teen,1,Rank,Explain,0.0,0.0,0.0,False
4921,age,teen,1,Explain,Explain,0.3333333333333333,0.6666666666666666,-0.3333333333333333,False
4921,age,teen,1,Memory,Explain,1.0,0.5,0.5,False
4921,age,young,1,Elicit,Explain,0.09090909090909091,0.09090909090909091,0.0,True
4921,age,young,1,Retrieve,Explain,0.0,0.0,0.0,True
4921,age,young,1,Rank,Explain,0.0,0.0,0.0,True
4921,age,young,1,Explain,Explain,0.25,0.6666666666666666,-0.41666666666666663,True
4921,age,young,1,Memory,Explain,0.5,0.5,0.0,True
4921,age,adult,1,Elicit,Explain,0.09090909090909091,0.09090909090909091,0.0,False
4921,age,adult,1,Retrieve,Explain,0.0,0.0,0.0,False
4921,age,adult,1,Rank,Explain,0.0,0.0,0.0,False
4921,age,adult,1,Explain,Explain,0.5,0.6666666666666666,-0.16666666666666663,False
4921,age,adult,1,Memory,Explain,1.0,0.5,0.5,False
4924,sex,man,0,Elicit,none,0.1111111111111111,0.1111111111111111,0.0,False
4924,sex,man,0,Retrieve,none,0.0,0.0,0.0,False
4924,sex,man,0,Rank,none,0.0,0.0,0.0,False
4924,sex,man,0,Explain,none,0.5,0.5,0.0,False
4924,sex,man,0,Memory,none,0.3333333333333333,0.5,-0.16666666666666669,False
4924,sex,woman,0,Elicit,none,0.1111111111111111,0.1111111111111111,0.0,True
4924,sex,woman,0,Retrieve,none,0.0,0.0,0.0,True
4924,sex,woman,0,Rank,none,0.0,0.0,0.0,True
4924,sex,woman,0,Explain,none,0.3333333333333333,0.5,-0.16666666666666669,True
4924,sex,woman,0,Memory,none,0.3333333333333333,0.5,-0.16666666666666669,True
4924,sex,man,1,Elicit,none,0.1111111111111111,0.1111111111111111,0.0,False
4924,sex,man,1,Retrieve,none,0.0,0.0,0.0,False
4924,sex,man,1,Rank,none,0.0,0.0,0.0,False
4924,sex,man,1,Explain,none,0.3333333333333333,0.5,-0.16666666666666669,False
4924,sex,man,1,Memory,none,0.5,1.0,-0.5,False
4924,sex,woman,1,Elicit,none,0.1111111111111111,0.1111111111111111,0.0,True
4924,sex,woman,1,Retrieve,none,0.0,0.0,0.0,True
4924,sex,woman,1,Rank,none,0.0,0.0,0.0,True
4924,sex,woman,1,Explain,none,0.3333333333333333,0.5,-0.16666666666666669,True
4924,sex,woman,1,Memory,none,0.5,1.0,-0.5,True
4933,age,teen,0,Elicit,Memory,0.07692307692307693,0.07692307692307693,0.0,False
4933,age,teen,0,Retrieve,Memory,0.0,0.0,0.0,False
4933,age,teen,0,Rank,Memory,0.018465556912428443,0.027698335368642663,-0.00923277845621422,False
4933,age,teen,0,Explain,Memory,0.5,0.5,0.0,False
4933,age,teen,0,Memory,Memory,1.0,,,False
4933,age,young,0,Elicit,Memory,0.07692307692307693,0.07692307692307693,0.0,True
4933,age,young,0,Retrieve,Memory,0.0,0.0,0.0,True
4933,age,young,0,Rank,Memory,0.0,0.027698335368642663,-0.027698335368642663,True
4933,age,young,0,Explain,Memory,0.5,0.5,0.0,True
4933,age,young,0,Memory,Memory,0.6666666666666666,,,True
4933,age,adult,0,Elicit,Memory,0.07692307692307693,0.07692307692307693,0.0,False
4933,age,adult,0,Retrieve,Memory,0.0,0.0,0.0,False
4933,age,adult,0,Rank,Memory,0.0,0.027698335368642663,-0.027698335368642663,False
4933,age,adult,0,Explain,Memory,0.5,0.5,0.0,False
4933,age,adult,0,Memory,Memory,0.3333333333333333,,,False
4933,age,teen,1,Elicit,Memory,0.07692307692307693,0.07692307692307693,0.0,False
4933,age,teen,1,Retrieve,Memory,0.0,0.0,0.0,False
4933,age,teen,1,Rank,Memory,0.021430357586166415,0.0,0.021430357586166415,False
4933,age,teen,1,Explain,Memory,0.6666666666666666,0.6666666666666666,0.0,False
4933,age,teen,1,Memory,Memory,0.6666666666666666,1.0,-0.33333333333333337,False
4933,age,young,1,Elicit,Memory,0.07692307692307693,0.07692307692307693,0.0,True
4933,age,young,1,Retrieve,Memory,0.0,0.0,0.0,True
4933,age,young,1,Rank,Memory,0.017475703908477302,0.0,0.017475703908477302,True
4933,age,young,1,Explain,Memory,0.5,0.6666666666666666,-0.16666666666666663,True
4933,age,young,1,Memory,Memory,0.5,1.0,-0.5,True
4933,age,adult,1,Elicit,Memory,0.07692307692307693,0.07692307692307693,0.0,False
4933,age,adult,1,Retrieve,Memory,0.0,0.0,0.0,False
4933,age,adult,1,Rank,Memory,0.0,0.0,0.0,False
4933,age,adult,1,Explain,Memory,0.5,0.6666666666666666,-0.16666666666666663,False
4933,age,adult,1,Memory,Memory,1.0,1.0,0.0,False
4947,age,teen,0,Elicit,Rank,0.1111111111111111,0.1111111111111111,0.0,False
4947,age,teen,0,Retrieve,Rank,0.0,0.125,-0.125,False
4947,age,teen,0,Rank,Rank,0.0,0.15850703974098107,-0.15850703974098107,False
4947,age,teen,0,Explain,Rank,0.5,0.5,0.0,False
4947,age,teen,0,Memory,Rank,0.3333333333333333,1.0,-0.6666666666666667,False
4947,age,young,0,Elicit,Rank,0.1111111111111111,0.1111111111111111,0.0,False
4947,age,young,0,Retrieve,Rank,0.0625,0.125,-0.0625,False
4947,age,young,0,Rank,Rank,0.09478836436955079,0.15850703974098107,-0.06371867537143028,False
4947,age,young,0,Explain,Rank,0.5,0.5,0.0,False
4947,age,young,0,Memory,Rank,0.5,1.0,-0.5,False
4947,age,adult,0,Elicit,Rank,0.1111111111111111,0.1111111111111111,0.0,True
4947,age,adult,0,Retrieve,Rank,0.125,0.125,0.0,True
4947,age,adult,0,Rank,Rank,0.07336392209936006,0.15850703974098107,-0.08514311764162101,True
4947,age,adult,0,Explain,Rank,0.5,0.5,0.0,True
4947,age,adult,0,Memory,Rank,0.5,1.0,-0.5,True
4947,age,teen,1,Elicit,Rank,0.1111111111111111,0.1111111111111111,0.0,False
4947,age,teen,1,Retrieve,Rank,0.125,0.1875,-0.0625,False
4947,age,teen,1,Rank,Rank,0.1775527918337533,0.18788439477579674,-0.010331602942043439,False
4947,age,teen,1,Explain,Rank,0.5,0.5,0.0,False
4947,age,teen,1,Memory,Rank,0.5,0.3333333333333333,0.16666666666666669,False
4947,age,young,1,Elicit,Rank,0.1111111111111111,0.1111111111111111,0.0,False
4947,age,young,1,Retrieve,Rank,0.125,0.1875,-0.0625,False
4947,age,young,1,Rank,Rank,0.0,0.18788439477579674,-0.18788439477579674,False
4947,age,young,1,Explain,Rank,0.5,0.5,0.0,False
4947,age,young,1,Memory,Rank,0.5,0.3333333333333333,0.16666666666666669,False
4947,age,adult,1,Elicit,Rank,0.1111111111111111,0.1111111111111111,0.0,True
4947,age,adult,1,Retrieve,Rank,0.125,0.1875,-0.0625,True
4947,age,adult,1,Rank,Rank,0.10414817445369154,0.18788439477579674,-0.0837362203221052,True
4947,age,adult,1,Explain,Rank,0.5,0.5,0.0,True
4947,age,adult,1,Memory,Rank,0.5,0.3333333333333333,0.16666666666666669,True
4965,age,teen,0,Elicit,Explain,0.1111111111111111,0.1111111111111111,0.0,True
4965,age,teen,0,Retrieve,Explain,0.0,0.0,0.0,True
4965,age,teen,0,Rank,Explain,0.0,0.0,0.0,True
4965,age,teen,0,Explain,Explain,0.5,0.6666666666666666,-0.16666666666666663,True
4965,age,teen,0,Memory,Explain,0.5,1.0,-0.5,True
4965,age,young,0,Elicit,Explain,0.1111111111111111,0.1111111111111111,0.0,False
4965,age,young,0,Retrieve,Explain,0.08333333333333333,0.0,0.08333333333333333,False
4965,age,young,0,Rank,Explain,0.06349248440367902,0.0,0.06349248440367902,False
4965,age,young,0,Explain,Explain,0.75,0.6666666666666666,0.08333333333333337,False
4965,age,young,0,Memory,Explain,0.5,1.0,-0.5,False
4965,age,adult,0,Elicit,Explain,0.1111111111111111,0.1111111111111111,0.0,False
4965,age,adult,0,Retrieve,Explain,0.08333333333333333,0.0,0.08333333333333333,False
4965,age,adult,0,Rank,Explain,0.0,0.0,0.0,False
4965,age,adult,0,Explain,Explain,0.75,0.6666666666666666,0.08333333333333337,False
4965,age,adult,0,Memory,Explain,,1.0,,False
4965,age,teen,1,Elicit,Explain,0.1111111111111111,0.1111111111111111,0.0,True
4965,age,teen,1,Retrieve,Explain,0.0,0.0,0.0,True
4965,age,teen,1,Rank,Explain,0.0,0.0,0.0,True
4965,age,teen,1,Explain,Explain,0.75,0.75,0.0,True
4965,age,teen,1,Memory,Explain,0.5,0.5,0.0,True
4965,age,young,1,Elicit,Explain,0.1111111111111111,0.1111111111111111,0.0,False
4965,age,young,1,Retrieve,Explain,0.0,0.0,0.0,False
4965,age,young,1,Rank,Explain,0.178245938604334,0.0,0.178245938604334,False
4965,age,young,1,Explain,Explain,0.6666666666666666,0.75,-0.08333333333333337,False
4965,age,young,1,Memory,Explain,0.5,0.5,0.0,False
4965,age,adult,1,Elicit,Explain,0.1111111111111111,0.1111111111111111,0.0,False
4965,age,adult,1,Retrieve,Explain,0.0,0.0,0.0,False
4965,age,adult,1,Rank,Explain,0.0,0.0,0.0,False
4965,age,adult,1,Explain,Explain,0.75,0.75,0.0,False
4965,age,adult,1,Memory,Explain,0.5,0.5,0.0,False
4987,age,teen,0,Elicit,none,0.125,0.125,0.0,False
4987,age,teen,0,Retrieve,none,0.2,0.0,0.2,False
4987,age,teen,0,Rank,none,0.24173842300801301,0.0,0.24173842300801301,False
4987,age,teen,0,Explain,none,0.75,0.75,0.0,False
4987,age,teen,0,Memory,none,0.5,0.5,0.0,False
4987,age,young,0,Elicit,none,0.125,0.125,0.0,False
4987,age,young,0,Retrieve,none,0.0,0.0,0.0,False
4987,age,young,0,Rank,none,0.0,0.0,0.0,False
4987,age,young,0,Explain,none,0.25,0.75,-0.5,False
4987,age,young,0,Memory,none,0.5,0.5,0.0,False
4987,age,adult,0,Elicit,none,0.125,0.125,0.0,True
4987,age,adult,0,Retrieve,none,0.1,0.0,0.1,True
4987,age,adult,0,Rank,none,0.06349248440367902,0.0,0.06349248440367902,True
4987,age,adult,0,Explain,none,0.3333333333333333,0.75,-0.4166666666666667,True
4987,age,adult,0,Memory,none,0.5,0.5,0.0,True
4987,age,teen,1,Elicit,none,0.125,0.125,0.0,False
4987,age,teen,1,Retrieve,none,0.2,0.0,0.2,False
4987,age,teen,1,Rank,none,0.1759531505224246,0.0,0.1759531505224246,False
4987,age,teen,1,Explain,none,0.75,0.25,0.5,False
4987,age,teen,1,Memory,none,0.6,1.0,-0.4,False
4987,age,young,1,Elicit,none,0.125,0.125,0.0,False
4987,age,young,1,Retrieve,none,0.0,0.0,0.0,False
4987,age,young,1,Rank,none,0.0,0.0,0.0,False
4987,age,young,1,Explain,none,0.5,0.25,0.25,False
4987,age,young,1,Memory,none,0.5,1.0,-0.5,False
4987,age,adult,1,Elicit,none,0.125,0.125,0.0,True
4987,age,adult,1,Retrieve,none,0.0,0.0,0.0,True
4987,age,adult,1,Rank,none,0.089122969302167,0.0,0.089122969302167,True
4987,age,adult,1,Explain,none,0.75,0.25,0.5,True
4987,age,adult,1,Memory,none,0.5,1.0,-0.5,True
4996,age,teen,0,Elicit,Memory,0.2,0.2,0.0,False
4996,age,teen,0,Retrieve,Memory,0.16666666666666666,0.16666666666666666,0.0,False
4996,age,teen,0,Rank,Memory,0.13243161512893384,0.1474338330166237,-0.01500221788768985,False
4996,age,teen,0,Explain,Memory,0.25,0.75,-0.5,False
4996,age,teen,0,Memory,Memory,0.5,0.3333333333333333,0.16666666666666669,False
4996,age,young,0,Elicit,Memory,0.2,0.2,0.0,False
4996,age,young,0,Retrieve,Memory,0.0,0.16666666666666666,-0.16666666666666666,False
4996,age,young,0,Rank,Memory,0.0,0.1474338330166237,-0.1474338330166237,False
4996,age,young,0,Explain,Memory,0.6666666666666666,0.75,-0.08333333333333337,False
4996,age,young,0,Memory,Memory,0.5,0.3333333333333333,0.16666666666666669,False
4996,age,adult,0,Elicit,Memory,0.2,0.2,0.0,True
4996,age,adult,0,Retrieve,Memory,0.16666666666666666,0.16666666666666666,0.0,True
4996,age,adult,0,Rank,Memory,0.17116537950911526,0.1474338330166237,0.023731546492491568,True
4996,age,adult,0,Explain,Memory,0.3333333333333333,0.75,-0.4166666666666667,True
4996,age,adult,0,Memory,Memory,1.0,0.3333333333333333,0.6666666666666667,True
4996,age,teen,1,Elicit,Memory,0.2,0.2,0.0,False
4996,age,teen,1,Retrieve,Memory,0.16666666666666666,0.16666666666666666,0.0,False
4996,age,teen,1,Rank,Memory,0.13243161512893384,0.13243161512893384,0.0,False
4996,age,teen,1,Explain,Memory,0.6666666666666666,0.6666666666666666,0.0,False
4996,age,teen,1,Memory,Memory,0.5,0.6666666666666666,-0.16666666666666663,False
4996,age,young,1,Elicit,Memory,0.2,0.2,0.0,False
4996,age,young,1,Retrieve,Memory,0.16666666666666666,0.16666666666666666,0.0,False
4996,age,young,1,Rank,Memory,0.13243161512893384,0.13243161512893384,0.0,False
4996,age,young,1,Explain,Memory,0.25,0.6666666666666666,-0.41666666666666663,False
4996,age,young,1,Memory,Memory,0.2,0.6666666666666666,-0.4666666666666666,False
4996,age,adult,1,Elicit,Memory,0.2,0.2,0.0,True
4996,age,adult,1,Retrieve,Memory,0.16666666666666666,0.16666666666666666,0.0,True
4996,age,adult,1,Rank,Memory,0.12194067673043808,0.13243161512893384,-0.010490938398495755,True
4996,age,adult,1,Explain,Memory,0.6666666666666666,0.6666666666666666,0.0,True
4996,age,adult,1,Memory,Memory,0.6666666666666666,0.6666666666666666,0.0,True
5043,sex,man,0,Elicit,Elicit,0.2,0.2,0.0,False
5043,sex,man,0,Retrieve,Elicit,0.0,0.0,0.0,False
5043,sex,man,0,Rank,Elicit,0.0,0.0,0.0,False
5043,sex,man,0,Explain,Elicit,0.3333333333333333,0.3333333333333333,0.0,False
5043,sex,man,0,Memory,Elicit,1.0,0.5,0.5,False
5043,sex,woman,0,Elicit,Elicit,0.2,0.2,0.0,True
5043,sex,woman,0,Retrieve,Elicit,0.0,0.0,0.0,True
5043,sex,woman,0,Rank,Elicit,0.0,0.0,0.0,True
5043,sex,woman,0,Explain,Elicit,0.5,0.3333333333333333,0.16666666666666669,True
5043,sex,woman,0,Memory,Elicit,1.0,0.5,0.5,True
5043,sex,man,1,Elicit,Elicit,0.2,0.2,0.0,False
5043,sex,man,1,Retrieve,Elicit,0.0,0.0,0.0,False
5043,sex,man,1,Rank,Elicit,0.0,0.0,0.0,False
5043,sex,man,1,Explain,Elicit,0.5,0.0,0.5,False
5043,sex,man,1,Memory,Elicit,1.0,0.16666666666666666,0.8333333333333334,False
5043,sex,woman,1,Elicit,Elicit,0.2,0.2,0.0,True
5043,sex,woman,1,Retrieve,Elicit,0.0,0.0,0.0,True
5043,sex,woman,1,Rank,Elicit,0.0,0.0,0.0,True
5043,sex,woman,1,Explain,Elicit,0.25,0.0,0.25,True
5043,sex,woman,1,Memory,Elicit,0.4,0.16666666666666666,0.23333333333333336,True
5089,age,teen,0,Elicit,Rank,0.14285714285714285,0.14285714285714285,0.0,False
5089,age,teen,0,Retrieve,Rank,0.0,0.0,0.0,False
5089,age,teen,0,Rank,Rank,0.0,0.0,0.0,False
5089,age,teen,0,Explain,Rank,0.3333333333333333,0.25,0.08333333333333331,False
5089,age,teen,0,Memory,Rank,1.0,,,False
5089,age,young,0,Elicit,Rank,0.14285714285714285,0.14285714285714285,0.0,False
5089,age,young,0,Retrieve,Rank,0.0,0.0,0.0,False
5089,age,young,0,Rank,Rank,0.0,0.0,0.0,False
5089,age,young,0,Explain,Rank,0.5,0.25,0.25,False
5089,age,young,0,Memory,Rank,0.5,,,False
5089,age,adult,0,Elicit,Rank,0.14285714285714285,0.14285714285714285,0.0,True
5089,age,adult,0,Retrieve,Rank,0.0,0.0,0.0,True
5089,age,adult,0,Rank,Rank,0.0,0.0,0.0,True
5089,age,adult,0,Explain,Rank,0.5,0.25,0.25,True
5089,age,adult,0,Memory,Rank,1.0,,,True
5089,age,teen,1,Elicit,Rank,0.14285714285714285,0.14285714285714285,0.0,False
5089,age,teen,1,Retrieve,Rank,0.0,0.0,0.0,False
5089,age,teen,1,Rank,Rank,0.0,0.0,0.0,False
5089,age,teen,1,Explain,Rank,0.5,0.3333333333333333,0.16666666666666669,False
5089,age,teen,1,Memory,Rank,0.5,0.25,0.25,False
5089,age,young,1,Elicit,Rank,0.14285714285714285,0.14285714285714285,0.0,False
5089,age,young,1,Retrieve,Rank,0.0,0.0,0.0,False
5089,age,young,1,Rank,Rank,0.0,0.0,0.0,False
5089,age,young,1,Explain,Rank,0.75,0.3333333333333333,0.4166666666666667,False
5089,age,young,1,Memory,Rank,0.5,0.25,0.25,False
5089,age,adult,1,Elicit,Rank,0.14285714285714285,0.14285714285714285,0.0,True
5089,age,adult,1,Retrieve,Rank,0.0,0.0,0.0,True
5089,age,adult,1,Rank,Rank,0.0,0.0,0.0,True
5089,age,adult,1,Explain,Rank,0.3333333333333333,0.3333333333333333,0.0,True
5089,age,adult,1,Memory,Rank,0.25,0.25,0.0,True
5118,age,teen,0,Elicit,Memory,0.125,0.125,0.0,True
5118,age,teen,0,Retrieve,Memory,0.2857142857142857,0.2857142857142857,0.0,True
5118,age,teen,0,Rank,Memory,0.018150955721903783,0.20140534191251336,-0.18325438619060958,True
5118,age,teen,0,Explain,Memory,1.0,0.75,0.25,True
5118,age,teen,0,Memory,Memory,0.6666666666666666,0.5,0.16666666666666663,True
5118,age,young,0,Elicit,Memory,0.125,0.125,0.0,False
5118,age,young,0,Retrieve,Memory,0.2857142857142857,0.2857142857142857,0.0,False
5118,age,young,0,Rank,Memory,0.0959757424613678,0.20140534191251336,-0.10542959945114556,False
5118,age,young,0,Explain,Memory,0.75,0.75,0.0,False
5118,age,young,0,Memory,Memory,0.5,0.5,0.0,False
5118,age,adult,0,Elicit,Memory,0.125,0.125,0.0,False
5118,age,adult,0,Retrieve,Memory,0.2857142857142857,0.2857142857142857,0.0,False
5118,age,adult,0,Rank,Memory,0.1815601371891983,0.20140534191251336,-0.019845204723315052,False
5118,age,adult,0,Explain,Memory,0.5,0.75,-0.25,False
5118,age,adult,0,Memory,Memory,0.5,0.5,0.0,False
5118,age,teen,1,Elicit,Memory,0.125,0.125,0.0,True
5118,age,teen,1,Retrieve,Memory,0.2857142857142857,0.14285714285714285,0.14285714285714285,True
5118,age,teen,1,Rank,Memory,0.018150955721903783,0.04212224305251492,-0.023971287330611137,True
5118,age,teen,1,Explain,Memory,0.75,0.5,0.25,True
5118,age,teen,1,Memory,Memory,0.6666666666666666,1.0,-0.33333333333333337,True
5118,age,young,1,Elicit,Memory,0.125,0.125,0.0,False
5118,age,young,1,Retrieve,Memory,0.14285714285714285,0.14285714285714285,0.0,False
5118,age,young,1,Rank,Memory,0.3244886778950371,0.04212224305251492,0.28236643484252216,False
5118,age,young,1,Explain,Memory,0.75,0.5,0.25,False
5118,age,young,1,Memory,Memory,0.5,1.0,-0.5,False
5118,age,adult,1,Elicit,Memory,0.125,0.125,0.0,False
5118,age,adult,1,Retrieve,Memory,0.14285714285714285,0.14285714285714285,0.0,False
5118,age,adult,1,Rank,Memory,0.12655749477253375,0.04212224305251492,0.08443525172001884,False
5118,age,adult,1,Explain,Memory,0.6666666666666666,0.5,0.16666666666666663,False
5118,age,adult,1,Memory,Memory,0.5,1.0,-0.5,False
5255,age,teen,0,Elicit,Rank,0.07142857142857142,0.07142857142857142,0.0,True
5255,age,teen,0,Retrieve,Rank,0.0,0.0,0.0,True
5255,age,teen,0,Rank,Rank,0.0,0.0,0.0,True
5255,age,teen,0,Explain,Rank,0.5,0.5,0.0,True
5255,age,teen,0,Memory,Rank,0.5,0.5,0.0,True
5255,age,young,0,Elicit,Rank,0.07142857142857142,0.07142857142857142,0.0,False
5255,age,young,0,Retrieve,Rank,0.0,0.0,0.0,False
5255,age,young,0,Rank,Rank,0.0,0.0,0.0,False
5255,age,young,0,Explain,Rank,0.0,0.5,-0.5,False
5255,age,young,0,Memory,Rank,0.5,0.5,0.0,False
5255,age,adult,0,Elicit,Rank,0.07142857142857142,0.07142857142857142,0.0,False
5255,age,adult,0,Retrieve,Rank,0.0,0.0,0.0,False
5255,age,adult,0,Rank,Rank,0.0,0.0,0.0,False
5255,age,adult,0,Explain,Rank,0.5,0.5,0.0,False
5255,age,adult,0,Memory,Rank,1.0,0.5,0.5,False
5255,age,teen,1,Elicit,Rank,0.07142857142857142,0.07142857142857142,0.0,True
5255,age,teen,1,Retrieve,Rank,0.0,0.0,0.0,True
5255,age,teen,1,Rank,Rank,0.0,0.0,0.0,True
5255,age,teen,1,Explain,Rank,0.3333333333333333,0.6666666666666666,-0.3333333333333333,True
5255,age,teen,1,Memory,Rank,0.5,1.0,-0.5,True
5255,age,young,1,Elicit,Rank,0.07142857142857142,0.07142857142857142,0.0,False
5255,age,young,1,Retrieve,Rank,0.0,0.0,0.0,False
5255,age,young,1,Rank,Rank,0.0,0.0,0.0,False
5255,age,young,1,Explain,Rank,0.6666666666666666,0.6666666666666666,0.0,False
5255,age,young,1,Memory,Rank,0.5,1.0,-0.5,False
5255,age,adult,1,Elicit,Rank,0.07142857142857142,0.07142857142857142,0.0,False
5255,age,adult,1,Retrieve,Rank,0.0,0.0,0.0,False
5255,age,adult,1,Rank,Rank,0.033595752550053516,0.0,0.033595752550053516,False
5255,age,adult,1,Explain,Rank,1.0,0.6666666666666666,0.33333333333333337,False
5255,age,adult,1,Memory,Rank,0.5,1.0,-0.5,False
5296,sex,man,0,Elicit,Elicit,0.14285714285714285,0.14285714285714285,0.0,False
5296,sex,man,0,Retrieve,Elicit,0.07142857142857142,0.07142857142857142,0.0,False
5296,sex,man,0,Rank,Elicit,0.036703900942497016,0.0,0.036703900942497016,False
5296,sex,man,0,Explain,Elicit,0.3333333333333333,0.25,0.08333333333333331,False
5296,sex,man,0,Memory,Elicit,1.0,1.0,0.0,False
5296,sex,woman,0,Elicit,Elicit,0.14285714285714285,0.14285714285714285,0.0,True
5296,sex,woman,0,Retrieve,Elicit,0.0,0.07142857142857142,-0.07142857142857142,True
5296,sex,woman,0,Rank,Elicit,0.03473637476514124,0.0,0.03473637476514124,True
5296,sex,woman,0,Explain,Elicit,0.25,0.25,0.0,True
5296,sex,woman,0,Memory,Elicit,0.5,1.0,-0.5,True
5296,sex,man,1,Elicit,Elicit,0.14285714285714285,0.14285714285714285,0.0,False
5296,sex,man,1,Retrieve,Elicit,0.0,0.07142857142857142,-0.07142857142857142,False
5296,sex,man,1,Rank,Elicit,0.0,0.0,0.0,False
5296,sex,man,1,Explain,Elicit,0.3333333333333333,0.5,-0.16666666666666669,False
5296,sex,man,1,Memory,Elicit,0.5,1.0,-0.5,False
5296,sex,woman,1,Elicit,Elicit,0.14285714285714285,0.14285714285714285,0.0,True
5296,sex,woman,1,Retrieve,Elicit,0.07142857142857142,0.07142857142857142,0.0,True
5296,sex,woman,1,Rank,Elicit,0.0,0.0,0.0,True
5296,sex,woman,1,Explain,Elicit,0.25,0.5,-0.25,True
5296,sex,woman,1,Memory,Elicit,0.5,1.0,-0.5,True
5411,sex,man,0,Elicit,Explain,0.5,0.5,0.0,False
5411,sex,man,0,Retrieve,Explain,0.0,0.0,0.0,False
5411,sex,man,0,Rank,Explain,0.0,0.0,0.0,False
5411,sex,man,0,Explain,Explain,0.5,0.5,0.0,False
5411,sex,man,0,Memory,Explain,,1.0,,False
5411,sex,woman,0,Elicit,Explain,0.5,0.5,0.0,True
5411,sex,woman,0,Retrieve,Explain,0.0,0.0,0.0,True
5411,sex,woman,0,Rank,Explain,0.0,0.0,0.0,True
5411,sex,woman,0,Explain,Explain,0.25,0.5,-0.25,True
5411,sex,woman,0,Memory,Explain,0.16666666666666666,1.0,-0.8333333333333334,True
5411,sex,man,1,Elicit,Explain,0.5,0.5,0.0,False
5411,sex,man,1,Retrieve,Explain,0.0,0.0,0.0,False
5411,sex,man,1,Rank,Explain,0.0,0.0,0.0,False
5411,sex,man,1,Explain,Explain,0.5,1.0,-0.5,False
5411,sex,man,1,Memory,Explain,0.6666666666666666,0.3333333333333333,0.3333333333333333,False
5411,sex,woman,1,Elicit,Explain,0.5,0.5,0.0,True
5411,sex,woman,1,Retrieve,Explain,0.0,0.0,0.0,True
5411,sex,woman,1,Rank,Explain,0.0,0.0,0.0,True
5411,sex,woman,1,Explain,Explain,0.5,1.0,-0.5,True
5411,sex,woman,1,Memory,Explain,1.0,0.3333333333333333,0.6666666666666667,True
5423,age,teen,0,Elicit,Elicit,0.1111111111111111,0.1111111111111111,0.0,False
5423,age,teen,0,Retrieve,Elicit,0.0,0.07692307692307693,-0.07692307692307693,False
5423,age,teen,0,Rank,Elicit,0.0,0.13886244387355454,-0.13886244387355454,False
5423,age,teen,0,Explain,Elicit,0.5,0.5,0.0,False
5423,age,teen,0,Memory,Elicit,0.5,1.0,-0.5,False
5423,age,young,0,Elicit,Elicit,0.1111111111111111,0.1111111111111111,0.0,False
5423,age,young,0,Retrieve,Elicit,0.07692307692307693,0.07692307692307693,0.0,False
5423,age,young,0,Rank,Elicit,0.09478836436955079,0.13886244387355454,-0.044074079504003744,False
5423,age,young,0,Explain,Elicit,0.5,0.5,0.0,False
5423,age,young,0,Memory,Elicit,0.5,1.0,-0.5,False
5423,age,adult,0,Elicit,Elicit,0.1111111111111111,0.1111111111111111,0.0,True
5423,age,adult,0,Retrieve,Elicit,0.0,0.07692307692307693,-0.07692307692307693,True
5423,age,adult,0,Rank,Elicit,0.0,0.13886244387355454,-0.13886244387355454,True
5423,age,adult,0,Explain,Elicit,0.5,0.5,0.0,True
5423,age,adult,0,Memory,Elicit,1.0,1.0,0.0,True
5423,age,teen,1,Elicit,Elicit,0.1111111111111111,0.1111111111111111,0.0,False
5423,age,teen,1,Retrieve,Elicit,0.0,0.0,0.0,False
5423,age,teen,1,Rank,Elicit,0.0,0.13886244387355454,-0.13886244387355454,False
5423,age,teen,1,Explain,Elicit,0.5,0.5,0.0,False
5423,age,teen,1,Memory,Elicit,0.5,0.5,0.0,False
5423,age,young,1,Elicit,Elicit,0.1111111111111111,0.1111111111111111,0.0,False
5423,age,young,1,Retrieve,Elicit,0.0,0.0,0.0,False
5423,age,young,1,Rank,Elicit,0.0,0.13886244387355454,-0.13886244387355454,False
5423,age,young,1,Explain,Elicit,0.5,0.5,0.0,False
5423,age,young,1,Memory,Elicit,1.0,0.5,0.5,False
5423,age,adult,1,Elicit,Elicit,0.1111111111111111,0.1111111111111111,0.0,True
5423,age,adult,1,Retrieve,Elicit,0.0,0.0,0.0,True
5423,age,adult,1,Rank,Elicit,0.0,0.13886244387355454,-0.13886244387355454,True
5423,age,adult,1,Explain,Elicit,0.5,0.5,0.0,True
5423,age,adult,1,Memory,Elicit,0.3333333333333333,0.5,-0.16666666666666669,True
5484,sex,man,0,Elicit,none,0.1111111111111111,0.1111111111111111,0.0,True
5484,sex,man,0,Retrieve,none,0.0,0.0,0.0,True
5484,sex,man,0,Rank,none,0.0,0.0,0.0,True
5484,sex,man,0,Explain,none,0.75,0.6666666666666666,0.08333333333333337,True
5484,sex,man,0,Memory,none,0.5,0.5,0.0,True
5484,sex,woman,0,Elicit,none,0.1111111111111111,0.1111111111111111,0.0,False
5484,sex,woman,0,Retrieve,none,0.0,0.0,0.0,False
5484,sex,woman,0,Rank,none,0.0,0.0,0.0,False
5484,sex,woman,0,Explain,none,0.6666666666666666,0.6666666666666666,0.0,False
5484,sex,woman,0,Memory,none,0.5,0.5,0.0,False
5484,sex,man,1,Elicit,none,0.1111111111111111,0.1111111111111111,0.0,True
5484,sex,man,1,Retrieve,none,0.0,0.0,0.0,True
5484,sex,man,1,Rank,none,0.085143117641621,0.0,0.085143117641621,True
5484,sex,man,1,Explain,none,0.5,1.0,-0.5,True
5484,sex,man,1,Memory,none,0.5,0.5,0.0,True
5484,sex,woman,1,Elicit,none,0.1111111111111111,0.1111111111111111,0.0,False
5484,sex,woman,1,Retrieve,none,0.0,0.0,0.0,False
5484,sex,woman,1,Rank,none,0.0,0.0,0.0,False
5484,sex,woman,1,Explain,none,1.0,1.0,0.0,False
5484,sex,woman,1,Memory,none,0.5,0.5,0.0,False
5514,sex,man,0,Elicit,Rank,0.2,0.2,0.0,False
5514,sex,man,0,Retrieve,Rank,0.0,0.0,0.0,False
5514,sex,man,0,Rank,Rank,0.0,0.0,0.0,False
5514,sex,man,0,Explain,Rank,0.25,0.25,0.0,False
5514,sex,man,0,Memory,Rank,0.5,1.0,-0.5,False
5514,sex,woman,0,Elicit,Rank,0.2,0.2,0.0,True
5514,sex,woman,0,Retrieve,Rank,0.0,0.0,0.0,True
5514,sex,woman,0,Rank,Rank,0.0,0.0,0.0,True
5514,sex,woman,0,Explain,Rank,0.3333333333333333,0.25,0.08333333333333331,True
5514,sex,woman,0,Memory,Rank,0.25,1.0,-0.75,True
5514,sex,man,1,Elicit,Rank,0.2,0.2,0.0,False
5514,sex,man,1,Retrieve,Rank,0.0,0.0,0.0,False
5514,sex,man,1,Rank,Rank,0.0,0.0,0.0,False
5514,sex,man,1,Explain,Rank,0.3333333333333333,0.5,-0.16666666666666669,False
5514,sex,man,1,Memory,Rank,1.0,0.5,0.5,False
5514,sex,woman,1,Elicit,Rank,0.2,0.2,0.0,True
5514,sex,woman,1,Retrieve,Rank,0.0,0.0,0.0,True
5514,sex,woman,1,Rank,Rank,0.0,0.0,0.0,True
5514,sex,woman,1,Explain,Rank,0.3333333333333333,0.5,-0.16666666666666669,True
5514,sex,woman,1,Memory,Rank,0.5,0.5,0.0,True
5637,age,teen,0,Elicit,none,0.125,0.125,0.0,True
5637,age,teen,0,Retrieve,none,0.14285714285714285,0.14285714285714285,0.0,True
5637,age,teen,0,Rank,none,0.0,0.0,0.0,True
5637,age,teen,0,Explain,none,0.5,0.5,0.0,True
5637,age,teen,0,Memory,none,0.5,0.5,0.0,True
5637,age,young,0,Elicit,none,0.125,0.125,0.0,False
5637,age,young,0,Retrieve,none,0.14285714285714285,0.14285714285714285,0.0,False
5637,age,young,0,Rank,none,0.08146393551149456,0.0,0.08146393551149456,False
5637,age,young,0,Explain,none,0.5,0.5,0.0,False
5637,age,young,0,Memory,none,0.5,0.5,0.0,False
5637,age,adult,0,Elicit,none,0.125,0.125,0.0,False
5637,age,adult,0,Retrieve,none,0.14285714285714285,0.14285714285714285,0.0,False
5637,age,adult,0,Rank,none,0.049046176307592095,0.0,0.049046176307592095,False
5637,age,adult,0,Explain,none,0.5,0.5,0.0,False
5637,age,adult,0,Memory,none,0.5,0.5,0.0,False
5637,age,teen,1,Elicit,none,0.125,0.125,0.0,True
5637,age,teen,1,Retrieve,none,0.0,0.0,0.0,True
5637,age,teen,1,Rank,none,0.0,0.0,0.0,True
5637,age,teen,1,Explain,none,0.5,0.5,0.0,True
5637,age,teen,1,Memory,none,0.3333333333333333,0.5,-0.16666666666666669,True
5637,age,young,1,Elicit,none,0.125,0.125,0.0,False
5637,age,young,1,Retrieve,none,0.0,0.0,0.0,False
5637,age,young,1,Rank,none,0.0,0.0,0.0,False
5637,age,young,1,Explain,none,0.6666666666666666,0.5,0.16666666666666663,False
5637,age,young,1,Memory,none,0.5,0.5,0.0,False
5637,age,adult,1,Elicit,none,0.125,0.125,0.0,False
5637,age,adult,1,Retrieve,none,0.14285714285714285,0.0,0.14285714285714285,False
5637,age,adult,1,Rank,none,0.0,0.0,0.0,False
5637,age,adult,1,Explain,none,0.5,0.5,0.0,False
5637,age,adult,1,Memory,none,0.0,0.5,-0.5,False
5687,age,teen,0,Elicit,Elicit,0.1111111111111111,0.1111111111111111,0.0,True
5687,age,teen,0,Retrieve,Elicit,0.0,0.0,0.0,True
5687,age,teen,0,Rank,Elicit,0.0,0.0,0.0,True
5687,age,teen,0,Explain,Elicit,0.75,0.75,0.0,True
5687,age,teen,0,Memory,Elicit,0.5,1.0,-0.5,True
5687,age,young,0,Elicit,Elicit,0.1111111111111111,0.1111111111111111,0.0,False
5687,age,young,0,Retrieve,Elicit,0.0,0.0,0.0,False
5687,age,young,0,Rank,Elicit,0.0,0.0,0.0,False
5687,age,young,0,Explain,Elicit,0.5,0.75,-0.25,False
5687,age,young,0,Memory,Elicit,0.5,1.0,-0.5,False
5687,age,adult,0,Elicit,Elicit,0.1111111111111111,0.1111111111111111,0.0,False
5687,age,adult,0,Retrieve,Elicit,0.0,0.0,0.0,False
5687,age,adult,0,Rank,Elicit,0.0,0.0,0.0,False
5687,age,adult,0,Explain,Elicit,0.75,0.75,0.0,False
5687,age,adult,0,Memory,Elicit,1.0,1.0,0.0,False
5687,age,teen,1,Elicit,Elicit,0.1111111111111111,0.1111111111111111,0.0,True
5687,age,teen,1,Retrieve,Elicit,0.0,0.0,0.0,True
5687,age,teen,1,Rank,Elicit,0.0,0.0,0.0,True
5687,age,teen,1,Explain,Elicit,0.75,0.6666666666666666,0.08333333333333337,True
5687,age,teen,1,Memory,Elicit,0.5,1.0,-0.5,True
5687,age,young,1,Elicit,Elicit,0.1111111111111111,0.1111111111111111,0.0,False
5687,age,young,1,Retrieve,Elicit,0.0,0.0,0.0,False
5687,age,young,1,Rank,Elicit,0.0,0.0,0.0,False
5687,age,young,1,Explain,Elicit,0.3333333333333333,0.6666666666666666,-0.3333333333333333,False
5687,age,young,1,Memory,Elicit,0.5,1.0,-0.5,False
5687,age,adult,1,Elicit,Elicit,0.1111111111111111,0.1111111111111111,0.0,False
5687,age,adult,1,Retrieve,Elicit,0.0,0.0,0.0,False
5687,age,adult,1,Rank,Elicit,0.0,0.0,0.0,False
5687,age,adult,1,Explain,Elicit,0.6666666666666666,0.6666666666666666,0.0,False
5687,age,adult,1,Memory,Elicit,0.5,1.0,-0.5,False
5705,sex,man,0,Elicit,Memory,0.1,0.1,0.0,False
5705,sex,man,0,Retrieve,Memory,0.0,0.0,0.0,False
5705,sex,man,0,Rank,Memory,0.14708899508157633,0.08062020788641039,0.06646878719516594,False
5705,sex,man,0,Explain,Memory,1.0,0.75,0.25,False
5705,sex,man,0,Memory,Memory,0.6,1.0,-0.4,False
5705,sex,woman,0,Elicit,Memory,0.1,0.1,0.0,True
5705,sex,woman,0,Retrieve,Memory,0.0,0.0,0.0,True
5705,sex,woman,0,Rank,Memory,0.03793464628000419,0.08062020788641039,-0.0426855616064062,True
5705,sex,woman,0,Explain,Memory,0.25,0.75,-0.5,True
5705,sex,woman,0,Memory,Memory,0.5,1.0,-0.5,True
5705,sex,man,1,Elicit,Memory,0.1,0.1,0.0,False
5705,sex,man,1,Retrieve,Memory,0.0,0.0,0.0,False
5705,sex,man,1,Rank,Memory,0.0,0.03135603571338328,-0.03135603571338328,False
5705,sex,man,1,Explain,Memory,0.75,0.3333333333333333,0.4166666666666667,False
5705,sex,man,1,Memory,Memory,0.5,0.5,0.0,False
5705,sex,woman,1,Elicit,Memory,0.1,0.1,0.0,True
5705,sex,woman,1,Retrieve,Memory,0.05555555555555555,0.0,0.05555555555555555,True
5705,sex,woman,1,Rank,Memory,0.085143117641621,0.03135603571338328,0.053787081928237716,True
5705,sex,woman,1,Explain,Memory,0.5,0.3333333333333333,0.16666666666666669,True
5705,sex,woman,1,Memory,Memory,0.3333333333333333,0.5,-0.16666666666666669,True
5751,age,teen,0,Elicit,Retrieve,0.16666666666666666,0.16666666666666666,0.0,True
5751,age,teen,0,Retrieve,Retrieve,0.0,0.0,0.0,True
5751,age,teen,0,Rank,Retrieve,0.0,0.0,0.0,True
5751,age,teen,0,Explain,Retrieve,0.75,1.0,-0.25,True
5751,age,teen,0,Memory,Retrieve,0.5,0.5,0.0,True
5751,age,young,0,Elicit,Retrieve,0.16666666666666666,0.16666666666666666,0.0,False
5751,age,young,0,Retrieve,Retrieve,0.0,0.0,0.0,False
5751,age,young,0,Rank,Retrieve,0.0,0.0,0.0,False
5751,age,young,0,Explain,Retrieve,1.0,1.0,0.0,False
5751,age,young,0,Memory,Retrieve,0.5,0.5,0.0,False
5751,age,adult,0,Elicit,Retrieve,0.16666666666666666,0.16666666666666666,0.0,False
5751,age,adult,0,Retrieve,Retrieve,0.0,0.0,0.0,False
5751,age,adult,0,Rank,Retrieve,0.0,0.0,0.0,False
5751,age,adult,0,Explain,Retrieve,0.75,1.0,-0.25,False
5751,age,adult,0,Memory,Retrieve,0.5,0.5,0.0,False
5751,age,teen,1,Elicit,Retrieve,0.16666666666666666,0.16666666666666666,0.0,True
5751,age,teen,1,Retrieve,Retrieve,0.0,0.0,0.0,True
5751,age,teen,1,Rank,Retrieve,0.0,0.0,0.0,True
5751,age,teen,1,Explain,Retrieve,0.5,0.6666666666666666,-0.16666666666666663,True
5751,age,teen,1,Memory,Retrieve,0.5,0.5,0.0,True
5751,age,young,1,Elicit,Retrieve,0.16666666666666666,0.16666666666666666,0.0,False
5751,age,young,1,Retrieve,Retrieve,0.0,0.0,0.0,False
5751,age,young,1,Rank,Retrieve,0.0,0.0,0.0,False
5751,age,young,1,Explain,Retrieve,0.25,0.6666666666666666,-0.41666666666666663,False
5751,age,young,1,Memory,Retrieve,0.5,0.5,0.0,False
5751,age,adult,1,Elicit,Retrieve,0.16666666666666666,0.16666666666666666,0.0,False
5751,age,adult,1,Retrieve,Retrieve,0.0,0.0,0.0,False
5751,age,adult,1,Rank,Retrieve,0.0,0.0,0.0,False
5751,age,adult,1,Explain,Retrieve,0.5,0.6666666666666666,-0.16666666666666663,False
5751,age,adult,1,Memory,Retrieve,0.5,0.5,0.0,False
5768,sex,man,0,Elicit,Retrieve,0.2,0.2,0.0,False
5768,sex,man,0,Retrieve,Retrieve,0.0,0.0,0.0,False
5768,sex,man,0,Rank,Retrieve,0.0,0.0,0.0,False
5768,sex,man,0,Explain,Retrieve,0.6666666666666666,0.6666666666666666,0.0,False
5768,sex,man,0,Memory,Retrieve,0.6666666666666666,1.0,-0.33333333333333337,False
5768,sex,woman,0,Elicit,Retrieve,0.2,0.2,0.0,True
5768,sex,woman,0,Retrieve,Retrieve,0.0,0.0,0.0,True
5768,sex,woman,0,Rank,Retrieve,0.0,0.0,0.0,True
5768,sex,woman,0,Explain,Retrieve,0.6666666666666666,0.6666666666666666,0.0,True
5768,sex,woman,0,Memory,Retrieve,0.6666666666666666,1.0,-0.33333333333333337,True
5768,sex,man,1,Elicit,Retrieve,0.2,0.2,0.0,False
5768,sex,man,1,Retrieve,Retrieve,0.0,0.0,0.0,False
5768,sex,man,1,Rank,Retrieve,0.0,0.0,0.0,False
5768,sex,man,1,Explain,Retrieve,0.75,0.6666666666666666,0.08333333333333337,False
5768,sex,man,1,Memory,Retrieve,0.5,1.0,-0.5,False
5768,sex,woman,1,Elicit,Retrieve,0.2,0.2,0.0,True
5768,sex,woman,1,Retrieve,Retrieve,0.0,0.0,0.0,True
5768,sex,woman,1,Rank,Retrieve,0.0,0.0,0.0,True
5768,sex,woman,1,Explain,Retrieve,0.6666666666666666,0.6666666666666666,0.0,True
5768,sex,woman,1,Memory,Retrieve,0.5,1.0,-0.5,True
5810,sex,man,0,Elicit,Retrieve,0.2,0.2,0.0,True
5810,sex,man,0,Retrieve,Retrieve,0.0,0.0,0.0,True
5810,sex,man,0,Rank,Retrieve,0.0,0.0,0.0,True
5810,sex,man,0,Explain,Retrieve,0.5,0.3333333333333333,0.16666666666666669,True
5810,sex,man,0,Memory,Retrieve,0.5,0.3333333333333333,0.16666666666666669,True
5810,sex,woman,0,Elicit,Retrieve,0.2,0.2,0.0,False
5810,sex,woman,0,Retrieve,Retrieve,0.0,0.0,0.0,False
5810,sex,woman,0,Rank,Retrieve,0.0,0.0,0.0,False
5810,sex,woman,0,Explain,Retrieve,0.3333333333333333,0.3333333333333333,0.0,False
5810,sex,woman,0,Memory,Retrieve,1.0,0.3333333333333333,0.6666666666666667,False
5810,sex,man,1,Elicit,Retrieve,0.2,0.2,0.0,True
5810,sex,man,1,Retrieve,Retrieve,0.0,0.0,0.0,True
5810,sex,man,1,Rank,Retrieve,0.0,0.0,0.0,True
5810,sex,man,1,Explain,Retrieve,0.75,0.3333333333333333,0.4166666666666667,True
5810,sex,man,1,Memory,Retrieve,1.0,0.3333333333333333,0.6666666666666667,True
5810,sex,woman,1,Elicit,Retrieve,0.2,0.2,0.0,False
5810,sex,woman,1,Retrieve,Retrieve,0.0,0.0,0.0,False
5810,sex,woman,1,Rank,Retrieve,0.0,0.0,0.0,False
5810,sex,woman,1,Explain,Retrieve,0.3333333333333333,0.3333333333333333,0.0,False
5810,sex,woman,1,Memory,Retrieve,0.5,0.3333333333333333,0.16666666666666669,False
5946,sex,man,0,Elicit,Explain,0.16666666666666666,0.16666666666666666,0.0,False
5946,sex,man,0,Retrieve,Explain,0.0,0.0,0.0,False
5946,sex,man,0,Rank,Explain,0.0,0.0,0.0,False
5946,sex,man,0,Explain,Explain,0.75,0.6666666666666666,0.08333333333333337,False
5946,sex,man,0,Memory,Explain,0.6,0.5,0.09999999999999998,False
5946,sex,woman,0,Elicit,Explain,0.16666666666666666,0.16666666666666666,0.0,True
5946,sex,woman,0,Retrieve,Explain,0.0,0.0,0.0,True
5946,sex,woman,0,Rank,Explain,0.0,0.0,0.0,True
5946,sex,woman,0,Explain,Explain,0.6666666666666666,0.6666666666666666,0.0,True
5946,sex,woman,0,Memory,Explain,,0.5,,True
5946,sex,man,1,Elicit,Explain,0.16666666666666666,0.16666666666666666,0.0,False
5946,sex,man,1,Retrieve,Explain,0.0,0.0,0.0,False
5946,sex,man,1,Rank,Explain,0.0,0.0,0.0,False
5946,sex,man,1,Explain,Explain,0.6666666666666666,1.0,-0.33333333333333337,False
5946,sex,man,1,Memory,Explain,1.0,0.5,0.5,False
5946,sex,woman,1,Elicit,Explain,0.16666666666666666,0.16666666666666666,0.0,True
5946,sex,woman,1,Retrieve,Explain,0.0,0.0,0.0,True
5946,sex,woman,1,Rank,Explain,0.0,0.0,0.0,True
5946,sex,woman,1,Explain,Explain,0.6666666666666666,1.0,-0.33333333333333337,True
5946,sex,woman,1,Memory,Explain,1.0,0.5,0.5,True
5953,sex,man,0,Elicit,Explain,0.09090909090909091,0.09090909090909091,0.0,True
5953,sex,man,0,Retrieve,Explain,0.21428571428571427,0.21428571428571427,0.0,True
5953,sex,man,0,Rank,Explain,0.5001698384404277,0.3145197547076216,0.18565008373280611,True
5953,sex,man,0,Explain,Explain,0.5,0.6666666666666666,-0.16666666666666663,True
5953,sex,man,0,Memory,Explain,0.3333333333333333,1.0,-0.6666666666666667,True
5953,sex,woman,0,Elicit,Explain,0.09090909090909091,0.09090909090909091,0.0,False
5953,sex,woman,0,Retrieve,Explain,0.21428571428571427,0.21428571428571427,0.0,False
5953,sex,woman,0,Rank,Explain,0.1923722527324808,0.3145197547076216,-0.12214750197514082,False
5953,sex,woman,0,Explain,Explain,0.75,0.6666666666666666,0.08333333333333337,False
5953,sex,woman,0,Memory,Explain,0.5,1.0,-0.5,False
5953,sex,man,1,Elicit,Explain,0.09090909090909091,0.09090909090909091,0.0,True
5953,sex,man,1,Retrieve,Explain,0.21428571428571427,0.21428571428571427,0.0,True
5953,sex,man,1,Rank,Explain,0.393049838981722,0.1468268462286162,0.24622299275310583,True
5953,sex,man,1,Explain,Explain,1.0,1.0,0.0,True
5953,sex,man,1,Memory,Explain,1.0,0.3333333333333333,0.6666666666666667,True
5953,sex,woman,1,Elicit,Explain,0.09090909090909091,0.09090909090909091,0.0,False
5953,sex,woman,1,Retrieve,Explain,0.07142857142857142,0.21428571428571427,-0.14285714285714285,False
5953,sex,woman,1,Rank,Explain,0.04415831453073042,0.1468268462286162,-0.10266853169788577,False
5953,sex,woman,1,Explain,Explain,0.25,1.0,-0.75,False
5953,sex,woman,1,Memory,Explain,0.3333333333333333,0.3333333333333333,0.0,False
5996,age,teen,0,Elicit,Retrieve,0.0625,0.0625,0.0,False
5996,age,teen,0,Retrieve,Retrieve,0.0,0.013333333333333334,-0.013333333333333334,False
5996,age,teen,0,Rank,Retrieve,0.0,0.04848708728500009,-0.04848708728500009,False
5996,age,teen,0,Explain,Retrieve,0.75,0.75,0.0,False
5996,age,teen,0,Memory,Retrieve,1.0,1.0,0.0,False
5996,age,young,0,Elicit,Retrieve,0.0625,0.0625,0.0,True
5996,age,young,0,Retrieve,Retrieve,0.013333333333333334,0.013333333333333334,0.0,True
5996,age,young,0,Rank,Retrieve,0.036364455315083186,0.04848708728500009,-0.012122631969916906,True
5996,age,young,0,Explain,Retrieve,0.75,0.75,0.0,True
5996,age,young,0,Memory,Retrieve,1.0,1.0,0.0,True
5996,age,adult,0,Elicit,Retrieve,0.0625,0.0625,0.0,False
5996,age,adult,0,Retrieve,Retrieve,0.013333333333333334,0.013333333333333334,0.0,False
5996,age,adult,0,Rank,Retrieve,0.02140382421247921,0.04848708728500009,-0.02708326307252088,False
5996,age,adult,0,Explain,Retrieve,0.5,0.75,-0.25,False
5996,age,adult,0,Memory,Retrieve,0.5,1.0,-0.5,False
5996,age,teen,1,Elicit,Retrieve,0.0625,0.0625,0.0,False
5996,age,teen,1,Retrieve,Retrieve,0.0,0.013333333333333334,-0.013333333333333334,False
5996,age,teen,1,Rank,Retrieve,0.017702834930668623,0.14228792815026034,-0.12458509321959171,False
5996,age,teen,1,Explain,Retrieve,0.75,0.75,0.0,False
5996,age,teen,1,Memory,Retrieve,0.5,1.0,-0.5,False
5996,age,young,1,Elicit,Retrieve,0.0625,0.0625,0.0,True
5996,age,young,1,Retrieve,Retrieve,0.013333333333333334,0.013333333333333334,0.0,True
5996,age,young,1,Rank,Retrieve,0.04646227021102311,0.14228792815026034,-0.09582565793923722,True
5996,age,young,1,Explain,Retrieve,0.75,0.75,0.0,True
5996,age,young,1,Memory,Retrieve,0.5,1.0,-0.5,True
5996,age,adult,1,Elicit,Retrieve,0.0625,0.0625,0.0,False
5996,age,adult,1,Retrieve,Retrieve,0.013333333333333334,0.013333333333333334,0.0,False
5996,age,adult,1,Rank,Retrieve,0.05690756560835859,0.14228792815026034,-0.08538036254190175,False
5996,age,adult,1,Explain,Retrieve,0.6666666666666666,0.75,-0.08333333333333337,False
5996,age,adult,1,Memory,Retrieve,0.5,1.0,-0.5,False
