user,attribute,planted_stage,target,repeat,stage,natural,direct,inherited,noise
48,sex,Retrieve,man,0,Elicit,0.6666666666666667,0.6666666666666667,0.6666666666666667,0.75
48,sex,Retrieve,man,0,Retrieve,0.18181818181818177,0.5,0.5909090909090908,0.0
48,sex,Retrieve,man,0,Rank,0.6810662481785714,0.1935452696785715,0.6163125190428571,0.2028970357714286
48,sex,Retrieve,man,0,Explain,1.0,0.2,1.0,0.4
48,sex,Retrieve,man,0,Memory,0.6666666666666667,0.5,0.7083333333333334,0.0
48,sex,Retrieve,man,1,Elicit,0.6666666666666667,0.7083333333333334,0.7083333333333334,0.75
48,sex,Retrieve,man,1,Retrieve,1.0,0.8333333333333334,0.6826923076923077,0.8235294117647058
48,sex,Retrieve,man,1,Rank,0.8622504928,0.31509948327142856,0.8405608812464285,0.3611051671214285
48,sex,Retrieve,man,1,Explain,0.75,0.0,0.75,0.0
48,sex,Retrieve,man,1,Memory,0.6666666666666667,0.0,0.6666666666666667,1.0
119,sex,Memory,man,0,Elicit,0.75,0.7083333333333334,0.7083333333333334,0.75
119,sex,Memory,man,0,Retrieve,1.0,0.5,0.90625,1.0
119,sex,Memory,man,0,Rank,1.0,0.20597147972857138,1.0,0.09999999999999998
119,sex,Memory,man,0,Explain,0.75,0.525,0.9,0.6666666666666667
119,sex,Memory,man,0,Memory,1.0,0.6666666666666667,0.875,0.75
119,sex,Memory,man,1,Elicit,0.0,0.0,0.0,0.6666666666666667
119,sex,Memory,man,1,Retrieve,0.8888888888888888,0.7194570135746606,0.5238095238095238,0.0
119,sex,Memory,man,1,Rank,0.9612579511,0.4526338347178571,0.6726968251892858,0.47716444632857147
119,sex,Memory,man,1,Explain,0.33333333333333337,0.375,0.5833333333333334,0.33333333333333337
119,sex,Memory,man,1,Memory,0.5,0.16666666666666669,0.375,0.0
137,sex,Explain,man,0,Elicit,0.6666666666666667,0.6666666666666667,0.6666666666666667,0.6666666666666667
137,sex,Explain,man,0,Retrieve,0.8125,0.4391025641025641,0.6442307692307692,0.41666666666666663
137,sex,Explain,man,0,Rank,0.8759670131285714,0.2799922499857142,0.7934407386785713,0.07174401428571442
137,sex,Explain,man,0,Explain,0.8,0.16666666666666669,0.8166666666666667,0.0
137,sex,Explain,man,0,Memory,0.6666666666666667,0.4166666666666667,0.625,0.0
137,sex,Explain,man,1,Elicit,0.6666666666666667,0.375,0.7083333333333334,0.75
137,sex,Explain,man,1,Retrieve,0.46153846153846156,0.6425339366515836,0.5784313725490196,0.33333333333333337
137,sex,Explain,man,1,Rank,0.8359737076642857,0.24114773687142854,0.8597663675392857,0.5859100083571428
137,sex,Explain,man,1,Explain,0.8333333333333334,0.125,0.8452380952380953,0.25
137,sex,Explain,man,1,Memory,0.5,0.16666666666666669,0.5833333333333334,0.5
194,sex,Elicit,man,0,Elicit,0.6666666666666667,0.5833333333333334,0.5833333333333334,0.0
194,sex,Elicit,man,0,Retrieve,0.8461538461538461,0.7045454545454546,0.9615384615384616,0.8333333333333334
194,sex,Elicit,man,0,Rank,0.8581907386642857,0.3491876467464285,0.9073328603821429,0.07200000000000006
194,sex,Elicit,man,0,Explain,0.8333333333333334,0.0,0.8333333333333334,0.25
194,sex,Elicit,man,0,Memory,0.6666666666666667,0.375,0.7083333333333334,0.33333333333333337
194,sex,Elicit,man,1,Elicit,0.6666666666666667,0.6666666666666667,0.33333333333333337,0.0
194,sex,Elicit,man,1,Retrieve,0.9230769230769231,0.5944055944055944,0.7948717948717949,0.9230769230769231
194,sex,Elicit,man,1,Rank,0.9017157565642857,0.3089428585892858,0.9290953693321429,1.1102230246251565e-16
194,sex,Elicit,man,1,Explain,0.5,0.2916666666666667,0.2916666666666667,0.0
194,sex,Elicit,man,1,Memory,1.0,0.875,0.8333333333333334,0.0
217,age,Retrieve,young,0,Elicit,0.0,0.6666666666666667,0.6666666666666667,0.6666666666666667
217,age,Retrieve,young,0,Retrieve,0.5714285714285714,0.5714285714285714,0.33333333333333337,0.33333333333333337
217,age,Retrieve,young,0,Rank,0.6277314427428571,0.32953922137142855,0.4481499648071428,0.6277314427428571
217,age,Retrieve,young,0,Explain,0.8,0.25,0.7333333333333334,0.5
217,age,Retrieve,young,0,Memory,0.6666666666666667,0.5833333333333334,0.25,0.5
217,age,Retrieve,young,1,Elicit,0.0,0.0,0.0,0.75
217,age,Retrieve,young,1,Retrieve,0.33333333333333337,0.39743589743589747,0.09090909090909088,0.0
217,age,Retrieve,young,1,Rank,0.34408553577142853,0.6697717345,0.7141952344857143,0.6641369737428571
217,age,Retrieve,young,1,Explain,0.6666666666666667,0.0,0.6666666666666667,0.0
217,age,Retrieve,young,1,Memory,0.0,1.0,1.0,0.8
253,sex,Retrieve,woman,0,Elicit,0.33333333333333337,0.7083333333333334,0.7083333333333334,0.75
253,sex,Retrieve,woman,0,Retrieve,0.5555555555555556,0.4415584415584416,0.41558441558441556,0.5833333333333333
253,sex,Retrieve,woman,0,Rank,0.5723624285714286,0.20094124999999996,0.6082926785714287,0.1897605
253,sex,Retrieve,woman,0,Explain,0.75,0.0,0.75,0.0
253,sex,Retrieve,woman,0,Memory,0.5,0.16666666666666669,0.4166666666666667,0.0
253,sex,Retrieve,woman,1,Elicit,0.8,0.75,0.75,0.8
253,sex,Retrieve,woman,1,Retrieve,0.75,0.6190476190476191,0.7450980392156863,0.0
253,sex,Retrieve,woman,1,Rank,0.95049627085,0.2798812947214287,0.9277893293821429,0.26612203577142857
253,sex,Retrieve,woman,1,Explain,0.6666666666666667,0.4,0.8333333333333334,0.0
253,sex,Retrieve,woman,1,Memory,0.75,0.45833333333333337,0.775,0.33333333333333337
325,sex,none,man,0,Elicit,0.6666666666666667,0.375,0.7083333333333334,0.0
325,sex,none,man,0,Retrieve,0.75,0.5164835164835164,0.5164835164835164,0.6666666666666667
325,sex,none,man,0,Rank,0.5808472517928571,0.49557983233214276,0.7975141467464285,0.6822937028928571
325,sex,none,man,0,Explain,0.5,0.375,0.16666666666666669,0.0
325,sex,none,man,0,Memory,0.75,0.16666666666666669,0.7083333333333334,0.5
325,sex,none,man,1,Elicit,0.6666666666666667,0.5416666666666667,0.5416666666666667,0.6666666666666667
325,sex,none,man,1,Retrieve,0.6666666666666667,0.33333333333333337,0.42424242424242425,0.6666666666666667
325,sex,none,man,1,Rank,0.8159164296142857,0.4735828603964286,0.6320384653857143,0.29191421240714277
325,sex,none,man,1,Explain,0.8333333333333334,0.125,0.8166666666666667,0.0
325,sex,none,man,1,Memory,0.75,0.25,0.625,0.5
468,sex,Explain,man,0,Elicit,0.6666666666666667,0.6666666666666667,0.6666666666666667,0.6666666666666667
468,sex,Explain,man,0,Retrieve,0.7333333333333334,0.6523809523809524,0.5974358974358975,0.30000000000000004
468,sex,Explain,man,0,Rank,0.5980880262571429,0.29693949343571424,0.573528639025,0.2229477255357143
468,sex,Explain,man,0,Explain,0.5,0.16666666666666669,0.625,0.25
468,sex,Explain,man,0,Memory,0.5,0.5,0.33333333333333337,0.5
468,sex,Explain,man,1,Elicit,0.6666666666666667,0.6666666666666667,0.6666666666666667,0.6666666666666667
468,sex,Explain,man,1,Retrieve,0.0,0.5641025641025641,0.5641025641025641,0.33333333333333337
468,sex,Explain,man,1,Rank,0.38153799048571435,0.41233888305357136,0.38500871422857136,0.4835892649214285
468,sex,Explain,man,1,Explain,0.33333333333333337,0.16666666666666669,0.4166666666666667,0.33333333333333337
468,sex,Explain,man,1,Memory,0.5,0.25,0.5833333333333334,0.0
517,age,Elicit,young,0,Elicit,0.5,0.625,0.6666666666666667,0.5
517,age,Elicit,young,0,Retrieve,0.33333333333333337,0.25757575757575757,0.25757575757575757,0.33333333333333337
517,age,Elicit,young,0,Rank,0.44131495587142855,0.30829561515357135,0.38218960144642855,0.23569222915
517,age,Elicit,young,0,Explain,0.5,0.0,0.5,0.0
517,age,Elicit,young,0,Memory,0.75,0.625,0.4,0.75
517,age,Elicit,young,1,Elicit,0.75,0.625,0.6666666666666667,0.33333333333333337
517,age,Elicit,young,1,Retrieve,0.46153846153846156,0.32167832167832167,0.4523809523809524,0.46153846153846156
517,age,Elicit,young,1,Rank,0.8012919606142856,0.30159499522857136,0.7465877016785714,0.3486277303071429
517,age,Elicit,young,1,Explain,0.8333333333333334,0.125,0.8166666666666667,0.0
517,age,Elicit,young,1,Memory,0.6666666666666667,0.375,0.7083333333333334,0.75
518,sex,Explain,woman,0,Elicit,0.75,0.7083333333333334,0.7083333333333334,0.75
518,sex,Explain,woman,0,Retrieve,0.5714285714285714,0.7083333333333334,0.7301587301587301,0.6666666666666667
518,sex,Explain,woman,0,Rank,0.5021679594571429,0.32460445766428564,0.44842498269285713,0.3800185393857143
518,sex,Explain,woman,0,Explain,0.5,0.2916666666666667,0.2916666666666667,0.0
518,sex,Explain,woman,0,Memory,0.75,0.425,0.8285714285714286,0.0
518,sex,Explain,woman,1,Elicit,0.75,0.775,0.775,0.75
518,sex,Explain,woman,1,Retrieve,0.6666666666666667,0.5641025641025641,0.7450980392156863,0.46153846153846156
518,sex,Explain,woman,1,Rank,0.37056497374285713,0.37890430253214286,0.5712052416285714,0.6688644284285714
518,sex,Explain,woman,1,Explain,0.0,0.4166666666666667,0.4166666666666667,0.33333333333333337
518,sex,Explain,woman,1,Memory,0.75,0.16666666666666669,0.775,0.0
529,sex,none,man,0,Elicit,0.6666666666666667,0.33333333333333337,0.33333333333333337,0.75
529,sex,none,man,0,Retrieve,0.75,0.6641025641025642,0.625,0.8235294117647058
529,sex,none,man,0,Rank,0.6260722517928572,0.14778424343571428,0.5972271199107143,0.6394734916428572
529,sex,none,man,0,Explain,0.8,0.25,0.775,0.0
529,sex,none,man,0,Memory,0.6666666666666667,0.5,0.5,0.5
529,sex,none,man,1,Elicit,0.75,0.375,0.375,0.6666666666666667
529,sex,none,man,1,Retrieve,0.6666666666666667,0.8545454545454545,0.8545454545454545,0.5714285714285714
529,sex,none,man,1,Rank,0.5631502934928572,0.19204495167857144,0.5912554963857142,0.03653422553571439
529,sex,none,man,1,Explain,0.75,0.16666666666666669,0.7083333333333334,0.0
529,sex,none,man,1,Memory,0.75,0.16666666666666669,0.7083333333333334,0.5
547,age,Explain,young,0,Elicit,0.6666666666666667,0.6666666666666667,0.0,0.0
547,age,Explain,young,0,Retrieve,0.8235294117647058,0.8235294117647058,0.16666666666666669,0.0
547,age,Explain,young,0,Rank,0.4942765262571429,0.36145388484642854,0.41277677445,0.32566423030714287
547,age,Explain,young,0,Explain,0.33333333333333337,0.33333333333333337,0.0,0.0
547,age,Explain,young,0,Memory,0.8,0.16666666666666669,0.7,0.5
547,age,Explain,young,1,Elicit,0.8,0.8,0.8,0.75
547,age,Explain,young,1,Retrieve,1.0,0.9444444444444444,0.8776223776223776,0.4444444444444444
547,age,Explain,young,1,Rank,0.8297157565642858,0.21133175893571426,0.7797157565642858,0.018225000000000047
547,age,Explain,young,1,Explain,0.8,0.0,0.8,0.33333333333333337
547,age,Explain,young,1,Memory,0.75,0.16666666666666669,0.775,0.33333333333333337
567,sex,Memory,woman,0,Elicit,0.6666666666666667,0.75,0.75,0.75
567,sex,Memory,woman,0,Retrieve,0.33333333333333337,0.32167832167832167,0.39743589743589747,0.33333333333333337
567,sex,Memory,woman,0,Rank,0.17478797258571432,0.20094408594642865,0.27757639198928574,0.3292477792071429
567,sex,Memory,woman,0,Explain,0.25,0.125,0.125,0.0
567,sex,Memory,woman,0,Memory,0.8,0.4166666666666667,0.6333333333333333,0.0
567,sex,Memory,woman,1,Elicit,0.0,0.0,0.0,0.6666666666666667
567,sex,Memory,woman,1,Retrieve,0.46153846153846156,0.35,0.48951048951048953,0.5714285714285714
567,sex,Memory,woman,1,Rank,0.24886850477142852,0.1291431044107143,0.33496487468214287,0.16807642007142853
567,sex,Memory,woman,1,Explain,0.4,0.3,0.325,0.4
567,sex,Memory,woman,1,Memory,0.25,0.2916666666666667,0.25,0.25
630,age,Rank,young,0,Elicit,0.6666666666666667,0.6666666666666667,0.6666666666666667,0.0
630,age,Rank,young,0,Retrieve,0.4545454545454546,0.45833333333333337,0.3375,0.30000000000000004
630,age,Rank,young,0,Rank,0.6894369916428571,0.3792620907035714,0.6245570226571429,0.5694082445928571
630,age,Rank,young,0,Explain,0.75,0.4166666666666667,0.6333333333333333,0.33333333333333337
630,age,Rank,young,0,Memory,0.8,0.75,0.55,0.5
630,age,Rank,young,1,Elicit,0.0,0.6666666666666667,0.6666666666666667,0.0
630,age,Rank,young,1,Retrieve,0.5,0.25,0.25,0.6666666666666667
630,age,Rank,young,1,Rank,0.5227904285714285,0.23267349999999992,0.5024639285714285,0.0
630,age,Rank,young,1,Explain,0.8,0.2916666666666667,0.7916666666666667,0.0
630,age,Rank,young,1,Memory,0.33333333333333337,0.33333333333333337,0.4166666666666667,0.5
648,age,Memory,adult,0,Elicit,0.5,0.8,0.8,0.5
648,age,Memory,adult,0,Retrieve,0.8,0.4444444444444445,0.8375,0.33333333333333337
648,age,Memory,adult,0,Rank,0.7776827696928571,0.13944336991071427,0.7870196324607143,0.1339025142857142
648,age,Memory,adult,0,Explain,0.75,0.16666666666666669,0.7083333333333334,0.0
648,age,Memory,adult,0,Memory,1.0,0.7,0.875,1.0
648,age,Memory,adult,1,Elicit,0.5,0.7083333333333334,0.7083333333333334,0.6666666666666667
648,age,Memory,adult,1,Retrieve,0.46153846153846156,0.5714285714285714,0.5164835164835164,0.46153846153846156
648,age,Memory,adult,1,Rank,0.5859100083571428,0.33340601312857154,0.6182381282821428,0.47682292484285715
648,age,Memory,adult,1,Explain,0.6666666666666667,0.16666666666666669,0.5,0.33333333333333337
648,age,Memory,adult,1,Memory,0.6666666666666667,0.16666666666666669,0.5833333333333334,0.0
675,age,none,teen,0,Elicit,0.0,0.6666666666666667,0.6666666666666667,0.6666666666666667
675,age,none,teen,0,Retrieve,0.33333333333333337,0.33333333333333337,0.33333333333333337,0.5714285714285714
675,age,none,teen,0,Rank,0.6301223795285714,0.49026069035714276,0.5645811676857143,0.6206119558428571
675,age,none,teen,0,Explain,0.5,0.0,0.5,0.0
675,age,none,teen,0,Memory,0.6666666666666667,0.5833333333333334,0.25,0.33333333333333337
675,age,none,teen,1,Elicit,0.6666666666666667,0.6666666666666667,0.6666666666666667,0.6666666666666667
675,age,none,teen,1,Retrieve,0.18181818181818177,0.16666666666666669,0.25757575757575757,0.33333333333333337
675,age,none,teen,1,Rank,0.6357906861785714,0.3779646832142857,0.6123216515178571,0.4235386814071428
675,age,none,teen,1,Explain,0.0,0.2,0.2,0.0
675,age,none,teen,1,Memory,0.6666666666666667,0.4,0.7333333333333334,0.0
719,age,Explain,teen,0,Elicit,0.6666666666666667,0.7083333333333334,0.7083333333333334,0.6666666666666667
719,age,Explain,teen,0,Retrieve,0.46153846153846156,0.6190476190476191,0.6607142857142857,0.46153846153846156
719,age,Explain,teen,0,Rank,0.4197271814071428,0.2105227350642857,0.4102636814071428,0.4102272028928572
719,age,Explain,teen,0,Explain,0.0,0.0,0.0,0.0
719,age,Explain,teen,0,Memory,0.8,0.375,0.65,0.0
719,age,Explain,teen,1,Elicit,0.6666666666666667,0.6666666666666667,0.6666666666666667,0.6666666666666667
719,age,Explain,teen,1,Retrieve,0.18181818181818177,0.6190476190476191,0.5641025641025641,0.18181818181818177
719,age,Explain,teen,1,Rank,0.4275751814071428,0.4491908025464285,0.3428444326214285,0.3970434689714285
719,age,Explain,teen,1,Explain,0.8571428571428572,0.25,0.8333333333333334,0.0
719,age,Explain,teen,1,Memory,0.6666666666666667,0.0,0.6666666666666667,0.75
743,age,Memory,young,0,Elicit,0.6666666666666667,0.6666666666666667,0.6666666666666667,0.6666666666666667
743,age,Memory,young,0,Retrieve,0.75,0.0,0.75,0.18181818181818177
743,age,Memory,young,0,Rank,0.3914062792071429,0.5125529940142857,0.5974843991178571,0.3719270357714286
743,age,Memory,young,0,Explain,0.5,0.25,0.25,0.0
743,age,Memory,young,0,Memory,0.8333333333333334,0.3,0.75,0.19999999999999996
743,age,Memory,young,1,Elicit,0.5,0.5833333333333334,0.5833333333333334,0.6666666666666667
743,age,Memory,young,1,Retrieve,0.75,0.0,0.75,0.8235294117647058
743,age,Memory,young,1,Rank,0.38381426492142856,0.2483675752035714,0.5537467166,0.6249461993071428
743,age,Memory,young,1,Explain,0.0,0.125,0.125,0.0
743,age,Memory,young,1,Memory,0.5,0.33333333333333337,0.625,0.5
759,age,Rank,adult,0,Elicit,0.6666666666666667,0.7083333333333334,0.7083333333333334,0.75
759,age,Rank,adult,0,Retrieve,0.5714285714285714,0.6190476190476191,0.33333333333333337,0.6666666666666667
759,age,Rank,adult,0,Rank,0.7310742171785714,0.5214777213571429,0.682646106217857,0.33831477559285705
759,age,Rank,adult,0,Explain,0.5,0.0,0.5,0.0
759,age,Rank,adult,0,Memory,0.75,0.375,0.7083333333333334,0.5
759,age,Rank,adult,1,Elicit,0.75,0.5833333333333334,0.5416666666666667,0.5
759,age,Rank,adult,1,Retrieve,0.8235294117647058,0.2,0.7963800904977375,0.46153846153846156
759,age,Rank,adult,1,Rank,0.8448169785142857,0.43884587288928567,0.8320684868714285,0.4492484916428572
759,age,Rank,adult,1,Explain,0.8,0.5416666666666667,0.875,0.33333333333333337
759,age,Rank,adult,1,Memory,1.0,0.5,0.875,0.33333333333333337
775,age,Explain,adult,0,Elicit,0.75,0.5416666666666667,0.7333333333333334,0.75
775,age,Explain,adult,0,Retrieve,0.6666666666666667,0.0,0.6666666666666667,0.18181818181818177
775,age,Explain,adult,0,Rank,0.6644942696928571,0.3474311711964285,0.5414914116821429,0.1993647756214285
775,age,Explain,adult,0,Explain,1.0,0.5,0.9,0.5
775,age,Explain,adult,0,Memory,0.6666666666666667,0.0,0.6666666666666667,0.0
775,age,Explain,adult,1,Elicit,0.75,0.7083333333333334,0.7083333333333334,0.6666666666666667
775,age,Explain,adult,1,Retrieve,0.75,0.6607142857142857,0.6607142857142857,0.75
775,age,Explain,adult,1,Rank,0.6198685405428571,0.2939446151535714,0.6247642834,0.07200000000000006
775,age,Explain,adult,1,Explain,0.8333333333333334,0.25,0.7916666666666667,0.5
775,age,Explain,adult,1,Memory,0.6666666666666667,0.25,0.7333333333333334,0.0
784,sex,Retrieve,woman,0,Elicit,0.6666666666666667,0.7083333333333334,0.375,0.6666666666666667
784,sex,Retrieve,woman,0,Retrieve,0.5454545454545454,0.5641025641025641,0.4307692307692308,0.75
784,sex,Retrieve,woman,0,Rank,0.5391942517928572,0.19337662171785713,0.6222048961678572,0.3764192160214286
784,sex,Retrieve,woman,0,Explain,0.0,0.0,0.0,0.0
784,sex,Retrieve,woman,0,Memory,0.75,0.0,0.75,0.33333333333333337
784,sex,Retrieve,woman,1,Elicit,0.6666666666666667,0.5,0.7083333333333334,0.6666666666666667
784,sex,Retrieve,woman,1,Retrieve,0.9090909090909091,0.5666666666666667,0.6857142857142857,1.0
784,sex,Retrieve,woman,1,Rank,0.9564749821,0.09910009906071426,0.9447688693321429,0.0
784,sex,Retrieve,woman,1,Explain,0.6666666666666667,0.5,0.65,0.6666666666666667
784,sex,Retrieve,woman,1,Memory,0.8,0.33333333333333337,0.75,0.0
787,sex,Retrieve,woman,0,Elicit,0.33333333333333337,0.775,0.775,0.75
787,sex,Retrieve,woman,0,Retrieve,0.8,0.8015873015873016,0.7321428571428572,0.75
787,sex,Retrieve,woman,0,Rank,0.4424520536714285,0.3770516294392857,0.48180913542500003,0.2992360810857143
787,sex,Retrieve,woman,0,Explain,0.6666666666666667,0.0,0.6666666666666667,0.0
787,sex,Retrieve,woman,0,Memory,0.0,0.16666666666666669,0.16666666666666669,0.0
787,sex,Retrieve,woman,1,Elicit,0.75,0.775,0.775,0.75
787,sex,Retrieve,woman,1,Retrieve,0.6666666666666667,0.2857142857142857,0.6666666666666667,0.0
787,sex,Retrieve,woman,1,Rank,0.7011790405428571,0.17065747793571429,0.6435360334,0.3185319868714285
787,sex,Retrieve,woman,1,Explain,0.75,0.0,0.75,0.0
787,sex,Retrieve,woman,1,Memory,0.75,0.5666666666666667,0.775,0.0
811,sex,Retrieve,man,0,Elicit,0.75,0.775,0.775,0.75
811,sex,Retrieve,man,0,Retrieve,0.0,0.5,0.5,0.0
811,sex,Retrieve,man,0,Rank,0.39430145584285714,0.38140083593214297,0.482468577575,0.23410516712142848
811,sex,Retrieve,man,0,Explain,0.0,0.25,0.25,0.33333333333333337
811,sex,Retrieve,man,0,Memory,0.6666666666666667,0.25,0.7083333333333334,0.5
811,sex,Retrieve,man,1,Elicit,0.6666666666666667,0.75,0.75,0.75
811,sex,Retrieve,man,1,Retrieve,0.0,0.7544642857142857,0.7544642857142857,0.6666666666666667
811,sex,Retrieve,man,1,Rank,0.5924167613071428,0.39724571602142855,0.3933005632892857,0.43259477920714284
811,sex,Retrieve,man,1,Explain,0.6666666666666667,0.0,0.6666666666666667,0.0
811,sex,Retrieve,man,1,Memory,0.75,0.16666666666666669,0.7083333333333334,1.0
888,sex,none,woman,0,Elicit,0.33333333333333337,0.5416666666666667,0.4,0.6666666666666667
888,sex,none,woman,0,Retrieve,1.0,0.5,0.5,0.6666666666666667
888,sex,none,woman,0,Rank,1.0,0.34893107699642856,1.0,0.6122729248428571
888,sex,none,woman,0,Explain,0.5,0.33333333333333337,0.625,0.5
888,sex,none,woman,0,Memory,0.0,0.4166666666666667,0.4166666666666667,0.0
888,sex,none,woman,1,Elicit,0.6666666666666667,0.7083333333333334,0.7083333333333334,0.6666666666666667
888,sex,none,woman,1,Retrieve,0.875,0.6826923076923077,0.6944444444444444,0.0
888,sex,none,woman,1,Rank,0.8759670131285714,0.48444226846428573,0.8683021014464285,0.5327234737428571
888,sex,none,woman,1,Explain,0.6666666666666667,0.0,0.6666666666666667,0.33333333333333337
888,sex,none,woman,1,Memory,0.6666666666666667,0.0,0.6666666666666667,0.0
927,age,Memory,adult,0,Elicit,0.6666666666666667,0.6666666666666667,0.6666666666666667,0.6666666666666667
927,age,Memory,adult,0,Retrieve,0.6923076923076923,0.8020833333333334,0.719047619047619,0.9090909090909091
927,age,Memory,adult,0,Rank,0.8324419952285714,0.3954480996392857,0.7113410107428572,0.8507956897642857
927,age,Memory,adult,0,Explain,0.8,0.125,0.775,0.33333333333333337
927,age,Memory,adult,0,Memory,0.6666666666666667,0.16666666666666669,0.7083333333333334,0.0
927,age,Memory,adult,1,Elicit,0.6666666666666667,0.33333333333333337,0.6666666666666667,0.75
927,age,Memory,adult,1,Retrieve,0.0,0.9545454545454546,0.9545454545454546,0.0
927,age,Memory,adult,1,Rank,0.6102937028928571,0.6204379266357143,0.6464565328535714,0.6074899558428571
927,age,Memory,adult,1,Explain,0.5,0.16666666666666669,0.4166666666666667,0.33333333333333337
927,age,Memory,adult,1,Memory,1.0,0.75,0.8,0.5
960,sex,Retrieve,man,0,Elicit,0.6666666666666667,0.33333333333333337,0.6666666666666667,0.6666666666666667
960,sex,Retrieve,man,0,Retrieve,0.8,0.6307692307692307,0.4909090909090909,0.46153846153846156
960,sex,Retrieve,man,0,Rank,0.7297157565642858,0.2811324779214286,0.8363100065642857,0.3165342613071429
960,sex,Retrieve,man,0,Explain,0.33333333333333337,0.16666666666666669,0.16666666666666669,0.6666666666666667
960,sex,Retrieve,man,0,Memory,0.6666666666666667,0.0,0.6666666666666667,0.0
960,sex,Retrieve,man,1,Elicit,0.8,0.75,0.75,0.33333333333333337
960,sex,Retrieve,man,1,Retrieve,0.6666666666666667,0.6057692307692308,0.5641025641025641,0.75
960,sex,Retrieve,man,1,Rank,0.6875491992785714,0.29517647316428575,0.6260753365107142,0.2895342613071429
960,sex,Retrieve,man,1,Explain,0.75,0.0,0.75,0.0
960,sex,Retrieve,man,1,Memory,0.75,0.33333333333333337,0.7333333333333334,0.33333333333333337
979,sex,Memory,man,0,Elicit,0.0,0.0,0.0,0.6666666666666667
979,sex,Memory,man,0,Retrieve,0.0,0.39743589743589747,0.39743589743589747,0.33333333333333337
979,sex,Memory,man,0,Rank,0.48454223030714283,0.26463149522857143,0.27573973687142855,0.0
979,sex,Memory,man,0,Explain,0.8333333333333334,0.0,0.8333333333333334,0.25
979,sex,Memory,man,0,Memory,0.0,0.4166666666666667,0.4166666666666667,0.0
979,sex,Memory,man,1,Elicit,0.6666666666666667,0.6666666666666667,0.6666666666666667,0.6666666666666667
979,sex,Memory,man,1,Retrieve,0.46153846153846156,0.32167832167832167,0.32167832167832167,0.18181818181818177
979,sex,Memory,man,1,Rank,0.4876257649214285,0.3720981085892857,0.5853329684071428,0.2712044236857142
979,sex,Memory,man,1,Explain,0.6666666666666667,0.25,0.7333333333333334,0.6
979,sex,Memory,man,1,Memory,0.5,0.33333333333333337,0.5,0.75
992,age,Elicit,adult,0,Elicit,0.75,0.75,0.5833333333333334,0.5
992,age,Elicit,adult,0,Retrieve,0.75,0.6190476190476191,0.8194444444444444,0.6666666666666667
992,age,Elicit,adult,0,Rank,0.7075937207928571,0.40987586573214285,0.8070922595285714,0.2503434868714285
992,age,Elicit,adult,0,Explain,0.8333333333333334,0.2,0.8333333333333334,0.0
992,age,Elicit,adult,0,Memory,0.6666666666666667,0.375,0.75,0.0
992,age,Elicit,adult,1,Elicit,0.6666666666666667,0.6666666666666667,0.0,0.6666666666666667
992,age,Elicit,adult,1,Retrieve,0.6666666666666667,0.5641025641025641,0.5641025641025641,0.6666666666666667
992,age,Elicit,adult,1,Rank,0.8083244153285714,0.7198281945357143,0.5356180865107143,0.3209367756214285
992,age,Elicit,adult,1,Explain,0.75,0.5,0.65,0.0
992,age,Elicit,adult,1,Memory,0.5,0.5833333333333334,0.5833333333333334,0.6666666666666667
1045,sex,Memory,man,0,Elicit,0.6666666666666667,0.375,0.5,0.75
1045,sex,Memory,man,0,Retrieve,0.8235294117647058,0.5784313725490196,0.5784313725490196,0.33333333333333337
1045,sex,Memory,man,0,Rank,0.7757082982642857,0.6318988454607142,0.7962727279214286,0.4722227613357143
1045,sex,Memory,man,0,Explain,0.75,0.0,0.75,0.0
1045,sex,Memory,man,0,Memory,0.6666666666666667,0.33333333333333337,0.7333333333333334,0.33333333333333337
1045,sex,Memory,man,1,Elicit,0.0,0.6666666666666667,0.6666666666666667,0.6666666666666667
1045,sex,Memory,man,1,Retrieve,0.5714285714285714,0.42424242424242425,0.42424242424242425,0.5714285714285714
1045,sex,Memory,man,1,Rank,0.8704370274142856,0.39409688123214287,0.7841909940142857,0.35681426492142854
1045,sex,Memory,man,1,Explain,0.75,0.4166666666666667,0.775,0.25
1045,sex,Memory,man,1,Memory,0.6666666666666667,0.6666666666666667,0.4,0.25
1088,age,Rank,young,0,Elicit,0.0,0.6666666666666667,0.6666666666666667,0.5
1088,age,Rank,young,0,Retrieve,0.0,0.0,0.0,0.0
1088,age,Rank,young,0,Rank,0.5951569880285714,0.49313073211428565,0.469264610975,0.29373981023571427
1088,age,Rank,young,0,Explain,0.33333333333333337,0.25,0.5,0.0
1088,age,Rank,young,0,Memory,0.0,0.0,0.0,0.0
1088,age,Rank,young,1,Elicit,0.6666666666666667,0.6666666666666667,0.6666666666666667,0.6666666666666667
1088,age,Rank,young,1,Retrieve,0.0,0.0,0.0,0.8235294117647058
1088,age,Rank,young,1,Rank,0.4779642482071429,0.5526709982071427,0.47190848925714285,0.657630220792857
1088,age,Rank,young,1,Explain,0.8,0.25,0.7333333333333334,0.0
1088,age,Rank,young,1,Memory,0.5,0.5,0.33333333333333337,0.5
1096,sex,Elicit,woman,0,Elicit,0.6666666666666667,0.6666666666666667,0.33333333333333337,0.5
1096,sex,Elicit,woman,0,Retrieve,0.6666666666666667,0.46153846153846156,0.6607142857142857,0.75
1096,sex,Elicit,woman,0,Rank,0.7853609153285714,0.10154700057857147,0.8139850352392857,0.11663793797142863
1096,sex,Elicit,woman,0,Explain,0.75,0.0,0.75,0.0
1096,sex,Elicit,woman,0,Memory,0.6666666666666667,0.33333333333333337,0.6666666666666667,0.0
1096,sex,Elicit,woman,1,Elicit,0.6666666666666667,0.6666666666666667,0.33333333333333337,0.0
1096,sex,Elicit,woman,1,Retrieve,0.6363636363636364,0.3409090909090909,0.5833333333333334,0.6363636363636364
1096,sex,Elicit,woman,1,Rank,0.6389692517928571,0.3379931133464285,0.6026860089357143,0.14522499999999994
1096,sex,Elicit,woman,1,Explain,0.8,0.16666666666666669,0.775,0.25
1096,sex,Elicit,woman,1,Memory,0.5,0.4166666666666667,0.6666666666666667,0.6666666666666667
1104,sex,Elicit,woman,0,Elicit,0.6666666666666667,0.6666666666666667,0.33333333333333337,0.0
1104,sex,Elicit,woman,0,Retrieve,0.875,0.3888888888888889,0.8125,0.4
1104,sex,Elicit,woman,0,Rank,0.678555,0.035999999999999976,0.678555,0.04500000000000004
1104,sex,Elicit,woman,0,Explain,0.0,0.0,0.0,0.0
1104,sex,Elicit,woman,0,Memory,0.6666666666666667,0.0,0.6666666666666667,0.33333333333333337
1104,sex,Elicit,woman,1,Elicit,0.6666666666666667,0.7083333333333334,0.375,0.0
1104,sex,Elicit,woman,1,Retrieve,0.8333333333333334,0.4791666666666667,0.65,0.6
1104,sex,Elicit,woman,1,Rank,0.64575,0.03600000000000003,0.64575,0.04500000000000004
1104,sex,Elicit,woman,1,Explain,0.0,0.0,0.0,0.0
1104,sex,Elicit,woman,1,Memory,0.33333333333333337,0.16666666666666669,0.5,0.33333333333333337
1114,age,Retrieve,adult,0,Elicit,0.75,0.7083333333333334,0.7083333333333334,0.75
1114,age,Retrieve,adult,0,Retrieve,0.0,0.16666666666666669,0.16666666666666669,0.0
1114,age,Retrieve,adult,0,Rank,0.6824906682785714,0.589358860975,0.6794147308857142,0.4885972339214285
1114,age,Retrieve,adult,0,Explain,1.0,0.45833333333333337,1.0,0.4
1114,age,Retrieve,adult,0,Memory,0.8333333333333334,0.3,0.75,0.4
1114,age,Retrieve,adult,1,Elicit,0.6666666666666667,0.33333333333333337,0.33333333333333337,0.6666666666666667
1114,age,Retrieve,adult,1,Retrieve,0.0,0.33333333333333337,0.33333333333333337,0.0
1114,age,Retrieve,adult,1,Rank,0.4136227624928571,0.40490600535000004,0.3166185119142857,0.3973844427428571
1114,age,Retrieve,adult,1,Explain,0.33333333333333337,0.16666666666666669,0.16666666666666669,0.33333333333333337
1114,age,Retrieve,adult,1,Memory,0.75,0.0,0.75,0.0
1141,age,Retrieve,young,0,Elicit,0.6666666666666667,0.33333333333333337,0.33333333333333337,0.6666666666666667
1141,age,Retrieve,young,0,Retrieve,0.75,0.4117647058823529,0.4659090909090909,0.75
1141,age,Retrieve,young,0,Rank,0.6664734916428572,0.4327219803071429,0.7376352171785714,0.1411044546857143
1141,age,Retrieve,young,0,Explain,0.75,0.0,0.75,0.0
1141,age,Retrieve,young,0,Memory,0.6666666666666667,0.0,0.6666666666666667,0.5
1141,age,Retrieve,young,1,Elicit,0.6666666666666667,0.6666666666666667,0.6666666666666667,0.0
1141,age,Retrieve,young,1,Retrieve,0.75,0.8486842105263158,0.2857142857142857,0.8235294117647058
1141,age,Retrieve,young,1,Rank,0.7441962171785714,0.43673134249642853,0.6416952344857143,0.4776069522571428
1141,age,Retrieve,young,1,Explain,0.8571428571428572,0.25,0.9166666666666667,0.75
1141,age,Retrieve,young,1,Memory,0.6666666666666667,0.0,0.6666666666666667,0.0
1164,sex,Explain,man,0,Elicit,0.6666666666666667,0.6666666666666667,0.6666666666666667,0.6666666666666667
1164,sex,Explain,man,0,Retrieve,0.9473684210526316,0.4736842105263158,0.4736842105263158,0.5714285714285714
1164,sex,Explain,man,0,Rank,0.46668200592857145,0.6190656109749999,0.7799370095285715,0.7281790405428572
1164,sex,Explain,man,0,Explain,0.33333333333333337,0.4166666666666667,0.125,0.25
1164,sex,Explain,man,0,Memory,0.6666666666666667,0.0,0.6666666666666667,0.0
1164,sex,Explain,man,1,Elicit,0.6666666666666667,0.33333333333333337,0.33333333333333337,0.33333333333333337
1164,sex,Explain,man,1,Retrieve,0.0,0.0,0.0,0.0
1164,sex,Explain,man,1,Rank,0.26856848687142854,0.5139073222249999,0.5148972547571429,0.4868814773571428
1164,sex,Explain,man,1,Explain,0.5,0.5,0.2,0.25
1164,sex,Explain,man,1,Memory,0.6666666666666667,0.0,0.6666666666666667,0.5
1169,age,Elicit,adult,0,Elicit,0.75,0.7083333333333334,0.16666666666666669,0.0
1169,age,Elicit,adult,0,Retrieve,0.6923076923076923,0.39285714285714285,0.43706293706293703,0.6923076923076923
1169,age,Elicit,adult,0,Rank,0.6672205083571429,0.33485571422857136,0.7080013645750001,0.23012199999999994
1169,age,Elicit,adult,0,Explain,0.8,0.125,0.775,0.0
1169,age,Elicit,adult,0,Memory,0.8,0.4166666666666667,0.775,0.33333333333333337
1169,age,Elicit,adult,1,Elicit,0.6666666666666667,0.7083333333333334,0.375,0.0
1169,age,Elicit,adult,1,Retrieve,0.5384615384615384,0.4123376623376623,0.6071428571428571,0.6428571428571428
1169,age,Elicit,adult,1,Rank,0.6760077171785714,0.19889496898571424,0.6226317326928571,0.21093901428571415
1169,age,Elicit,adult,1,Explain,0.5,0.0,0.5,0.0
1169,age,Elicit,adult,1,Memory,0.6666666666666667,0.33333333333333337,0.6666666666666667,0.6666666666666667
1187,age,none,young,0,Elicit,0.6666666666666667,0.33333333333333337,0.33333333333333337,0.0
1187,age,none,young,0,Retrieve,0.0,0.0,0.0,0.0
1187,age,none,young,0,Rank,0.31972718140714285,0.4282009009392857,0.4282009009392857,0.39386850477142854
1187,age,none,young,0,Explain,0.0,0.125,0.125,0.0
1187,age,none,young,0,Memory,0.5,0.65,0.7083333333333334,0.0
1187,age,none,young,1,Elicit,0.6666666666666667,0.33333333333333337,0.33333333333333337,0.6666666666666667
1187,age,none,young,1,Retrieve,0.8235294117647058,0.4117647058823529,0.4117647058823529,0.0
1187,age,none,young,1,Rank,0.8943207076642857,0.6835931766357143,0.8368236987142856,0.6000266360928571
1187,age,none,young,1,Explain,0.0,0.0,0.0,0.0
1187,age,none,young,1,Memory,0.5,0.25,0.25,0.5
1194,age,Memory,teen,0,Elicit,0.6666666666666667,0.375,0.7083333333333334,0.6666666666666667
1194,age,Memory,teen,0,Retrieve,0.46153846153846156,0.7908653846153846,0.7908653846153846,0.46153846153846156
1194,age,Memory,teen,0,Rank,0.6102937028928571,0.5037546038321428,0.6630744653714284,0.7128492171785714
1194,age,Memory,teen,0,Explain,0.6666666666666667,0.0,0.6666666666666667,0.0
1194,age,Memory,teen,0,Memory,0.6666666666666667,0.16666666666666669,0.7083333333333334,0.0
1194,age,Memory,teen,1,Elicit,0.0,0.0,0.0,0.33333333333333337
1194,age,Memory,teen,1,Retrieve,0.0,0.375,0.375,0.0
1194,age,Memory,teen,1,Rank,0.45573144274285715,0.391639619925,0.46978386155357144,0.49612845702857145
1194,age,Memory,teen,1,Explain,0.0,0.0,0.0,0.0
1194,age,Memory,teen,1,Memory,0.6666666666666667,1.0,1.0,0.6666666666666667
1198,sex,none,man,0,Elicit,0.6666666666666667,0.33333333333333337,0.6666666666666667,0.6666666666666667
1198,sex,none,man,0,Retrieve,0.33333333333333337,0.6410256410256411,0.6857142857142857,0.6666666666666667
1198,sex,none,man,0,Rank,0.6616905226428571,0.2714446151535714,0.6467226282678571,0.5492484916428572
1198,sex,none,man,0,Explain,0.8333333333333334,0.325,0.7285714285714286,0.0
1198,sex,none,man,0,Memory,0.6666666666666667,0.33333333333333337,0.6666666666666667,0.6666666666666667
1198,sex,none,man,1,Elicit,0.6666666666666667,0.6666666666666667,0.6666666666666667,0.6666666666666667
1198,sex,none,man,1,Retrieve,0.75,0.4659090909090909,0.5416666666666667,0.18181818181818177
1198,sex,none,man,1,Rank,0.5510307482071428,0.1921964618428571,0.6201695226571429,0.3020550393857143
1198,sex,none,man,1,Explain,0.8333333333333334,0.125,0.8452380952380953,0.5
1198,sex,none,man,1,Memory,0.75,0.4166666666666667,0.6666666666666667,0.6666666666666667
1207,age,Explain,young,0,Elicit,0.5,0.5833333333333334,0.5833333333333334,0.5
1207,age,Explain,young,0,Retrieve,0.0,0.45454545454545453,0.45454545454545453,0.0
1207,age,Explain,young,0,Rank,0.49168551905714275,0.6948242100357143,0.47081311992499997,0.6383644284571428
1207,age,Explain,young,0,Explain,0.8,0.16666666666666669,0.8166666666666667,0.0
1207,age,Explain,young,0,Memory,0.6666666666666667,0.16666666666666669,0.5833333333333334,0.0
1207,age,Explain,young,1,Elicit,0.6666666666666667,0.33333333333333337,0.33333333333333337,0.6666666666666667
1207,age,Explain,young,1,Retrieve,0.8125,0.6196581196581197,0.8957219251336899,0.46153846153846156
1207,age,Explain,young,1,Rank,0.7833869916142857,0.41627459963928565,0.5902460972535715,0.37815698802857134
1207,age,Explain,young,1,Explain,0.5,0.25,0.5833333333333334,0.0
1207,age,Explain,young,1,Memory,0.6666666666666667,0.25,0.5833333333333334,0.0
1336,age,Explain,adult,0,Elicit,0.33333333333333337,0.5,0.375,0.5
1336,age,Explain,adult,0,Retrieve,0.6666666666666667,0.6477272727272727,0.7083333333333334,0.75
1336,age,Explain,adult,0,Rank,0.6834027660785714,0.6293948609607143,0.7801428669464285,0.19301297258571426
1336,age,Explain,adult,0,Explain,0.5,0.425,0.25,0.25
1336,age,Explain,adult,0,Memory,0.75,0.5,0.7916666666666667,0.5
1336,age,Explain,adult,1,Elicit,0.6666666666666667,0.5,0.7083333333333334,0.6666666666666667
1336,age,Explain,adult,1,Retrieve,0.7692307692307692,0.3141025641025641,0.7083333333333334,0.5
1336,age,Explain,adult,1,Rank,0.7764315131285714,0.21120587886071424,0.8012175131285715,0.221572
1336,age,Explain,adult,1,Explain,0.75,0.16666666666666669,0.775,0.25
1336,age,Explain,adult,1,Memory,0.6666666666666667,0.0,0.6666666666666667,0.0
1499,sex,none,woman,0,Elicit,0.6666666666666667,0.33333333333333337,0.6666666666666667,0.6666666666666667
1499,sex,none,woman,0,Retrieve,0.0,0.09090909090909088,0.09090909090909088,0.33333333333333337
1499,sex,none,woman,0,Rank,0.5705801849928571,0.4753471897642857,0.5814865722249999,0.6511436682785714
1499,sex,none,woman,0,Explain,0.8,0.33333333333333337,0.8,0.0
1499,sex,none,woman,0,Memory,0.6666666666666667,0.33333333333333337,0.6666666666666667,0.6666666666666667
1499,sex,none,woman,1,Elicit,0.6666666666666667,0.6666666666666667,0.6666666666666667,0.6666666666666667
1499,sex,none,woman,1,Retrieve,0.18181818181818177,0.09090909090909088,0.09090909090909088,0.18181818181818177
1499,sex,none,woman,1,Rank,0.7881699606142857,0.7021364445357143,0.7788330978464286,0.6491644463285714
1499,sex,none,woman,1,Explain,0.33333333333333337,0.16666666666666669,0.16666666666666669,0.0
1499,sex,none,woman,1,Memory,0.75,0.16666666666666669,0.775,0.25
1500,sex,Explain,man,0,Elicit,0.6666666666666667,0.6666666666666667,0.6666666666666667,0.6666666666666667
1500,sex,Explain,man,0,Retrieve,0.18181818181818177,0.09090909090909088,0.09090909090909088,0.18181818181818177
1500,sex,Explain,man,0,Rank,0.5916697445928571,0.47760695225714284,0.33874134963928565,0.4728239832571428
1500,sex,Explain,man,0,Explain,0.8333333333333334,0.16666666666666669,0.8166666666666667,0.0
1500,sex,Explain,man,0,Memory,0.5,0.25,0.5833333333333334,0.75
1500,sex,Explain,man,1,Elicit,0.6666666666666667,0.6666666666666667,0.6666666666666667,0.6666666666666667
1500,sex,Explain,man,1,Retrieve,0.5714285714285714,0.32167832167832167,0.32167832167832167,0.46153846153846156
1500,sex,Explain,man,1,Rank,0.5785149594571428,0.3559175924964285,0.6353894284428572,0.6189119737428571
1500,sex,Explain,man,1,Explain,0.8333333333333334,0.25,0.8285714285714286,0.0
1500,sex,Explain,man,1,Memory,0.6666666666666667,0.75,0.75,0.0
1563,sex,Explain,man,0,Elicit,0.75,0.7083333333333334,0.7083333333333334,0.8
1563,sex,Explain,man,0,Retrieve,0.5714285714285714,0.5714285714285714,0.5641025641025641,0.8235294117647058
1563,sex,Explain,man,0,Rank,0.3572502339214285,0.32065052027142854,0.4129652565642857,0.29545556679999996
1563,sex,Explain,man,0,Explain,0.0,0.16666666666666669,0.16666666666666669,0.5
1563,sex,Explain,man,0,Memory,0.8,0.16666666666666669,0.775,0.0
1563,sex,Explain,man,1,Elicit,0.75,0.75,0.5833333333333334,0.5
1563,sex,Explain,man,1,Retrieve,0.75,0.375,0.75,0.75
1563,sex,Explain,man,1,Rank,0.6791240369285714,0.33066661334642855,0.6038411580678571,0.2899714689999999
1563,sex,Explain,man,1,Explain,0.5,0.45,0.5833333333333334,0.4
1563,sex,Explain,man,1,Memory,0.75,0.75,0.9285714285714286,0.0
1568,age,Rank,teen,0,Elicit,0.6666666666666667,0.6666666666666667,0.6666666666666667,0.6666666666666667
1568,age,Rank,teen,0,Retrieve,0.75,0.375,0.375,0.8235294117647058
1568,age,Rank,teen,0,Rank,0.7341577517928571,0.5852076246678571,0.6648830972535713,0.6338779642285715
1568,age,Rank,teen,0,Explain,0.8571428571428572,0.0,0.8571428571428572,0.5
1568,age,Rank,teen,0,Memory,1.0,0.5,0.8333333333333334,1.0
1568,age,Rank,teen,1,Elicit,0.75,0.375,0.375,0.75
1568,age,Rank,teen,1,Retrieve,0.8125,0.6523809523809524,0.5974358974358975,0.7333333333333334
1568,age,Rank,teen,1,Rank,0.8747157565642857,0.4141934958071428,0.8353117631285714,0.16322499999999995
1568,age,Rank,teen,1,Explain,0.6666666666666667,0.0,0.6666666666666667,0.0
1568,age,Rank,teen,1,Memory,0.75,0.375,0.7333333333333334,0.25
1653,age,none,teen,0,Elicit,0.0,0.0,0.0,0.0
1653,age,none,teen,0,Retrieve,0.7857142857142857,0.29166666666666663,0.7678571428571428,0.5714285714285714
1653,age,none,teen,0,Rank,0.6256235262571428,0.23056500238571426,0.6232963890250001,0.6559504391285713
1653,age,none,teen,0,Explain,0.6666666666666667,0.0,0.6666666666666667,0.0
1653,age,none,teen,0,Memory,0.0,0.33333333333333337,0.33333333333333337,0.33333333333333337
1653,age,none,teen,1,Elicit,0.0,0.6666666666666667,0.6666666666666667,0.6666666666666667
1653,age,none,teen,1,Retrieve,0.8181818181818181,0.7440476190476191,0.6891025641025641,0.7777777777777778
1653,age,none,teen,1,Rank,0.9612579511,0.15591501969285715,0.9588664666,0.0
1653,age,none,teen,1,Explain,0.5,0.2916666666666667,0.675,0.33333333333333337
1653,age,none,teen,1,Memory,0.5,0.875,0.75,0.5
1658,sex,none,man,0,Elicit,0.6666666666666667,0.33333333333333337,0.33333333333333337,0.6666666666666667
1658,sex,none,man,0,Retrieve,0.18181818181818177,0.25757575757575757,0.25757575757575757,0.5714285714285714
1658,sex,none,man,0,Rank,0.3520868102357143,0.4942929611928571,0.49776060021785706,0.2785386814071429
1658,sex,none,man,0,Explain,0.25,0.25,0.0,0.6666666666666667
1658,sex,none,man,0,Memory,0.5,0.25,0.25,0.5
1658,sex,none,man,1,Elicit,0.6666666666666667,0.33333333333333337,0.33333333333333337,0.6666666666666667
1658,sex,none,man,1,Retrieve,0.18181818181818177,0.18181818181818177,0.09090909090909088,0.18181818181818177
1658,sex,none,man,1,Rank,0.41726495584285717,0.5198552142142857,0.5609887476142856,0.6023869558428572
1658,sex,none,man,1,Explain,0.0,0.16666666666666669,0.16666666666666669,0.33333333333333337
1658,sex,none,man,1,Memory,0.6666666666666667,0.0,0.6666666666666667,0.0
1815,age,none,young,0,Elicit,0.6666666666666667,0.6666666666666667,0.6666666666666667,0.6666666666666667
1815,age,none,young,0,Retrieve,0.0,0.0,0.0,0.0
1815,age,none,young,0,Rank,0.06693724343571428,0.40391158117500003,0.40584297555,0.3759635357714285
1815,age,none,young,0,Explain,0.33333333333333337,0.0,0.33333333333333337,0.33333333333333337
1815,age,none,young,0,Memory,0.6666666666666667,0.16666666666666669,0.5833333333333334,0.5
1815,age,none,young,1,Elicit,0.6666666666666667,0.33333333333333337,0.33333333333333337,0.6666666666666667
1815,age,none,young,1,Retrieve,0.2727272727272727,0.375,0.2992424242424242,0.0
1815,age,none,young,1,Rank,0.04950372915000001,0.5347561945357143,0.5788790835607143,0.4438209594571427
1815,age,none,young,1,Explain,0.0,0.0,0.0,0.0
1815,age,none,young,1,Memory,0.5,0.375,0.5833333333333334,0.5
1857,sex,Rank,man,0,Elicit,0.6666666666666667,0.33333333333333337,0.33333333333333337,0.6666666666666667
1857,sex,Rank,man,0,Retrieve,0.0,0.375,0.375,0.8235294117647058
1857,sex,Rank,man,0,Rank,0.4743764737428571,0.6894407207928571,0.6129623180607143,0.5444655226428572
1857,sex,Rank,man,0,Explain,0.4,0.0,0.4,0.0
1857,sex,Rank,man,0,Memory,0.5,0.25,0.5833333333333334,0.0
1857,sex,Rank,man,1,Elicit,0.0,0.0,0.0,0.6666666666666667
1857,sex,Rank,man,1,Retrieve,0.7692307692307692,0.3846153846153846,0.717948717948718,0.0
1857,sex,Rank,man,1,Rank,0.6656894642285714,0.4490833896035714,0.7462043669607143,0.4779642482071429
1857,sex,Rank,man,1,Explain,0.6666666666666667,0.0,0.6666666666666667,0.0
1857,sex,Rank,man,1,Memory,0.6666666666666667,0.5833333333333334,0.375,0.6666666666666667
1871,sex,Elicit,man,0,Elicit,0.6666666666666667,0.7083333333333334,0.16666666666666669,0.0
1871,sex,Elicit,man,0,Retrieve,0.0,0.0,0.0,0.0
1871,sex,Elicit,man,0,Rank,0.21978797258571425,0.6061866921357142,0.6560369826785715,0.0
1871,sex,Elicit,man,0,Explain,0.25,0.125,0.125,0.0
1871,sex,Elicit,man,0,Memory,0.0,0.25,0.25,0.5
1871,sex,Elicit,man,1,Elicit,0.5,0.5833333333333334,0.5833333333333334,0.5
1871,sex,Elicit,man,1,Retrieve,0.18181818181818177,0.09090909090909088,0.09090909090909088,0.0
1871,sex,Elicit,man,1,Rank,0.12403298687142861,0.2643767368714286,0.3263932303071429,0.0
1871,sex,Elicit,man,1,Explain,0.25,0.25,0.5,0.25
1871,sex,Elicit,man,1,Memory,0.5,0.625,0.4,0.5
1928,sex,Retrieve,man,0,Elicit,0.6666666666666667,0.6666666666666667,0.33333333333333337,0.75
1928,sex,Retrieve,man,0,Retrieve,0.46153846153846156,0.3766233766233766,0.25757575757575757,0.8888888888888888
1928,sex,Retrieve,man,0,Rank,0.5411486360928571,0.24681206444642856,0.543796690342857,0.07297146900000007
1928,sex,Retrieve,man,0,Explain,0.8,0.0,0.8,0.0
1928,sex,Retrieve,man,0,Memory,0.8,0.55,0.6666666666666667,0.5
1928,sex,Retrieve,man,1,Elicit,0.6666666666666667,0.33333333333333337,0.6666666666666667,0.5
1928,sex,Retrieve,man,1,Retrieve,0.6666666666666667,0.32167832167832167,0.5,0.75
1928,sex,Retrieve,man,1,Rank,0.5023185047714285,0.28382457338214284,0.48863756386785717,0.2702842434357142
1928,sex,Retrieve,man,1,Explain,0.33333333333333337,0.16666666666666669,0.16666666666666669,0.33333333333333337
1928,sex,Retrieve,man,1,Memory,0.6666666666666667,0.5833333333333334,0.375,0.6666666666666667
1948,age,Elicit,young,0,Elicit,0.6666666666666667,0.5833333333333334,0.5833333333333334,0.5
1948,age,Elicit,young,0,Retrieve,0.33333333333333337,0.4358974358974359,0.2992424242424242,1.0
1948,age,Elicit,young,0,Rank,0.7861907386642857,0.6952784582285714,0.7937181396035715,0.6398045679571428
1948,age,Elicit,young,0,Explain,0.8,0.4,0.6000000000000001,0.5
1948,age,Elicit,young,0,Memory,0.6666666666666667,0.3,0.75,0.33333333333333337
1948,age,Elicit,young,1,Elicit,0.6666666666666667,0.6666666666666667,0.33333333333333337,0.0
1948,age,Elicit,young,1,Retrieve,0.33333333333333337,0.8333333333333334,0.7307692307692308,1.0
1948,age,Elicit,young,1,Rank,0.7258187207928571,0.54756948745,0.7520854916285714,0.7136407028928571
1948,age,Elicit,young,1,Explain,0.8333333333333334,0.5,0.7916666666666667,0.0
1948,age,Elicit,young,1,Memory,0.8333333333333334,0.3,0.75,0.19999999999999996
1957,sex,Memory,man,0,Elicit,0.6666666666666667,0.5833333333333334,0.5833333333333334,0.8
1957,sex,Memory,man,0,Retrieve,1.0,0.7857142857142857,0.829059829059829,1.0
1957,sex,Memory,man,0,Rank,0.7044315131285714,0.1955632458214287,0.7044315131285714,0.12345556680000014
1957,sex,Memory,man,0,Explain,0.5,0.0,0.5,0.25
1957,sex,Memory,man,0,Memory,0.75,0.25,0.775,0.0
1957,sex,Memory,man,1,Elicit,0.6666666666666667,0.75,0.75,0.75
1957,sex,Memory,man,1,Retrieve,0.0,0.0,0.0,0.0
1957,sex,Memory,man,1,Rank,0.22214829233571431,0.4157490065642857,0.4211158293821428,0.02071401428571429
1957,sex,Memory,man,1,Explain,0.33333333333333337,0.16666666666666669,0.16666666666666669,0.33333333333333337
1957,sex,Memory,man,1,Memory,0.75,0.16666666666666669,0.7083333333333334,0.25
2003,age,none,teen,0,Elicit,0.6666666666666667,0.33333333333333337,0.33333333333333337,0.6666666666666667
2003,age,none,teen,0,Retrieve,0.5714285714285714,0.2857142857142857,0.2857142857142857,0.0
2003,age,none,teen,0,Rank,0.45375222079285726,0.4408237166000001,0.6659114624214285,0.3400094594571428
2003,age,none,teen,0,Explain,0.25,0.25,0.0,0.0
2003,age,none,teen,0,Memory,0.0,0.0,0.0,0.5
2003,age,none,teen,1,Elicit,0.0,0.33333333333333337,0.33333333333333337,0.6666666666666667
2003,age,none,teen,1,Retrieve,0.0,0.0,0.0,0.0
2003,age,none,teen,1,Rank,0.7267627028928572,0.6659326616821428,0.6000472637071428,0.3483484904571429
2003,age,none,teen,1,Explain,0.6666666666666667,0.0,0.6666666666666667,0.0
2003,age,none,teen,1,Memory,0.0,0.25,0.25,0.5
2045,sex,Explain,woman,0,Elicit,0.75,0.7083333333333334,0.7083333333333334,0.75
2045,sex,Explain,woman,0,Retrieve,0.5714285714285714,0.5,0.5,0.16666666666666663
2045,sex,Explain,woman,0,Rank,0.615061,0.02906100000000006,0.6085,0.04522500000000007
2045,sex,Explain,woman,0,Explain,0.4,0.0,0.4,0.0
2045,sex,Explain,woman,0,Memory,0.75,0.16666666666666669,0.7083333333333334,0.0
2045,sex,Explain,woman,1,Elicit,0.75,0.7083333333333334,0.7083333333333334,0.6666666666666667
2045,sex,Explain,woman,1,Retrieve,0.33333333333333337,0.125,0.4166666666666667,0.16666666666666663
2045,sex,Explain,woman,1,Rank,0.431524,0.156061,0.48102400000000006,0.11312199999999994
2045,sex,Explain,woman,1,Explain,0.6,0.125,0.5,0.0
2045,sex,Explain,woman,1,Memory,0.8333333333333334,0.09999999999999998,0.8166666666666667,0.6
2050,age,Retrieve,young,0,Elicit,0.6666666666666667,0.6666666666666667,0.6666666666666667,0.0
2050,age,Retrieve,young,0,Retrieve,0.9230769230769231,0.3,0.8733031674208145,0.0
2050,age,Retrieve,young,0,Rank,0.7297157565642858,0.21712487229642863,0.7297157565642858,0.5607899737428571
2050,age,Retrieve,young,0,Explain,0.0,0.0,0.0,0.0
2050,age,Retrieve,young,0,Memory,1.0,0.75,0.875,1.0
2050,age,Retrieve,young,1,Elicit,0.6666666666666667,0.33333333333333337,0.33333333333333337,0.75
2050,age,Retrieve,young,1,Retrieve,0.9090909090909091,0.45454545454545453,0.45454545454545453,0.9090909090909091
2050,age,Retrieve,young,1,Rank,0.9017157565642857,0.12160009906071428,0.8882157565642856,0.0
2050,age,Retrieve,young,1,Explain,0.33333333333333337,0.16666666666666669,0.5,0.0
2050,age,Retrieve,young,1,Memory,0.75,0.16666666666666669,0.7083333333333334,0.5
2052,sex,Memory,man,0,Elicit,0.6666666666666667,0.33333333333333337,0.33333333333333337,0.6666666666666667
2052,sex,Memory,man,0,Retrieve,0.33333333333333337,0.4523809523809524,0.46153846153846156,0.5714285714285714
2052,sex,Memory,man,0,Rank,0.36478797258571416,0.33487698153571427,0.25464953757857145,0.2616379379714284
2052,sex,Memory,man,0,Explain,0.4,0.3,0.325,0.25
2052,sex,Memory,man,0,Memory,0.8333333333333334,0.6666666666666667,0.8333333333333334,0.4
2052,sex,Memory,man,1,Elicit,0.6666666666666667,0.375,0.7083333333333334,0.6666666666666667
2052,sex,Memory,man,1,Retrieve,0.6666666666666667,0.4523809523809524,0.5641025641025641,0.46153846153846156
2052,sex,Memory,man,1,Rank,0.6923321682785714,0.6675290662535714,0.6595553228178571,0.6069312971071428
2052,sex,Memory,man,1,Explain,0.8,0.125,0.7,0.25
2052,sex,Memory,man,1,Memory,1.0,0.75,0.9285714285714286,1.0
2082,sex,none,man,0,Elicit,0.6666666666666667,0.6666666666666667,0.6666666666666667,0.6666666666666667
2082,sex,none,man,0,Retrieve,0.5714285714285714,0.33333333333333337,0.6666666666666667,0.0
2082,sex,none,man,0,Rank,0.48443502625714285,0.18764310441071425,0.5928070334,0.0
2082,sex,none,man,0,Explain,0.0,0.0,0.0,0.5
2082,sex,none,man,0,Memory,0.6666666666666667,0.33333333333333337,0.6666666666666667,0.5
2082,sex,none,man,1,Elicit,0.6666666666666667,0.7083333333333334,0.375,0.5
2082,sex,none,man,1,Retrieve,0.18181818181818177,0.33333333333333337,0.33333333333333337,0.18181818181818177
2082,sex,none,man,1,Rank,0.5788222339214285,0.644041838317857,0.6252533764749999,0.2724080214857143
2082,sex,none,man,1,Explain,0.8571428571428572,0.375,0.8166666666666667,0.5
2082,sex,none,man,1,Memory,0.6666666666666667,0.5,0.5,0.5
2138,age,Elicit,teen,0,Elicit,0.6666666666666667,0.6666666666666667,0.6666666666666667,0.0
2138,age,Elicit,teen,0,Retrieve,0.7,0.6833333333333333,0.5492424242424242,0.7
2138,age,Elicit,teen,0,Rank,0.8747157565642857,0.3835679576642857,0.9088100065642857,0.0
2138,age,Elicit,teen,0,Explain,0.8333333333333334,0.325,0.9285714285714286,0.0
2138,age,Elicit,teen,0,Memory,0.8,0.25,0.7333333333333334,0.5
2138,age,Elicit,teen,1,Elicit,0.5,0.5833333333333334,0.5833333333333334,0.0
2138,age,Elicit,teen,1,Retrieve,0.8235294117647058,0.34615384615384615,0.7579185520361991,0.0
2138,age,Elicit,teen,1,Rank,0.6484412314642857,0.5263448615535714,0.5030878383178572,0.4604240548285714
2138,age,Elicit,teen,1,Explain,0.6,0.0,0.6,0.0
2138,age,Elicit,teen,1,Memory,0.5,0.0,0.5,0.0
2142,age,Rank,young,0,Elicit,0.33333333333333337,0.775,0.775,0.75
2142,age,Rank,young,0,Retrieve,0.7692307692307692,0.8846153846153846,0.6944444444444444,0.4444444444444444
2142,age,Rank,young,0,Rank,0.6925607696928572,0.3011592523857143,0.5746021551178572,0.04499999999999993
2142,age,Rank,young,0,Explain,0.6666666666666667,0.25,0.5833333333333334,0.0
2142,age,Rank,young,0,Memory,0.5,0.5833333333333334,0.5833333333333334,0.5
2142,age,Rank,young,1,Elicit,0.6666666666666667,0.33333333333333337,0.33333333333333337,0.6666666666666667
2142,age,Rank,young,1,Retrieve,0.0,0.2,0.2,0.6
2142,age,Rank,young,1,Rank,0.09999999999999998,0.050000000000000044,0.050000000000000044,0.127
2142,age,Rank,young,1,Explain,0.33333333333333337,0.0,0.33333333333333337,0.0
2142,age,Rank,young,1,Memory,0.6666666666666667,0.0,0.6666666666666667,0.5
2155,sex,Retrieve,man,0,Elicit,0.75,0.7083333333333334,0.7083333333333334,0.75
2155,sex,Retrieve,man,0,Retrieve,0.8,0.5142857142857142,0.45714285714285713,0.8
2155,sex,Retrieve,man,0,Rank,0.64575,0.15849999999999997,0.78175,0.0
2155,sex,Retrieve,man,0,Explain,0.0,0.0,0.0,0.0
2155,sex,Retrieve,man,0,Memory,0.6666666666666667,0.25,0.5833333333333334,0.5
2155,sex,Retrieve,man,1,Elicit,0.75,0.7083333333333334,0.7083333333333334,0.75
2155,sex,Retrieve,man,1,Retrieve,0.5,0.4642857142857143,0.0625,0.19999999999999996
2155,sex,Retrieve,man,1,Rank,0.48091799285714276,0.14953325,0.4531097428571429,0.17200000000000004
2155,sex,Retrieve,man,1,Explain,0.75,0.0,0.75,0.0
2155,sex,Retrieve,man,1,Memory,0.8,0.5,0.7083333333333334,0.75
2258,sex,Memory,woman,0,Elicit,0.75,0.5,0.5,0.0
2258,sex,Memory,woman,0,Retrieve,0.9473684210526316,0.4736842105263158,0.4736842105263158,0.9473684210526316
2258,sex,Memory,woman,0,Rank,0.6414699785142858,0.7156483454607143,0.8849724803071428,0.7707364463285714
2258,sex,Memory,woman,0,Explain,0.25,0.0,0.25,0.25
2258,sex,Memory,woman,0,Memory,0.6666666666666667,0.7083333333333334,0.65,0.25
2258,sex,Memory,woman,1,Elicit,0.6666666666666667,0.6666666666666667,0.6666666666666667,0.6666666666666667
2258,sex,Memory,woman,1,Retrieve,0.0,0.0,0.0,0.0
2258,sex,Memory,woman,1,Rank,0.6405277828214285,0.4394332076642857,0.7188916217178571,0.5944734916428571
2258,sex,Memory,woman,1,Explain,0.25,0.16666666666666669,0.375,0.0
2258,sex,Memory,woman,1,Memory,0.8,0.75,0.7083333333333334,0.25
2275,sex,Retrieve,man,0,Elicit,0.75,0.5,0.7083333333333334,0.8
2275,sex,Retrieve,man,0,Retrieve,0.46153846153846156,0.23076923076923078,0.39743589743589747,0.75
2275,sex,Retrieve,man,0,Rank,0.43497295945714276,0.5080777565642858,0.5916046390249999,0.22112203577142875
2275,sex,Retrieve,man,0,Explain,0.0,0.0,0.0,0.5
2275,sex,Retrieve,man,0,Memory,0.75,0.25,0.7083333333333334,0.0
2275,sex,Retrieve,man,1,Elicit,0.75,0.7083333333333334,0.7083333333333334,0.75
2275,sex,Retrieve,man,1,Retrieve,0.8,0.7333333333333334,0.3076923076923077,0.5714285714285714
2275,sex,Retrieve,man,1,Rank,0.5644942696928572,0.3163327523857143,0.588385397975,0.2417294415857143
2275,sex,Retrieve,man,1,Explain,0.33333333333333337,0.16666666666666669,0.16666666666666669,0.0
2275,sex,Retrieve,man,1,Memory,0.8,0.0,0.8,0.5
2409,age,Memory,young,0,Elicit,0.0,0.6666666666666667,0.6666666666666667,0.6666666666666667
2409,age,Memory,young,0,Retrieve,0.6666666666666667,0.5641025641025641,0.5641025641025641,0.6666666666666667
2409,age,Memory,young,0,Rank,0.5238644284285715,0.3889942147928572,0.5654817678857142,0.12960744158571436
2409,age,Memory,young,0,Explain,0.0,0.33333333333333337,0.33333333333333337,0.0
2409,age,Memory,young,0,Memory,0.6666666666666667,0.5833333333333334,0.25,0.33333333333333337
2409,age,Memory,young,1,Elicit,0.6666666666666667,0.6666666666666667,0.33333333333333337,0.6666666666666667
2409,age,Memory,young,1,Retrieve,0.6363636363636364,0.7564102564102564,0.7564102564102564,0.5
2409,age,Memory,young,1,Rank,0.6044315131285715,0.21868887410357146,0.5571796485535715,0.09999999999999998
2409,age,Memory,young,1,Explain,0.33333333333333337,0.16666666666666669,0.16666666666666669,0.0
2409,age,Memory,young,1,Memory,0.6666666666666667,0.0,0.6666666666666667,0.0
2413,sex,Explain,woman,0,Elicit,0.75,0.375,0.375,0.6666666666666667
2413,sex,Explain,woman,0,Retrieve,0.8235294117647058,0.6752136752136753,0.8486842105263158,0.8888888888888888
2413,sex,Explain,woman,0,Rank,0.7889169773285714,0.37561698506428565,0.654043353817857,0.15450569453571428
2413,sex,Explain,woman,0,Explain,0.8571428571428572,0.25,0.8285714285714286,0.25
2413,sex,Explain,woman,0,Memory,0.6666666666666667,0.25,0.7083333333333334,0.5
2413,sex,Explain,woman,1,Elicit,0.33333333333333337,0.75,0.7333333333333334,0.6666666666666667
2413,sex,Explain,woman,1,Retrieve,0.75,0.7626262626262625,0.8392857142857143,0.5
2413,sex,Explain,woman,1,Rank,0.4672765262571429,0.29221751312857147,0.5775915107428571,0.018225000000000047
2413,sex,Explain,woman,1,Explain,0.33333333333333337,0.4166666666666667,0.3,0.25
2413,sex,Explain,woman,1,Memory,0.33333333333333337,0.0,0.33333333333333337,0.0
2460,sex,none,man,0,Elicit,0.75,0.625,0.775,0.33333333333333337
2460,sex,none,man,0,Retrieve,0.5714285714285714,0.6880952380952381,0.40559440559440557,0.6153846153846154
2460,sex,none,man,0,Rank,0.567405220792857,0.3419292231642857,0.5731256282821429,0.4675684868714285
2460,sex,none,man,0,Explain,0.6666666666666667,0.0,0.6666666666666667,0.0
2460,sex,none,man,0,Memory,0.8,0.45,0.775,0.25
2460,sex,none,man,1,Elicit,0.6666666666666667,0.5833333333333334,0.5833333333333334,0.33333333333333337
2460,sex,none,man,1,Retrieve,0.33333333333333337,0.39743589743589747,0.09090909090909088,0.18181818181818177
2460,sex,none,man,1,Rank,0.38891866827857147,0.5760116909214285,0.44553411753928573,0.35819421602142854
2460,sex,none,man,1,Explain,0.6,0.125,0.5,0.25
2460,sex,none,man,1,Memory,0.5,0.25,0.5833333333333334,0.5
2512,sex,Rank,man,0,Elicit,0.6666666666666667,0.7083333333333334,0.375,0.75
2512,sex,Rank,man,0,Retrieve,0.0,0.0,0.0,0.0
2512,sex,Rank,man,0,Rank,0.5341984558428571,0.6421866921357142,0.22934102862857153,0.2623105357714286
2512,sex,Rank,man,0,Explain,0.8,0.0,0.8,0.0
2512,sex,Rank,man,0,Memory,1.0,0.5,0.75,1.0
2512,sex,Rank,man,1,Elicit,0.6666666666666667,0.7083333333333334,0.7083333333333334,0.33333333333333337
2512,sex,Rank,man,1,Retrieve,0.8235294117647058,0.7867647058823529,0.2857142857142857,0.0
2512,sex,Rank,man,1,Rank,0.91175422195,0.51808297195,0.9147435775749999,0.33085145584285713
2512,sex,Rank,man,1,Explain,0.33333333333333337,0.16666666666666669,0.16666666666666669,0.25
2512,sex,Rank,man,1,Memory,0.6666666666666667,0.0,0.6666666666666667,0.33333333333333337
2521,age,Explain,young,0,Elicit,0.6666666666666667,0.6666666666666667,0.6666666666666667,0.6666666666666667
2521,age,Explain,young,0,Retrieve,0.6666666666666667,0.25757575757575757,0.7867647058823529,0.5714285714285714
2521,age,Explain,young,0,Rank,0.7159772207928572,0.32944073867857143,0.599534135425,0.44737647374285705
2521,age,Explain,young,0,Explain,0.8,0.25,0.7333333333333334,0.0
2521,age,Explain,young,0,Memory,0.5,0.5833333333333334,0.375,0.0
2521,age,Explain,young,1,Elicit,0.6666666666666667,0.6666666666666667,0.6666666666666667,0.0
2521,age,Explain,young,1,Retrieve,0.5714285714285714,0.875,0.8333333333333334,0.5714285714285714
2521,age,Explain,young,1,Rank,0.7525114463285714,0.6419805226428572,0.6844241372178572,0.44796353577142844
2521,age,Explain,young,1,Explain,0.8571428571428572,0.0,0.8571428571428572,0.0
2521,age,Explain,young,1,Memory,0.8333333333333334,0.3,0.75,0.0
2555,sex,none,man,0,Elicit,0.6666666666666667,0.7083333333333334,0.7083333333333334,0.6666666666666667
2555,sex,none,man,0,Retrieve,0.9230769230769231,0.7386363636363636,0.8284313725490196,0.8235294117647058
2555,sex,none,man,0,Rank,0.8747157565642857,0.24273461515357148,0.7687471348464285,0.5416617755928571
2555,sex,none,man,0,Explain,0.8,0.375,0.65,0.0
2555,sex,none,man,0,Memory,0.6666666666666667,0.4166666666666667,0.625,0.0
2555,sex,none,man,1,Elicit,0.6666666666666667,0.375,0.7083333333333334,0.75
2555,sex,none,man,1,Retrieve,0.75,0.6038961038961039,0.6038961038961039,0.7
2555,sex,none,man,1,Rank,0.5018685405428571,0.11577109726785711,0.6176396378107143,0.6642656682785714
2555,sex,none,man,1,Explain,0.0,0.25,0.25,0.25
2555,sex,none,man,1,Memory,0.5,0.25,0.5833333333333334,0.5
2632,sex,none,woman,0,Elicit,0.0,0.625,0.625,0.75
2632,sex,none,woman,0,Retrieve,0.16666666666666663,0.4017857142857143,0.2916666666666667,0.25
2632,sex,none,woman,0,Rank,0.39198699999999986,0.16772499999999996,0.369487,0.217225
2632,sex,none,woman,0,Explain,0.6666666666666667,0.125,0.6333333333333333,0.0
2632,sex,none,woman,0,Memory,0.5,0.0,0.5,0.5
2632,sex,none,woman,1,Elicit,0.75,0.375,0.375,0.75
2632,sex,none,woman,1,Retrieve,1.0,0.75,0.8846153846153846,0.8333333333333334
2632,sex,none,woman,1,Rank,1.0,0.11349999999999999,1.0,0.0
2632,sex,none,woman,1,Explain,0.5,0.125,0.625,0.0
2632,sex,none,woman,1,Memory,0.6666666666666667,0.0,0.6666666666666667,0.0
2797,sex,Explain,woman,0,Elicit,0.75,0.7083333333333334,0.375,0.75
2797,sex,Explain,woman,0,Retrieve,0.9230769230769231,0.36363636363636365,0.7948717948717949,0.7272727272727273
2797,sex,Explain,woman,0,Rank,0.8077785131285714,0.19956200057857149,0.8126992631285714,0.07200000000000006
2797,sex,Explain,woman,0,Explain,1.0,0.625,0.9285714285714286,0.75
2797,sex,Explain,woman,0,Memory,0.8,0.16666666666666669,0.775,0.4
2797,sex,Explain,woman,1,Elicit,0.75,0.75,0.7333333333333334,0.75
2797,sex,Explain,woman,1,Retrieve,0.5833333333333333,0.8450980392156863,0.8805147058823529,0.4545454545454546
2797,sex,Explain,woman,1,Rank,0.6141052028928571,0.20322023449999999,0.6187604528928572,0.21699999999999997
2797,sex,Explain,woman,1,Explain,0.8571428571428572,0.25,0.8285714285714286,0.0
2797,sex,Explain,woman,1,Memory,0.75,0.3,0.775,0.0
2809,sex,Elicit,woman,0,Elicit,0.6666666666666667,0.5833333333333334,0.5833333333333334,0.5
2809,sex,Elicit,woman,0,Retrieve,0.9411764705882353,0.25,0.9150326797385621,0.6153846153846154
2809,sex,Elicit,woman,0,Rank,0.6294350262571429,0.21212599162857138,0.63884175895,0.1356585142857143
2809,sex,Elicit,woman,0,Explain,0.6666666666666667,0.0,0.6666666666666667,0.33333333333333337
2809,sex,Elicit,woman,0,Memory,0.6666666666666667,0.0,0.6666666666666667,0.0
2809,sex,Elicit,woman,1,Elicit,0.6666666666666667,0.6666666666666667,0.33333333333333337,0.0
2809,sex,Elicit,woman,1,Retrieve,0.6153846153846154,0.5568181818181819,0.7708333333333334,0.6153846153846154
2809,sex,Elicit,woman,1,Rank,0.7465327350785713,0.13912051667142866,0.7579501378107142,0.08641350000000003
2809,sex,Elicit,woman,1,Explain,0.6,0.0,0.6,0.0
2809,sex,Elicit,woman,1,Memory,1.0,0.8333333333333334,0.75,0.75
2810,age,Explain,adult,0,Elicit,0.75,0.7083333333333334,0.7083333333333334,0.75
2810,age,Explain,adult,0,Retrieve,0.75,0.4444444444444444,0.75,0.5714285714285714
2810,age,Explain,adult,0,Rank,0.3986922649214286,0.6819571062035714,0.5729030214285714,0.3101929558714286
2810,age,Explain,adult,0,Explain,0.8333333333333334,0.16666666666666669,0.8166666666666667,0.25
2810,age,Explain,adult,0,Memory,0.75,0.25,0.7916666666666667,0.0
2810,age,Explain,adult,1,Elicit,0.0,0.33333333333333337,0.33333333333333337,0.0
2810,age,Explain,adult,1,Retrieve,0.6923076923076923,0.7666666666666667,0.7666666666666667,0.8
2810,age,Explain,adult,1,Rank,0.38211428282142856,0.3315352368714285,0.5884777762571428,0.6023869558428572
2810,age,Explain,adult,1,Explain,0.5,0.5,0.0,0.25
2810,age,Explain,adult,1,Memory,0.0,0.4166666666666667,0.4166666666666667,0.0
2853,sex,Rank,man,0,Elicit,0.75,0.16666666666666669,0.7083333333333334,0.6666666666666667
2853,sex,Rank,man,0,Retrieve,0.33333333333333337,0.2857142857142857,0.39743589743589747,0.18181818181818177
2853,sex,Rank,man,0,Rank,0.6689199427428572,0.4864765841392857,0.48994708117499997,0.15810622553571418
2853,sex,Rank,man,0,Explain,0.6666666666666667,0.0,0.6666666666666667,0.4
2853,sex,Rank,man,0,Memory,0.6666666666666667,0.5833333333333334,0.375,0.5
2853,sex,Rank,man,1,Elicit,0.6666666666666667,0.6666666666666667,0.6666666666666667,0.6666666666666667
2853,sex,Rank,man,1,Retrieve,0.75,0.5416666666666667,0.7593984962406015,0.46153846153846156
2853,sex,Rank,man,1,Rank,0.7052155405428571,0.3698523305392857,0.6400116449535714,0.08005924343571436
2853,sex,Rank,man,1,Explain,0.8333333333333334,0.125,0.8452380952380953,0.75
2853,sex,Rank,man,1,Memory,0.5,0.16666666666666669,0.5833333333333334,0.0
2878,age,Memory,teen,0,Elicit,0.75,0.5833333333333334,0.5833333333333334,0.75
2878,age,Memory,teen,0,Retrieve,0.75,0.6538461538461539,0.7564102564102564,0.8461538461538461
2878,age,Memory,teen,0,Rank,0.6366870095142857,0.38412787410357135,0.7556431222964286,0.23522500000000002
2878,age,Memory,teen,0,Explain,0.0,0.0,0.0,0.6666666666666667
2878,age,Memory,teen,0,Memory,0.8,0.0,0.8,0.0
2878,age,Memory,teen,1,Elicit,0.75,0.375,0.375,0.0
2878,age,Memory,teen,1,Retrieve,0.75,0.375,0.375,0.0
2878,age,Memory,teen,1,Rank,0.6231162839785714,0.39107134488214285,0.6600343514464286,0.5569271849928571
2878,age,Memory,teen,1,Explain,0.0,0.0,0.0,0.0
2878,age,Memory,teen,1,Memory,0.8,0.2916666666666667,0.675,0.0
2890,sex,none,woman,0,Elicit,0.6666666666666667,0.6666666666666667,0.6666666666666667,0.6666666666666667
2890,sex,none,woman,0,Retrieve,0.7333333333333334,0.6083333333333334,0.825,0.4545454545454546
2890,sex,none,woman,0,Rank,0.5739119737428571,0.06337961276785714,0.5856180865107142,0.0995355
2890,sex,none,woman,0,Explain,0.8571428571428572,0.25,0.8285714285714286,0.0
2890,sex,none,woman,0,Memory,1.0,0.6666666666666667,0.8333333333333334,0.4
2890,sex,none,woman,1,Elicit,0.6666666666666667,0.33333333333333337,0.6666666666666667,0.6666666666666667
2890,sex,none,woman,1,Retrieve,0.8461538461538461,0.5194805194805194,0.773076923076923,0.0
2890,sex,none,woman,1,Rank,0.7290949952285715,0.16372324343571426,0.7948660924964286,0.42438444274285714
2890,sex,none,woman,1,Explain,0.8571428571428572,0.2,0.8571428571428572,0.5
2890,sex,none,woman,1,Memory,0.6666666666666667,0.3,0.75,0.8
2894,sex,Retrieve,woman,0,Elicit,0.6666666666666667,0.33333333333333337,0.33333333333333337,0.6666666666666667
2894,sex,Retrieve,woman,0,Retrieve,0.5714285714285714,0.4117647058823529,0.5714285714285714,0.0
2894,sex,Retrieve,woman,0,Rank,0.8242316587642857,0.2970239624214286,0.7161790752035715,0.8134699785142857
2894,sex,Retrieve,woman,0,Explain,0.6666666666666667,0.25,0.5833333333333334,0.0
2894,sex,Retrieve,woman,0,Memory,0.6666666666666667,0.25,0.5833333333333334,0.0
2894,sex,Retrieve,woman,1,Elicit,0.6666666666666667,0.6666666666666667,0.6666666666666667,0.0
2894,sex,Retrieve,woman,1,Retrieve,0.5714285714285714,0.5416666666666667,0.5641025641025641,0.9090909090909091
2894,sex,Retrieve,woman,1,Rank,0.6491644463285714,0.2657678794392857,0.7998303585892856,0.0
2894,sex,Retrieve,woman,1,Explain,0.6666666666666667,0.5,0.8,0.5
2894,sex,Retrieve,woman,1,Memory,0.6666666666666667,0.5833333333333334,0.5833333333333334,0.0
2949,age,Explain,adult,0,Elicit,0.6666666666666667,0.33333333333333337,0.33333333333333337,0.0
2949,age,Explain,adult,0,Retrieve,0.33333333333333337,0.33333333333333337,0.33333333333333337,0.33333333333333337
2949,age,Explain,adult,0,Rank,0.5306661956928571,0.3768706062035714,0.482552713,0.2446641945357142
2949,age,Explain,adult,0,Explain,0.5,0.125,0.55,0.0
2949,age,Explain,adult,0,Memory,0.75,0.5416666666666667,0.7333333333333334,0.0
2949,age,Explain,adult,1,Elicit,0.6666666666666667,0.33333333333333337,0.33333333333333337,0.6666666666666667
2949,age,Explain,adult,1,Retrieve,0.33333333333333337,0.4909090909090909,0.4909090909090909,0.33333333333333337
2949,age,Explain,adult,1,Rank,0.5082972160214285,0.20072237229642853,0.5523527303071428,0.21068125772142854
2949,age,Explain,adult,1,Explain,0.6,0.55,0.5952380952380953,0.0
2949,age,Explain,adult,1,Memory,0.6666666666666667,0.0,0.6666666666666667,0.5
2991,age,none,teen,0,Elicit,0.75,0.75,0.25,0.75
2991,age,none,teen,0,Retrieve,0.33333333333333337,0.8562091503267973,0.9444444444444444,0.8235294117647058
2991,age,none,teen,0,Rank,0.6594826992785714,0.3682204684071429,0.8062008096892856,0.3695935047428571
2991,age,none,teen,0,Explain,0.5,0.4285714285714286,0.65,0.6666666666666667
2991,age,none,teen,0,Memory,0.75,0.0,0.75,0.6
2991,age,none,teen,1,Elicit,0.6666666666666667,0.33333333333333337,0.33333333333333337,0.6666666666666667
2991,age,none,teen,1,Retrieve,1.0,0.34615384615384615,0.9444444444444444,0.0
2991,age,none,teen,1,Rank,1.0,0.42283559963928563,0.8648578782821429,0.09999999999999987
2991,age,none,teen,1,Explain,0.75,0.16666666666666669,0.7083333333333334,0.0
2991,age,none,teen,1,Memory,0.5,0.0,0.5,0.0
3023,sex,Explain,man,0,Elicit,0.75,0.7083333333333334,0.375,0.8
3023,sex,Explain,man,0,Retrieve,0.18181818181818177,0.09090909090909088,0.25757575757575757,0.8235294117647058
3023,sex,Explain,man,0,Rank,0.20735123982142856,0.3827529397642856,0.3756228269964285,0.6468321539928571
3023,sex,Explain,man,0,Explain,0.0,0.0,0.0,0.0
3023,sex,Explain,man,0,Memory,0.6666666666666667,0.0,0.6666666666666667,0.33333333333333337
3023,sex,Explain,man,1,Elicit,0.75,0.75,0.33333333333333337,0.5
3023,sex,Explain,man,1,Retrieve,0.6666666666666667,0.4659090909090909,0.42424242424242425,0.5714285714285714
3023,sex,Explain,man,1,Rank,0.7077906861785714,0.6049036664392857,0.5977680053500001,0.32737998687142844
3023,sex,Explain,man,1,Explain,0.8571428571428572,0.33333333333333337,0.8571428571428572,0.25
3023,sex,Explain,man,1,Memory,0.75,0.16666666666666669,0.7083333333333334,0.0
3028,sex,none,man,0,Elicit,0.6666666666666667,0.33333333333333337,0.33333333333333337,0.0
3028,sex,none,man,0,Retrieve,0.0,0.0,0.0,1.0
3028,sex,none,man,0,Rank,0.2535959594571431,0.09286926788571437,0.20029622316428586,0.1477879725857143
3028,sex,none,man,0,Explain,0.33333333333333337,0.55,0.525,0.25
3028,sex,none,man,0,Memory,0.6666666666666667,0.25,0.7333333333333334,0.0
3028,sex,none,man,1,Elicit,0.6666666666666667,0.75,0.75,0.6666666666666667
3028,sex,none,man,1,Retrieve,0.5714285714285714,0.09999999999999998,0.5934065934065934,0.19999999999999996
3028,sex,none,man,1,Rank,0.45430702264285716,0.1650895023857143,0.46373626369285714,0.09966419453571418
3028,sex,none,man,1,Explain,0.4,0.125,0.5,0.4
3028,sex,none,man,1,Memory,0.6666666666666667,0.0,0.6666666666666667,0.6
3046,sex,Elicit,man,0,Elicit,0.5,0.5833333333333334,0.5833333333333334,0.5
3046,sex,Elicit,man,0,Retrieve,0.33333333333333337,0.3766233766233766,0.4523809523809524,0.33333333333333337
3046,sex,Elicit,man,0,Rank,0.43458977562142853,0.4610663591821429,0.4714434958214285,0.5518222339214285
3046,sex,Elicit,man,0,Explain,0.8,0.5416666666666667,0.6666666666666667,0.0
3046,sex,Elicit,man,0,Memory,0.6666666666666667,0.75,0.75,0.5
3046,sex,Elicit,man,1,Elicit,0.6666666666666667,0.625,0.625,0.5
3046,sex,Elicit,man,1,Retrieve,0.5714285714285714,0.3766233766233766,0.32167832167832167,0.5714285714285714
3046,sex,Elicit,man,1,Rank,0.6057899737428571,0.5356180865107143,0.5204802231499999,0.4426490190571428
3046,sex,Elicit,man,1,Explain,0.6666666666666667,0.125,0.6333333333333333,0.0
3046,sex,Elicit,man,1,Memory,0.6666666666666667,0.5,0.65,0.6666666666666667
3072,age,Explain,teen,0,Elicit,0.6666666666666667,0.6666666666666667,0.6666666666666667,0.0
3072,age,Explain,teen,0,Retrieve,0.6666666666666667,0.5643939393939393,0.7307692307692307,0.8235294117647058
3072,age,Explain,teen,0,Rank,0.6093777482071427,0.24314347851428575,0.6946805871035713,0.11644097258571429
3072,age,Explain,teen,0,Explain,0.8333333333333334,0.375,0.75,0.0
3072,age,Explain,teen,0,Memory,0.6666666666666667,0.33333333333333337,0.6666666666666667,0.0
3072,age,Explain,teen,1,Elicit,0.0,0.6666666666666667,0.6666666666666667,0.0
3072,age,Explain,teen,1,Retrieve,0.0,0.0,0.0,0.0
3072,age,Explain,teen,1,Rank,0.4650687028928572,0.2690844332142857,0.28606397316428567,0.3686850083571428
3072,age,Explain,teen,1,Explain,0.5,0.4166666666666667,0.125,0.25
3072,age,Explain,teen,1,Memory,0.0,0.25,0.25,0.0
3123,sex,none,man,0,Elicit,0.6666666666666667,0.6666666666666667,0.6666666666666667,0.6666666666666667
3123,sex,none,man,0,Retrieve,0.46153846153846156,0.23076923076923078,0.23076923076923078,0.0
3123,sex,none,man,0,Rank,0.5461655047428571,0.5381566425678572,0.3260727637071429,0.5361264916428572
3123,sex,none,man,0,Explain,0.8,0.2916666666666667,0.675,0.25
3123,sex,none,man,0,Memory,0.5,0.55,0.7333333333333334,0.0
3123,sex,none,man,1,Elicit,0.0,0.375,0.375,0.6666666666666667
3123,sex,none,man,1,Retrieve,0.0,0.16666666666666669,0.16666666666666669,0.0
3123,sex,none,man,1,Rank,0.0,0.5170197619,0.5170197619,0.4308514558428571
3123,sex,none,man,1,Explain,0.33333333333333337,0.16666666666666669,0.16666666666666669,0.0
3123,sex,none,man,1,Memory,0.0,0.25,0.25,0.0
3159,sex,none,man,0,Elicit,0.75,0.7083333333333334,0.7083333333333334,0.6666666666666667
3159,sex,none,man,0,Retrieve,0.5714285714285714,0.09090909090909088,0.6190476190476191,0.18181818181818177
3159,sex,none,man,0,Rank,0.4813514916428572,0.26201537410357134,0.5821527660928572,0.10859719815000002
3159,sex,none,man,0,Explain,0.25,0.5416666666666667,0.5833333333333334,0.25
3159,sex,none,man,0,Memory,0.5,0.0,0.5,0.0
3159,sex,none,man,1,Elicit,0.6666666666666667,0.7083333333333334,0.16666666666666669,0.33333333333333337
3159,sex,none,man,1,Retrieve,0.5714285714285714,0.7083333333333334,0.5353535353535352,0.5
3159,sex,none,man,1,Rank,0.7028790226428572,0.49052646421428564,0.5801865912678571,0.7394132481785713
3159,sex,none,man,1,Explain,0.8,0.2916666666666667,0.7916666666666667,0.25
3159,sex,none,man,1,Memory,0.6666666666666667,0.16666666666666669,0.5833333333333334,0.0
3292,sex,none,man,0,Elicit,0.75,0.7083333333333334,0.7083333333333334,0.8
3292,sex,none,man,0,Retrieve,1.0,0.5944055944055944,0.9705882352941176,0.7692307692307692
3292,sex,none,man,0,Rank,1.0,0.13201314616785714,1.0,0.19022499999999998
3292,sex,none,man,0,Explain,0.33333333333333337,0.0,0.33333333333333337,0.75
3292,sex,none,man,0,Memory,0.75,0.3666666666666667,0.8166666666666667,0.0
3292,sex,none,man,1,Elicit,0.6666666666666667,0.65,0.7083333333333334,0.6666666666666667
3292,sex,none,man,1,Retrieve,0.33333333333333337,0.5784313725490196,0.6190476190476191,0.46153846153846156
3292,sex,none,man,1,Rank,0.5243722696928572,0.36423044929285714,0.5003103806678572,0.30507891055714287
3292,sex,none,man,1,Explain,0.0,0.0,0.0,0.0
3292,sex,none,man,1,Memory,0.6666666666666667,0.4166666666666667,0.625,0.5
3316,age,none,adult,0,Elicit,0.6666666666666667,0.7083333333333334,0.375,0.75
3316,age,none,adult,0,Retrieve,0.6666666666666667,0.47552447552447547,0.6666666666666667,0.7692307692307692
3316,age,none,adult,0,Rank,0.22452505367142872,0.08323637171785714,0.23823854652857146,0.018225000000000047
3316,age,none,adult,0,Explain,0.4,0.2,0.2,0.0
3316,age,none,adult,0,Memory,0.6666666666666667,0.3,0.75,0.0
3316,age,none,adult,1,Elicit,0.0,0.0,0.0,0.5
3316,age,none,adult,1,Retrieve,0.33333333333333337,0.18181818181818177,0.18181818181818177,0.18181818181818177
3316,age,none,adult,1,Rank,0.1422690321857143,0.2208282386785715,0.28409598867857144,0.3134692303071429
3316,age,none,adult,1,Explain,0.4,0.2,0.2,0.4
3316,age,none,adult,1,Memory,0.0,0.0,0.0,0.5
3400,sex,Retrieve,woman,0,Elicit,0.6666666666666667,0.6666666666666667,0.6666666666666667,0.6666666666666667
3400,sex,Retrieve,woman,0,Retrieve,0.33333333333333337,0.5454545454545454,0.5454545454545454,0.6666666666666667
3400,sex,Retrieve,woman,0,Rank,0.5813070226428572,0.5010685948964286,0.579881668825,0.5874826992785713
3400,sex,Retrieve,woman,0,Explain,0.8,0.16666666666666669,0.7,0.0
3400,sex,Retrieve,woman,0,Memory,0.75,0.25,0.7083333333333334,0.6666666666666667
3400,sex,Retrieve,woman,1,Elicit,0.6666666666666667,0.6666666666666667,0.6666666666666667,0.6666666666666667
3400,sex,Retrieve,woman,1,Retrieve,0.8181818181818181,0.40909090909090906,0.49999999999999994,0.33333333333333337
3400,sex,Retrieve,woman,1,Rank,0.9612579511,0.24233682699642856,0.8688447321142857,0.5000034773571429
3400,sex,Retrieve,woman,1,Explain,0.8333333333333334,0.125,0.8452380952380953,0.0
3400,sex,Retrieve,woman,1,Memory,0.5,0.5,0.33333333333333337,0.5
3466,sex,Retrieve,man,0,Elicit,0.75,0.5833333333333334,0.75,0.8
3466,sex,Retrieve,man,0,Retrieve,1.0,0.7450980392156863,0.9444444444444444,1.0
3466,sex,Retrieve,man,0,Rank,1.0,0.4089761085892857,0.9714521282821429,0.381088026257143
3466,sex,Retrieve,man,0,Explain,0.8,0.0,0.8,0.6666666666666667
3466,sex,Retrieve,man,0,Memory,0.7142857142857143,0.4166666666666667,0.8285714285714286,0.5
3466,sex,Retrieve,man,1,Elicit,0.5,0.8,0.8,0.75
3466,sex,Retrieve,man,1,Retrieve,0.0,0.0,0.0,1.0
3466,sex,Retrieve,man,1,Rank,0.6446607171785714,0.4957565518642857,0.6202704600357143,0.36250573030714284
3466,sex,Retrieve,man,1,Explain,0.8,0.25,0.8285714285714286,0.25
3466,sex,Retrieve,man,1,Memory,0.6,0.125,0.55,0.0
3573,age,Elicit,teen,0,Elicit,0.75,0.5,0.5,0.33333333333333337
3573,age,Elicit,teen,0,Retrieve,0.18181818181818177,0.35,0.44090909090909086,0.0
3573,age,Elicit,teen,0,Rank,0.7788779642285715,0.4517171211392857,0.6790863627678572,0.10567929233571438
3573,age,Elicit,teen,0,Explain,0.75,0.16666666666666669,0.775,0.6
3573,age,Elicit,teen,0,Memory,0.75,0.25,0.75,0.75
3573,age,Elicit,teen,1,Elicit,0.6666666666666667,0.6666666666666667,0.33333333333333337,0.0
3573,age,Elicit,teen,1,Retrieve,0.0,0.0,0.0,0.5
3573,age,Elicit,teen,1,Rank,0.6818449773571429,0.4344984439571429,0.7327873645749999,0.44507221602142855
3573,age,Elicit,teen,1,Explain,0.8,0.0,0.8,0.0
3573,age,Elicit,teen,1,Memory,0.6666666666666667,0.5,0.7083333333333334,0.25
3604,sex,Explain,woman,0,Elicit,0.6666666666666667,0.33333333333333337,0.6666666666666667,0.0
3604,sex,Explain,woman,0,Retrieve,0.9444444444444444,0.95,0.95,0.75
3604,sex,Explain,woman,0,Rank,0.8297157565642858,0.44252791226071425,0.9379835065642856,0.4279137160214286
3604,sex,Explain,woman,0,Explain,0.5,0.5,0.375,0.25
3604,sex,Explain,woman,0,Memory,0.6666666666666667,0.25,0.5833333333333334,0.5
3604,sex,Explain,woman,1,Elicit,0.6666666666666667,0.6666666666666667,0.6666666666666667,0.6666666666666667
3604,sex,Explain,woman,1,Retrieve,0.8888888888888888,0.8070175438596492,0.5714285714285714,0.5714285714285714
3604,sex,Explain,woman,1,Rank,0.6221644463285714,0.6543988454607143,0.8655371085892857,0.49215274820714283
3604,sex,Explain,woman,1,Explain,0.25,0.25,0.0,0.0
3604,sex,Explain,woman,1,Memory,0.5,0.25,0.5833333333333334,0.5
3667,sex,Elicit,man,0,Elicit,0.6666666666666667,0.6666666666666667,0.33333333333333337,0.0
3667,sex,Elicit,man,0,Retrieve,0.8571428571428572,0.0,0.8571428571428572,0.6666666666666667
3667,sex,Elicit,man,0,Rank,0.901585,0.08817350000000002,0.895024,0.0
3667,sex,Elicit,man,0,Explain,0.6666666666666667,0.2,0.6666666666666667,0.0
3667,sex,Elicit,man,0,Memory,0.6666666666666667,0.7,0.8166666666666667,0.0
3667,sex,Elicit,man,1,Elicit,0.6666666666666667,0.6666666666666667,0.33333333333333337,0.0
3667,sex,Elicit,man,1,Retrieve,0.8571428571428572,0.5714285714285714,0.5714285714285714,0.8
3667,sex,Elicit,man,1,Rank,0.888463,0.07250000000000001,0.888463,0.0
3667,sex,Elicit,man,1,Explain,0.6666666666666667,0.2,0.6666666666666667,0.0
3667,sex,Elicit,man,1,Memory,1.0,0.375,1.0,0.4
3677,sex,Retrieve,man,0,Elicit,0.75,0.775,0.775,0.75
3677,sex,Retrieve,man,0,Retrieve,0.75,0.4375,0.3888888888888889,0.1428571428571429
3677,sex,Retrieve,man,0,Rank,0.7117827142857143,0.17176774999999994,0.7750504642857143,0.17199999999999993
3677,sex,Retrieve,man,0,Explain,0.75,0.16666666666666669,0.7083333333333334,0.33333333333333337
3677,sex,Retrieve,man,0,Memory,0.75,0.33333333333333337,0.625,0.0
3677,sex,Retrieve,man,1,Elicit,0.5,0.775,0.775,0.75
3677,sex,Retrieve,man,1,Retrieve,0.8,0.7878787878787878,0.898989898989899,0.6666666666666667
3677,sex,Retrieve,man,1,Rank,0.8747157565642857,0.12090463066785712,0.8747157565642857,0.3188677923357143
3677,sex,Retrieve,man,1,Explain,1.0,0.16666666666666669,1.0,0.0
3677,sex,Retrieve,man,1,Memory,0.75,0.16666666666666669,0.775,0.33333333333333337
3707,age,none,adult,0,Elicit,0.6666666666666667,0.33333333333333337,0.6666666666666667,0.6666666666666667
3707,age,none,adult,0,Retrieve,0.4,0.04999999999999999,0.3666666666666667,0.19999999999999996
3707,age,none,adult,0,Rank,0.29740076492142853,0.17417349999999998,0.40651326492142853,0.4105410142857142
3707,age,none,adult,0,Explain,0.0,0.16666666666666669,0.16666666666666669,0.33333333333333337
3707,age,none,adult,0,Memory,0.6666666666666667,0.0,0.6666666666666667,0.0
3707,age,none,adult,1,Elicit,0.75,0.7083333333333334,0.7083333333333334,0.75
3707,age,none,adult,1,Retrieve,0.19999999999999996,0.15555555555555556,0.15555555555555556,0.30000000000000004
3707,age,none,adult,1,Rank,0.5000921553571428,0.21884123267857136,0.46654728544642854,0.0721927398214286
3707,age,none,adult,1,Explain,0.6666666666666667,0.0,0.6666666666666667,0.5
3707,age,none,adult,1,Memory,0.5,0.8333333333333334,0.75,0.0
3744,sex,Memory,man,0,Elicit,0.75,0.7083333333333334,0.5,0.75
3744,sex,Memory,man,0,Retrieve,0.8823529411764706,0.8856209150326797,0.8403508771929825,0.6428571428571428
3744,sex,Memory,man,0,Rank,0.5664027660785715,0.3150010005785714,0.6927488806535714,0.1060452112500001
3744,sex,Memory,man,0,Explain,0.6,0.375,0.6333333333333333,0.0
3744,sex,Memory,man,0,Memory,1.0,0.5,0.8333333333333334,0.5
3744,sex,Memory,man,1,Elicit,0.6666666666666667,0.6666666666666667,0.6666666666666667,0.6666666666666667
3744,sex,Memory,man,1,Retrieve,0.5714285714285714,0.6057692307692308,0.6425339366515836,0.0
3744,sex,Memory,man,1,Rank,0.4972112792071428,0.4134146014464285,0.577545150925,0.21781350115714282
3744,sex,Memory,man,1,Explain,0.5,0.0,0.5,0.0
3744,sex,Memory,man,1,Memory,0.75,0.7,0.9166666666666667,0.5
3782,age,Explain,adult,0,Elicit,0.5,0.25,0.5833333333333334,0.6666666666666667
3782,age,Explain,adult,0,Retrieve,0.6666666666666667,0.8,0.8,0.41666666666666663
3782,age,Explain,adult,0,Rank,0.6839603521428571,0.23564736276785708,0.6647152077678571,0.08512200000000014
3782,age,Explain,adult,0,Explain,0.8,0.25,0.8285714285714286,0.0
3782,age,Explain,adult,0,Memory,0.5,0.5,0.75,0.0
3782,age,Explain,adult,1,Elicit,0.75,0.75,0.5833333333333334,0.5
3782,age,Explain,adult,1,Retrieve,0.75,0.7867647058823529,0.9444444444444444,0.7272727272727273
3782,age,Explain,adult,1,Rank,0.9564749821,0.4162395029642857,0.9201244177,0.4264899200714285
3782,age,Explain,adult,1,Explain,0.5,0.45,0.7333333333333334,0.4
3782,age,Explain,adult,1,Memory,1.0,0.75,0.875,0.0
3861,sex,none,woman,0,Elicit,0.6666666666666667,0.7083333333333334,0.7083333333333334,0.75
3861,sex,none,woman,0,Retrieve,0.5714285714285714,0.7813765182186235,0.8455882352941176,0.9473684210526316
3861,sex,none,woman,0,Rank,0.4219617934928571,0.24806422851428567,0.5144198788607144,0.28480680662142854
3861,sex,none,woman,0,Explain,0.0,0.0,0.0,0.0
3861,sex,none,woman,0,Memory,1.0,0.8333333333333334,0.8333333333333334,1.0
3861,sex,none,woman,1,Elicit,0.75,0.7083333333333334,0.7083333333333334,0.75
3861,sex,none,woman,1,Retrieve,0.5714285714285714,0.5164835164835164,0.5641025641025641,0.9230769230769231
3861,sex,none,woman,1,Rank,0.8546584785142857,0.3843593722964286,0.7554187595285714,0.24528073030714292
3861,sex,none,woman,1,Explain,0.8333333333333334,0.0,0.8333333333333334,0.0
3861,sex,none,woman,1,Memory,0.75,0.0,0.75,0.8
3865,sex,Retrieve,woman,0,Elicit,0.5,0.75,0.75,0.8
3865,sex,Retrieve,woman,0,Retrieve,0.6153846153846154,0.3076923076923077,0.6410256410256411,0.0
3865,sex,Retrieve,woman,0,Rank,0.4447727971071429,0.10945921898571426,0.4378337971071429,0.28021550477142854
3865,sex,Retrieve,woman,0,Explain,0.0,0.25,0.25,0.0
3865,sex,Retrieve,woman,0,Memory,0.0,0.4166666666666667,0.4166666666666667,0.0
3865,sex,Retrieve,woman,1,Elicit,0.75,0.625,0.625,0.75
3865,sex,Retrieve,woman,1,Retrieve,0.8888888888888888,0.6974789915966386,0.7450980392156863,0.5714285714285714
3865,sex,Retrieve,woman,1,Rank,0.8194486897642856,0.5366478627821428,0.8849724803071428,0.3785229069428572
3865,sex,Retrieve,woman,1,Explain,0.8,0.0,0.8,0.0
3865,sex,Retrieve,woman,1,Memory,0.75,0.0,0.75,0.0
3881,sex,Rank,man,0,Elicit,0.6666666666666667,0.6666666666666667,0.6666666666666667,0.75
3881,sex,Rank,man,0,Retrieve,0.75,0.09090909090909088,0.7867647058823529,0.75
3881,sex,Rank,man,0,Rank,0.6518906849928571,0.49966672137142853,0.6553699510857143,0.6389656503785714
3881,sex,Rank,man,0,Explain,1.0,0.4166666666666667,1.0,0.5
3881,sex,Rank,man,0,Memory,0.6666666666666667,0.0,0.6666666666666667,0.0
3881,sex,Rank,man,1,Elicit,0.6666666666666667,0.6666666666666667,0.6666666666666667,0.6666666666666667
3881,sex,Rank,man,1,Retrieve,0.33333333333333337,0.18181818181818177,0.18181818181818177,0.75
3881,sex,Rank,man,1,Rank,0.6594826992785714,0.5436359731642857,0.4945127464,0.6490399773571428
3881,sex,Rank,man,1,Explain,0.8333333333333334,0.125,0.75,0.0
3881,sex,Rank,man,1,Memory,0.6666666666666667,0.25,0.5833333333333334,0.0
3916,age,Retrieve,teen,0,Elicit,0.75,0.375,0.375,0.75
3916,age,Retrieve,teen,0,Retrieve,0.8,0.6857142857142857,0.35714285714285715,0.75
3916,age,Retrieve,teen,0,Rank,0.5003392828214286,0.28828399524285714,0.45548991824642854,0.25529718025000003
3916,age,Retrieve,teen,0,Explain,0.6666666666666667,0.0,0.6666666666666667,0.0
3916,age,Retrieve,teen,0,Memory,0.75,0.0,0.75,0.0
3916,age,Retrieve,teen,1,Elicit,0.75,0.775,0.775,0.75
3916,age,Retrieve,teen,1,Retrieve,0.0,0.8070175438596492,0.8070175438596492,0.0
3916,age,Retrieve,teen,1,Rank,0.8354658664,0.10260739616785708,0.8480515280821428,0.1647727613357144
3916,age,Retrieve,teen,1,Explain,1.0,0.0,1.0,0.25
3916,age,Retrieve,teen,1,Memory,0.75,0.25,0.75,0.8
3927,sex,Retrieve,man,0,Elicit,0.75,0.7333333333333334,0.75,0.5
3927,sex,Retrieve,man,0,Retrieve,0.5714285714285714,0.75,0.7976190476190477,0.5714285714285714
3927,sex,Retrieve,man,0,Rank,0.7371816229642857,0.23562026132142855,0.7393258007392857,0.13862996897142854
3927,sex,Retrieve,man,0,Explain,0.75,0.0,0.75,0.0
3927,sex,Retrieve,man,0,Memory,0.75,0.65,0.7083333333333334,0.75
3927,sex,Retrieve,man,1,Elicit,0.6666666666666667,0.6666666666666667,0.6666666666666667,0.75
3927,sex,Retrieve,man,1,Retrieve,0.75,0.4659090909090909,0.7867647058823529,0.18181818181818177
3927,sex,Retrieve,man,1,Rank,0.6263514916428572,0.3939142195642857,0.6150832345,0.6052857338928571
3927,sex,Retrieve,man,1,Explain,0.8,0.2,0.8,0.0
3927,sex,Retrieve,man,1,Memory,0.5,0.75,0.8333333333333334,0.0
3940,age,Retrieve,adult,0,Elicit,0.6666666666666667,0.7083333333333334,0.5,0.75
3940,age,Retrieve,adult,0,Retrieve,0.75,0.7083333333333334,0.375,0.46153846153846156
3940,age,Retrieve,adult,0,Rank,0.35915078282142854,0.3394892476285714,0.499164630075,0.27616050115714286
3940,age,Retrieve,adult,0,Explain,0.5,0.5,0.0,0.5
3940,age,Retrieve,adult,0,Memory,1.0,0.5,0.8333333333333334,0.0
3940,age,Retrieve,adult,1,Elicit,0.6666666666666667,0.7083333333333334,0.7083333333333334,0.75
3940,age,Retrieve,adult,1,Retrieve,0.6666666666666667,0.7333333333333334,0.7878787878787878,0.0
3940,age,Retrieve,adult,1,Rank,0.6805114463285714,0.5033058228178571,0.6190534122607143,0.20562272672142856
3940,age,Retrieve,adult,1,Explain,0.8,0.2,0.8,0.0
3940,age,Retrieve,adult,1,Memory,0.6666666666666667,0.25,0.5833333333333334,0.0
4063,age,none,teen,0,Elicit,0.6666666666666667,0.33333333333333337,0.33333333333333337,0.0
4063,age,none,teen,0,Retrieve,0.9473684210526316,0.6403508771929824,0.6403508771929824,0.6363636363636364
4063,age,none,teen,0,Rank,0.7805779463285714,0.24141323687142863,0.7130150746107142,0.14787024704999996
4063,age,none,teen,0,Explain,0.8,0.25,0.775,0.25
4063,age,none,teen,0,Memory,0.6666666666666667,0.0,0.6666666666666667,0.5
4063,age,none,teen,1,Elicit,0.6666666666666667,0.6666666666666667,0.6666666666666667,0.75
4063,age,none,teen,1,Retrieve,0.8,0.7402597402597402,0.8663101604278074,0.9090909090909091
4063,age,none,teen,1,Rank,0.8297157565642858,0.12517174343571424,0.9148578782821428,0.0
4063,age,none,teen,1,Explain,0.75,0.16666666666666669,0.7083333333333334,0.33333333333333337
4063,age,none,teen,1,Memory,0.75,0.16666666666666669,0.7083333333333334,0.33333333333333337
4086,age,Memory,adult,0,Elicit,0.6666666666666667,0.5,0.7083333333333334,0.6666666666666667
4086,age,Memory,adult,0,Retrieve,0.75,0.2857142857142857,0.7083333333333334,0.6666666666666667
4086,age,Memory,adult,0,Rank,0.8895377386642858,0.4049590894749999,0.8800082142142857,0.28630142007142856
4086,age,Memory,adult,0,Explain,0.25,0.375,0.45833333333333337,0.25
4086,age,Memory,adult,0,Memory,0.8,0.4,0.6000000000000001,1.0
4086,age,Memory,adult,1,Elicit,0.0,0.6666666666666667,0.6666666666666667,0.75
4086,age,Memory,adult,1,Retrieve,0.0,0.4444444444444444,0.4444444444444444,0.0
4086,age,Memory,adult,1,Rank,0.7310742171785714,0.7038139182785714,0.4891752458071428,0.6619291503785714
4086,age,Memory,adult,1,Explain,0.75,0.375,0.375,0.33333333333333337
4086,age,Memory,adult,1,Memory,0.6666666666666667,0.375,0.6333333333333333,0.33333333333333337
4104,age,Explain,teen,0,Elicit,0.6666666666666667,0.6666666666666667,0.6666666666666667,0.6666666666666667
4104,age,Explain,teen,0,Retrieve,0.8235294117647058,0.8333333333333334,0.5595238095238095,0.0
4104,age,Explain,teen,0,Rank,0.6616905226428571,0.3478245274142857,0.612921635425,0.5689765083571429
4104,age,Explain,teen,0,Explain,0.6,0.125,0.6333333333333333,0.25
4104,age,Explain,teen,0,Memory,0.6666666666666667,0.33333333333333337,0.6666666666666667,0.6
4104,age,Explain,teen,1,Elicit,0.5,0.5833333333333334,0.5833333333333334,0.6666666666666667
4104,age,Explain,teen,1,Retrieve,0.5714285714285714,0.4523809523809524,0.4523809523809524,0.18181818181818177
4104,age,Explain,teen,1,Rank,0.30237647374285714,0.34232121480714284,0.4573908472678571,0.19870803938571435
4104,age,Explain,teen,1,Explain,0.25,0.25,0.0,0.0
4104,age,Explain,teen,1,Memory,0.75,0.0,0.75,0.0
4145,age,Rank,teen,0,Elicit,0.6666666666666667,0.33333333333333337,0.33333333333333337,0.6666666666666667
4145,age,Rank,teen,0,Retrieve,0.5714285714285714,0.7342657342657343,0.7482517482517482,0.8571428571428572
4145,age,Rank,teen,0,Rank,0.47006100000000006,0.16028599999999998,0.4908875,0.0
4145,age,Rank,teen,0,Explain,0.0,0.0,0.0,0.0
4145,age,Rank,teen,0,Memory,0.6666666666666667,0.5,0.8333333333333334,0.5
4145,age,Rank,teen,1,Elicit,0.6666666666666667,0.6666666666666667,0.6666666666666667,0.6666666666666667
4145,age,Rank,teen,1,Retrieve,0.6666666666666667,0.8782051282051282,0.8782051282051282,0.625
4145,age,Rank,teen,1,Rank,0.4635,0.03600000000000003,0.45000000000000007,0.17200000000000004
4145,age,Rank,teen,1,Explain,0.0,0.0,0.0,0.0
4145,age,Rank,teen,1,Memory,0.6666666666666667,0.33333333333333337,0.6666666666666667,0.0
4153,age,Retrieve,teen,0,Elicit,0.6666666666666667,0.6666666666666667,0.6666666666666667,0.0
4153,age,Retrieve,teen,0,Retrieve,0.8,0.8117647058823529,0.4,0.18181818181818177
4153,age,Retrieve,teen,0,Rank,0.7464040405428571,0.4627441067821428,0.6620101551178572,0.5913454880285713
4153,age,Retrieve,teen,0,Explain,0.6,0.0,0.6,0.0
4153,age,Retrieve,teen,0,Memory,0.6666666666666667,0.0,0.6666666666666667,0.6
4153,age,Retrieve,teen,1,Elicit,0.0,0.6666666666666667,0.6666666666666667,0.6666666666666667
4153,age,Retrieve,teen,1,Retrieve,0.0,0.5,0.5,0.0
4153,age,Retrieve,teen,1,Rank,0.37588126130714294,0.18488885679642864,0.3902557231642857,0.36606124459285716
4153,age,Retrieve,teen,1,Explain,0.6666666666666667,0.0,0.6666666666666667,0.0
4153,age,Retrieve,teen,1,Memory,0.6666666666666667,0.25,0.5833333333333334,0.6666666666666667
4242,age,Retrieve,teen,0,Elicit,0.6666666666666667,0.6666666666666667,0.6666666666666667,0.5
4242,age,Retrieve,teen,0,Retrieve,0.0,0.4285714285714286,0.4285714285714286,0.9090909090909091
4242,age,Retrieve,teen,0,Rank,0.35851424702142853,0.4562936850071428,0.3724597160214286,0.33814166712142846
4242,age,Retrieve,teen,0,Explain,0.0,0.0,0.0,0.0
4242,age,Retrieve,teen,0,Memory,0.75,0.25,0.775,0.5
4242,age,Retrieve,teen,1,Elicit,0.6666666666666667,0.6666666666666667,0.6666666666666667,0.6666666666666667
4242,age,Retrieve,teen,1,Retrieve,1.0,0.6666666666666667,0.7857142857142857,0.9090909090909091
4242,age,Retrieve,teen,1,Rank,0.9330627565642857,0.13734275952857145,0.9665313782821429,0.0
4242,age,Retrieve,teen,1,Explain,0.6,0.0,0.6,0.33333333333333337
4242,age,Retrieve,teen,1,Memory,0.6666666666666667,0.5,0.7083333333333334,0.75
4249,age,Elicit,adult,0,Elicit,0.6666666666666667,0.6666666666666667,0.0,0.0
4249,age,Elicit,adult,0,Retrieve,0.2857142857142857,0.4345238095238095,0.4722222222222222,0.5833333333333333
4249,age,Elicit,adult,0,Rank,0.33802878571428563,0.15388025,0.35152878571428564,0.031347000000000014
4249,age,Elicit,adult,0,Explain,0.6,0.125,0.55,0.0
4249,age,Elicit,adult,0,Memory,0.8333333333333334,0.55,0.7333333333333334,0.6
4249,age,Elicit,adult,1,Elicit,0.75,0.6666666666666667,0.625,0.0
4249,age,Elicit,adult,1,Retrieve,0.18181818181818177,0.4642857142857143,0.513986013986014,0.9473684210526316
4249,age,Elicit,adult,1,Rank,0.6016435405428571,0.3846782476142857,0.6526451235249999,0.5361264916428572
4249,age,Elicit,adult,1,Explain,0.8333333333333334,0.2916666666666667,0.8,0.0
4249,age,Elicit,adult,1,Memory,0.8333333333333334,0.25,0.8285714285714286,0.25
4256,age,Elicit,teen,0,Elicit,0.6666666666666667,0.6666666666666667,0.33333333333333337,0.0
4256,age,Elicit,teen,0,Retrieve,0.6,0.7045454545454546,0.8642857142857143,0.5714285714285714
4256,age,Elicit,teen,0,Rank,0.647335,0.03161249999999999,0.6607225,0.06322499999999998
4256,age,Elicit,teen,0,Explain,0.8,0.0,0.8,0.0
4256,age,Elicit,teen,0,Memory,0.8,0.375,0.775,0.75
4256,age,Elicit,teen,1,Elicit,0.5,0.6666666666666667,0.4166666666666667,0.5
4256,age,Elicit,teen,1,Retrieve,0.75,0.8070175438596492,0.7450980392156863,1.0
4256,age,Elicit,teen,1,Rank,0.7016277660785715,0.5889109910499999,0.7304593341392858,0.4806344248428571
4256,age,Elicit,teen,1,Explain,0.8,0.3,0.9,0.4
4256,age,Elicit,teen,1,Memory,0.6666666666666667,0.25,0.5833333333333334,0.0
4319,age,Rank,adult,0,Elicit,0.75,0.375,0.7083333333333334,0.75
4319,age,Rank,adult,0,Retrieve,0.9090909090909091,0.6853146853146853,0.8295454545454546,0.9090909090909091
4319,age,Rank,adult,0,Rank,0.9429042565642857,0.40556673030714285,0.9314225065642857,0.0
4319,age,Rank,adult,0,Explain,1.0,0.16666666666666669,1.0,0.5
4319,age,Rank,adult,0,Memory,0.6666666666666667,0.0,0.6666666666666667,0.0
4319,age,Rank,adult,1,Elicit,0.75,0.7333333333333334,0.5416666666666667,0.6666666666666667
4319,age,Rank,adult,1,Retrieve,0.9090909090909091,0.5666666666666667,0.8663101604278074,0.0
4319,age,Rank,adult,1,Rank,0.6861907386642858,0.13870587886071428,0.6453111258964286,0.08824577805000011
4319,age,Rank,adult,1,Explain,0.0,0.0,0.0,0.0
4319,age,Rank,adult,1,Memory,0.75,0.0,0.75,0.0
4376,sex,Retrieve,woman,0,Elicit,0.8,0.8,0.8,0.8
4376,sex,Retrieve,woman,0,Retrieve,0.75,0.7617647058823529,0.7840909090909091,0.5714285714285714
4376,sex,Retrieve,woman,0,Rank,0.7647577350785715,0.49349023745,0.7252049934357143,0.585732695692857
4376,sex,Retrieve,woman,0,Explain,0.6,0.2916666666666667,0.65,0.25
4376,sex,Retrieve,woman,0,Memory,0.75,0.4,0.75,0.33333333333333337
4376,sex,Retrieve,woman,1,Elicit,0.75,0.775,0.775,0.6666666666666667
4376,sex,Retrieve,woman,1,Retrieve,0.75,0.18181818181818182,0.775,0.875
4376,sex,Retrieve,woman,1,Rank,0.7108647464285714,0.1555027571428571,0.7559772464285714,0.2619690142857143
4376,sex,Retrieve,woman,1,Explain,0.6666666666666667,0.0,0.6666666666666667,0.0
4376,sex,Retrieve,woman,1,Memory,0.75,0.5,0.7083333333333334,0.6666666666666667
4478,age,Elicit,young,0,Elicit,0.6666666666666667,0.6666666666666667,0.33333333333333337,0.0
4478,age,Elicit,young,0,Retrieve,0.46153846153846156,0.45454545454545453,0.6307692307692307,0.46153846153846156
4478,age,Elicit,young,0,Rank,0.604833406942857,0.3684501449392857,0.5020655596749999,0.29369646897142854
4478,age,Elicit,young,0,Explain,0.75,0.125,0.775,0.0
4478,age,Elicit,young,0,Memory,0.5,0.0,0.5,0.6666666666666667
4478,age,Elicit,young,1,Elicit,0.6666666666666667,0.6666666666666667,0.33333333333333337,0.0
4478,age,Elicit,young,1,Retrieve,0.18181818181818177,0.23076923076923078,0.25757575757575757,0.8
4478,age,Elicit,young,1,Rank,0.5758911956928571,0.2949645751892857,0.53141770405,0.13006721243571429
4478,age,Elicit,young,1,Explain,0.6,0.25,0.675,0.25
4478,age,Elicit,young,1,Memory,0.6666666666666667,0.16666666666666669,0.5833333333333334,0.33333333333333337
4497,age,none,teen,0,Elicit,0.6666666666666667,0.6666666666666667,0.6666666666666667,0.6666666666666667
4497,age,none,teen,0,Retrieve,0.5,0.736111111111111,0.45,0.5
4497,age,none,teen,0,Rank,0.4714655226428571,0.15642634726785715,0.489698409875,0.05755551428571426
4497,age,none,teen,0,Explain,0.5,0.25,0.25,0.0
4497,age,none,teen,0,Memory,0.6666666666666667,0.0,0.6666666666666667,0.0
4497,age,none,teen,1,Elicit,0.5,0.5833333333333334,0.5833333333333334,0.5
4497,age,none,teen,1,Retrieve,0.7857142857142857,0.6794871794871795,0.6390374331550802,0.8235294117647058
4497,age,none,teen,1,Rank,0.665969251792857,0.18066508356071426,0.7462162678857143,0.8012919606142856
4497,age,none,teen,1,Explain,0.33333333333333337,0.0,0.33333333333333337,0.0
4497,age,none,teen,1,Memory,0.5,0.5833333333333334,0.375,0.0
4529,sex,Explain,woman,0,Elicit,0.75,0.7083333333333334,0.7083333333333334,0.75
4529,sex,Explain,woman,0,Retrieve,0.25,0.4285714285714286,0.5267857142857143,0.125
4529,sex,Explain,woman,0,Rank,0.42052214285714284,0.06151500000000004,0.3999278928571428,0.3034134999999999
4529,sex,Explain,woman,0,Explain,0.6666666666666667,0.45833333333333337,0.6333333333333333,0.25
4529,sex,Explain,woman,0,Memory,0.6666666666666667,1.0,1.0,0.5
4529,sex,Explain,woman,1,Elicit,0.6666666666666667,0.7083333333333334,0.7083333333333334,0.6666666666666667
4529,sex,Explain,woman,1,Retrieve,0.5,0.5892857142857143,0.5666666666666667,0.4285714285714286
4529,sex,Explain,woman,1,Rank,0.5607350071428572,0.10003325000000002,0.47473500714285716,0.09999999999999998
4529,sex,Explain,woman,1,Explain,0.6666666666666667,0.125,0.6333333333333333,0.0
4529,sex,Explain,woman,1,Memory,0.5,0.6333333333333333,0.775,0.19999999999999996
4569,age,Elicit,adult,0,Elicit,0.6666666666666667,0.6666666666666667,0.33333333333333337,0.0
4569,age,Elicit,adult,0,Retrieve,0.9166666666666666,0.7083333333333334,0.9305555555555556,0.7
4569,age,Elicit,adult,0,Rank,0.9612579511,0.1104485178857143,0.98062897555,0.0
4569,age,Elicit,adult,0,Explain,0.8571428571428572,0.0,0.8571428571428572,0.0
4569,age,Elicit,adult,0,Memory,0.75,0.5,0.7083333333333334,0.6666666666666667
4569,age,Elicit,adult,1,Elicit,0.6666666666666667,0.6666666666666667,0.33333333333333337,0.0
4569,age,Elicit,adult,1,Retrieve,0.6153846153846154,0.6428571428571428,0.5284090909090908,0.7692307692307692
4569,age,Elicit,adult,1,Rank,0.8628450131285714,0.4226522505785713,0.7380598985535715,0.10334700000000008
4569,age,Elicit,adult,1,Explain,0.8333333333333334,0.0,0.8333333333333334,0.0
4569,age,Elicit,adult,1,Memory,0.8333333333333334,0.375,0.8035714285714286,0.25
4572,sex,Elicit,man,0,Elicit,0.75,0.75,0.4,0.0
4572,sex,Elicit,man,0,Retrieve,0.6,0.4166666666666667,0.4166666666666667,0.6666666666666667
4572,sex,Elicit,man,0,Rank,0.52911,0.07249999999999995,0.57911,0.0
4572,sex,Elicit,man,0,Explain,0.0,0.0,0.0,0.25
4572,sex,Elicit,man,0,Memory,0.6666666666666667,0.625,0.625,0.0
4572,sex,Elicit,man,1,Elicit,0.75,0.7083333333333334,0.65,0.0
4572,sex,Elicit,man,1,Retrieve,0.33333333333333337,0.09999999999999998,0.380952380952381,0.6666666666666667
4572,sex,Elicit,man,1,Rank,0.4132990000000001,0.04256100000000007,0.40673800000000004,0.07634699999999994
4572,sex,Elicit,man,1,Explain,0.6666666666666667,0.2,0.6666666666666667,0.6
4572,sex,Elicit,man,1,Memory,1.0,0.9,0.875,1.0
4589,age,Explain,teen,0,Elicit,0.6666666666666667,0.6666666666666667,0.6666666666666667,0.6666666666666667
4589,age,Explain,teen,0,Retrieve,0.18181818181818177,0.16666666666666669,0.25757575757575757,0.0
4589,age,Explain,teen,0,Rank,0.1477879725857143,0.2827022541785714,0.3340114976285714,0.15014829233571436
4589,age,Explain,teen,0,Explain,0.25,0.25,0.0,0.0
4589,age,Explain,teen,0,Memory,0.6666666666666667,0.25,0.5833333333333334,0.0
4589,age,Explain,teen,1,Elicit,0.6666666666666667,0.6666666666666667,0.6666666666666667,0.6666666666666667
4589,age,Explain,teen,1,Retrieve,0.18181818181818177,0.25757575757575757,0.25757575757575757,0.5714285714285714
4589,age,Explain,teen,1,Rank,0.30801366350714277,0.2248129797285714,0.3320602440142857,0.22475982452142862
4589,age,Explain,teen,1,Explain,0.25,0.25,0.0,0.0
4589,age,Explain,teen,1,Memory,0.5,0.0,0.5,0.0
4615,sex,Rank,man,0,Elicit,0.75,0.625,0.625,0.75
4615,sex,Rank,man,0,Retrieve,0.7272727272727273,0.36363636363636365,0.6493506493506493,0.33333333333333337
4615,sex,Rank,man,0,Rank,0.6256235262571428,0.44072920405,0.8135492541785714,1.1102230246251565e-16
4615,sex,Rank,man,0,Explain,0.8,0.16666666666666669,0.9,0.0
4615,sex,Rank,man,0,Memory,0.75,0.16666666666666669,0.7083333333333334,0.0
4615,sex,Rank,man,1,Elicit,0.8,0.65,0.65,0.5
4615,sex,Rank,man,1,Retrieve,0.46153846153846156,0.39743589743589747,0.32167832167832167,0.46153846153846156
4615,sex,Rank,man,1,Rank,0.3721562613357142,0.39538983889642854,0.3350353341392857,0.20653868140714293
4615,sex,Rank,man,1,Explain,0.8,0.2916666666666667,0.7916666666666667,0.25
4615,sex,Rank,man,1,Memory,0.6666666666666667,0.33333333333333337,0.7333333333333334,0.0
4666,age,Rank,young,0,Elicit,0.0,0.0,0.0,0.0
4666,age,Rank,young,0,Retrieve,0.18181818181818177,0.18181818181818177,0.18181818181818177,0.18181818181818177
4666,age,Rank,young,0,Rank,0.4953277124071428,0.5683405847178571,0.41822311752499997,0.17028424343571436
4666,age,Rank,young,0,Explain,0.8,0.0,0.8,0.0
4666,age,Rank,young,0,Memory,1.0,0.16666666666666669,1.0,0.0
4666,age,Rank,young,1,Elicit,0.6666666666666667,0.6666666666666667,0.6666666666666667,0.6666666666666667
4666,age,Rank,young,1,Retrieve,0.0,0.18181818181818177,0.18181818181818177,0.18181818181818177
4666,age,Rank,young,1,Rank,0.48947769569285704,0.5755335053499999,0.570997843075,0.5381062613071428
4666,age,Rank,young,1,Explain,0.8571428571428572,0.0,0.8571428571428572,0.4
4666,age,Rank,young,1,Memory,0.6666666666666667,0.0,0.6666666666666667,0.0
4668,sex,Retrieve,man,0,Elicit,0.6666666666666667,0.6666666666666667,0.6666666666666667,0.6666666666666667
4668,sex,Retrieve,man,0,Retrieve,0.33333333333333337,0.16666666666666669,0.16666666666666669,0.0
4668,sex,Retrieve,man,0,Rank,0.44176368140714284,0.4287120912678571,0.3952825614821428,0.5701314594571428
4668,sex,Retrieve,man,0,Explain,0.8333333333333334,0.0,0.8333333333333334,0.0
4668,sex,Retrieve,man,0,Memory,1.0,0.5,0.8333333333333334,0.0
4668,sex,Retrieve,man,1,Elicit,0.6666666666666667,0.6666666666666667,0.6666666666666667,0.6666666666666667
4668,sex,Retrieve,man,1,Retrieve,0.8333333333333334,0.5,0.8186813186813187,0.7272727272727273
4668,sex,Retrieve,man,1,Rank,0.9199407565642858,0.3313892565642858,0.8748282565642858,0.07200000000000006
4668,sex,Retrieve,man,1,Explain,0.8,0.4666666666666667,0.875,0.0
4668,sex,Retrieve,man,1,Memory,0.5,0.0,0.5,0.0
4671,sex,Explain,man,0,Elicit,0.6666666666666667,0.33333333333333337,0.33333333333333337,0.6666666666666667
4671,sex,Explain,man,0,Retrieve,0.33333333333333337,0.16666666666666669,0.39743589743589747,0.33333333333333337
4671,sex,Explain,man,0,Rank,0.5266064415571429,0.24951997792142855,0.5588795948821428,0.4661885357714285
4671,sex,Explain,man,0,Explain,0.8571428571428572,0.2,0.761904761904762,0.4
4671,sex,Explain,man,0,Memory,0.6666666666666667,0.0,0.6666666666666667,0.0
4671,sex,Explain,man,1,Elicit,0.6666666666666667,0.6666666666666667,0.6666666666666667,0.6666666666666667
4671,sex,Explain,man,1,Retrieve,0.8,0.4182692307692308,0.8125,0.6
4671,sex,Explain,man,1,Rank,0.9612579511,0.38546086392499995,0.845486853832143,0.11093901428571429
4671,sex,Explain,man,1,Explain,0.8333333333333334,0.3666666666666667,0.8166666666666667,0.6666666666666667
4671,sex,Explain,man,1,Memory,0.6666666666666667,0.16666666666666669,0.7083333333333334,0.6666666666666667
4728,age,none,teen,0,Elicit,0.0,0.6666666666666667,0.6666666666666667,0.6666666666666667
4728,age,none,teen,0,Retrieve,0.33333333333333337,0.25757575757575757,0.25757575757575757,0.46153846153846156
4728,age,none,teen,0,Rank,0.6576540226428571,0.5992577064357143,0.6663588788607142,0.2535959594571431
4728,age,none,teen,0,Explain,0.8,0.0,0.8,0.5
4728,age,none,teen,0,Memory,0.8,0.65,0.3,0.0
4728,age,none,teen,1,Elicit,0.6666666666666667,0.33333333333333337,0.33333333333333337,0.6666666666666667
4728,age,none,teen,1,Retrieve,0.33333333333333337,0.18181818181818177,0.18181818181818177,0.0
4728,age,none,teen,1,Rank,0.30743923030714293,0.43378339018214285,0.4001957058571428,0.3191934522571428
4728,age,none,teen,1,Explain,0.0,0.125,0.125,0.25
4728,age,none,teen,1,Memory,0.6666666666666667,0.25,0.5833333333333334,0.5
4754,age,Explain,adult,0,Elicit,0.6666666666666667,0.5,0.5,0.6666666666666667
4754,age,Explain,adult,0,Retrieve,0.18181818181818177,0.9090909090909091,0.9090909090909091,0.46153846153846156
4754,age,Explain,adult,0,Rank,0.7288663938142856,0.43198205131785705,0.43725547849999996,0.7181047135642856
4754,age,Explain,adult,0,Explain,0.6666666666666667,0.0,0.6666666666666667,0.4
4754,age,Explain,adult,0,Memory,0.5,0.5,0.33333333333333337,0.5
4754,age,Explain,adult,1,Elicit,0.6666666666666667,0.6666666666666667,0.6666666666666667,0.6666666666666667
4754,age,Explain,adult,1,Retrieve,0.75,0.0,0.75,0.0
4754,age,Explain,adult,1,Rank,0.6206119558428571,0.2694437864535714,0.58341167425,0.35971775772142855
4754,age,Explain,adult,1,Explain,0.8571428571428572,0.25,0.8285714285714286,0.0
4754,age,Explain,adult,1,Memory,0.6666666666666667,0.5833333333333334,0.5833333333333334,0.0
4834,sex,none,woman,0,Elicit,0.5,0.75,0.75,0.8
4834,sex,none,woman,0,Retrieve,0.46153846153846156,0.23076923076923078,0.23076923076923078,0.75
4834,sex,none,woman,0,Rank,0.7258187207928571,0.45762407223928564,0.6173672118285713,0.2713722339214286
4834,sex,none,woman,0,Explain,0.6,0.3666666666666667,0.55,0.33333333333333337
4834,sex,none,woman,0,Memory,0.0,0.16666666666666669,0.16666666666666669,0.0
4834,sex,none,woman,1,Elicit,0.8,0.75,0.75,0.75
4834,sex,none,woman,1,Retrieve,0.5714285714285714,0.8333333333333334,0.8333333333333334,0.0
4834,sex,none,woman,1,Rank,0.8133412839785714,0.316502102025,0.7479803233964286,0.5777234737428572
4834,sex,none,woman,1,Explain,0.75,0.0,0.75,0.0
4834,sex,none,woman,1,Memory,0.8333333333333334,0.2916666666666667,0.8,0.25
4921,age,Explain,young,0,Elicit,0.6666666666666667,0.33333333333333337,0.33333333333333337,0.6666666666666667
4921,age,Explain,young,0,Retrieve,0.0,0.25757575757575757,0.25757575757575757,0.5384615384615384
4921,age,Explain,young,0,Rank,0.6146332445928571,0.3754832070714286,0.3754832070714286,0.3620617339214285
4921,age,Explain,young,0,Explain,0.75,0.375,0.8166666666666667,0.25
4921,age,Explain,young,0,Memory,0.0,0.25,0.25,0.0
4921,age,Explain,young,1,Elicit,0.6666666666666667,0.33333333333333337,0.33333333333333337,0.0
4921,age,Explain,young,1,Retrieve,0.0,0.25757575757575757,0.25757575757575757,0.18181818181818177
4921,age,Explain,young,1,Rank,0.30037998687142853,0.25566234430357143,0.2618498359464285,0.17921724705000008
4921,age,Explain,young,1,Explain,0.25,0.125,0.125,0.0
4921,age,Explain,young,1,Memory,0.5,0.25,0.25,0.0
4924,sex,none,woman,0,Elicit,0.8,0.775,0.625,0.75
4924,sex,none,woman,0,Retrieve,0.6666666666666667,0.4743589743589744,0.6904761904761905,0.6666666666666667
4924,sex,none,woman,0,Rank,0.8012919606142856,0.2621278741035714,0.7739123478464285,0.27741175772142856
4924,sex,none,woman,0,Explain,0.75,0.2916666666666667,0.8,0.0
4924,sex,none,woman,0,Memory,0.8,0.0,0.8,0.5
4924,sex,none,woman,1,Elicit,0.6666666666666667,0.6666666666666667,0.6666666666666667,0.6666666666666667
4924,sex,none,woman,1,Retrieve,0.75,0.5784313725490196,0.6974789915966386,1.0
4924,sex,none,woman,1,Rank,0.4973849904571428,0.25664720766428567,0.5353478711392857,0.30731053577142853
4924,sex,none,woman,1,Explain,0.5,0.16666666666666669,0.4166666666666667,0.33333333333333337
4924,sex,none,woman,1,Memory,0.6666666666666667,0.0,0.6666666666666667,0.0
4933,age,Memory,young,0,Elicit,0.0,0.6666666666666667,0.6666666666666667,0.6666666666666667
4933,age,Memory,young,0,Retrieve,0.33333333333333337,0.25757575757575757,0.25757575757575757,0.5714285714285714
4933,age,Memory,young,0,Rank,0.33669048687142855,0.25936236334642854,0.22393009430357147,0.25297519812142844
4933,age,Memory,young,0,Explain,0.0,0.125,0.125,0.25
4933,age,Memory,young,0,Memory,0.6666666666666667,0.7083333333333334,0.125,0.75
4933,age,Memory,young,1,Elicit,0.6666666666666667,0.33333333333333337,0.33333333333333337,0.6666666666666667
4933,age,Memory,young,1,Retrieve,0.46153846153846156,0.23076923076923078,0.23076923076923078,0.46153846153846156
4933,age,Memory,young,1,Rank,0.5658527303071429,0.5142085525321428,0.5285189332,0.18392203218571423
4933,age,Memory,young,1,Explain,0.8333333333333334,0.0,0.8333333333333334,0.0
4933,age,Memory,young,1,Memory,0.75,0.0,0.75,0.5
4947,age,Rank,adult,0,Elicit,0.75,0.5833333333333334,0.75,0.75
4947,age,Rank,adult,0,Retrieve,1.0,0.9117647058823529,0.4230769230769231,0.6666666666666667
4947,age,Rank,adult,0,Rank,0.7764315131285714,0.28105834251071427,0.7530736348464286,0.25347149048571427
4947,age,Rank,adult,0,Explain,0.6666666666666667,0.33333333333333337,0.6666666666666667,0.0
4947,age,Rank,adult,0,Memory,0.75,0.5,0.875,0.0
4947,age,Rank,adult,1,Elicit,0.75,0.5833333333333334,0.5833333333333334,0.75
4947,age,Rank,adult,1,Retrieve,0.33333333333333337,0.6666666666666667,0.6666666666666667,0.5714285714285714
4947,age,Rank,adult,1,Rank,0.6741071682785713,0.43761528522499993,0.5524170775749999,0.21057518140714293
4947,age,Rank,adult,1,Explain,0.6666666666666667,0.16666666666666669,0.7083333333333334,0.0
4947,age,Rank,adult,1,Memory,0.6666666666666667,0.25,0.5833333333333334,0.5
4965,age,Explain,teen,0,Elicit,0.6666666666666667,0.6666666666666667,0.6666666666666667,0.6666666666666667
4965,age,Explain,teen,0,Retrieve,0.8888888888888888,0.5714285714285714,0.5714285714285714,0.6666666666666667
4965,age,Explain,teen,0,Rank,0.5361264916428572,0.20758063246071423,0.6092100972678571,0.6253949248428571
4965,age,Explain,teen,0,Explain,0.6666666666666667,0.325,0.7285714285714286,0.0
4965,age,Explain,teen,0,Memory,0.6666666666666667,0.0,0.6666666666666667,0.6666666666666667
4965,age,Explain,teen,1,Elicit,0.6666666666666667,0.6666666666666667,0.6666666666666667,0.6666666666666667
4965,age,Explain,teen,1,Retrieve,0.5714285714285714,0.6493506493506493,0.8733031674208145,0.6428571428571428
4965,age,Explain,teen,1,Rank,0.5957515083571429,0.518576312075,0.7078641199107143,0.19922645468571432
4965,age,Explain,teen,1,Explain,0.6,0.33333333333333337,0.675,0.0
4965,age,Explain,teen,1,Memory,0.6666666666666667,0.0,0.6666666666666667,0.0
4987,age,none,young,0,Elicit,0.6666666666666667,0.6666666666666667,0.6666666666666667,0.5
4987,age,none,young,0,Retrieve,0.75,0.16666666666666669,0.7083333333333334,0.8
4987,age,none,young,0,Rank,0.7547192696928571,0.3494093603964286,0.7408235268357142,0.0
4987,age,none,young,0,Explain,0.6666666666666667,0.2,0.6666666666666667,0.0
4987,age,none,young,0,Memory,0.6666666666666667,0.0,0.6666666666666667,0.0
4987,age,none,young,1,Elicit,0.6666666666666667,0.7083333333333334,0.7083333333333334,0.6666666666666667
4987,age,none,young,1,Retrieve,0.75,0.32167832167832167,0.7867647058823529,0.75
4987,age,none,young,1,Rank,0.9041622076642857,0.13596171717857142,0.8494093603964286,0.0
4987,age,none,young,1,Explain,0.8,0.16666666666666669,0.7,0.0
4987,age,none,young,1,Memory,0.7142857142857143,0.3,0.7571428571428571,0.0
4996,age,Memory,young,0,Elicit,0.6666666666666667,0.75,0.75,0.75
4996,age,Memory,young,0,Retrieve,0.9090909090909091,0.7272727272727273,0.8819444444444444,1.0
4996,age,Memory,young,0,Rank,1.0,0.22769523448571422,1.0,0.0
4996,age,Memory,young,0,Explain,0.8333333333333334,0.0,0.8333333333333334,0.0
4996,age,Memory,young,0,Memory,0.8,0.4166666666666667,0.75,0.25
4996,age,Memory,young,1,Elicit,0.8,0.5416666666666667,0.5416666666666667,0.75
4996,age,Memory,young,1,Retrieve,0.4,0.35000000000000003,0.30219780219780223,0.36363636363636365
4996,age,Memory,young,1,Rank,0.8376736897642857,0.11847323629285711,0.8568203514464285,0.22737998687142857
4996,age,Memory,young,1,Explain,0.8333333333333334,0.0,0.8333333333333334,0.0
4996,age,Memory,young,1,Memory,0.875,0.125,0.8660714285714286,0.0
5043,sex,Elicit,man,0,Elicit,0.6666666666666667,0.7083333333333334,0.375,0.0
5043,sex,Elicit,man,0,Retrieve,0.18181818181818177,0.6666666666666667,0.6190476190476191,0.0
5043,sex,Elicit,man,0,Rank,0.3204404832571428,0.26799780730357137,0.34392430909642846,0.3400764200714286
5043,sex,Elicit,man,0,Explain,0.8333333333333334,0.125,0.8166666666666667,0.0
5043,sex,Elicit,man,0,Memory,0.0,0.375,0.375,0.5
5043,sex,Elicit,man,1,Elicit,0.75,0.7083333333333334,0.375,0.0
5043,sex,Elicit,man,1,Retrieve,0.6666666666666667,0.5641025641025641,0.6190476190476191,0.6428571428571428
5043,sex,Elicit,man,1,Rank,0.7959077696928571,0.4781947231642857,0.7921032124214286,0.37284721602142856
5043,sex,Elicit,man,1,Explain,1.0,0.16666666666666669,0.9166666666666667,0.8
5043,sex,Elicit,man,1,Memory,0.8333333333333334,0.33333333333333337,0.7916666666666667,0.6666666666666667
5089,age,Rank,young,0,Elicit,0.6666666666666667,0.6666666666666667,0.33333333333333337,0.0
5089,age,Rank,young,0,Retrieve,0.8571428571428572,0.4285714285714286,0.4285714285714286,0.6
5089,age,Rank,young,0,Rank,0.6846302207928572,0.3756473806535714,0.6276558580107143,0.20334699999999994
5089,age,Rank,young,0,Explain,0.75,0.5,0.7083333333333334,0.0
5089,age,Rank,young,0,Memory,0.5,0.5833333333333334,0.5833333333333334,0.6666666666666667
5089,age,Rank,young,1,Elicit,0.0,0.6666666666666667,0.6666666666666667,0.6666666666666667
5089,age,Rank,young,1,Retrieve,0.5714285714285714,0.3766233766233766,0.3766233766233766,0.0
5089,age,Rank,young,1,Rank,0.5658527303071429,0.6071678120607142,0.6763149916428571,0.5325947792071428
5089,age,Rank,young,1,Explain,0.8,0.125,0.775,0.4
5089,age,Rank,young,1,Memory,0.0,0.0,0.0,0.0
5118,age,Memory,teen,0,Elicit,0.6666666666666667,0.33333333333333337,0.33333333333333337,0.6666666666666667
5118,age,Memory,teen,0,Retrieve,0.0,0.4583333333333333,0.4583333333333333,0.33333333333333337
5118,age,Memory,teen,0,Rank,0.24721353938571444,0.12360676969285722,0.12360676969285722,0.0
5118,age,Memory,teen,0,Explain,0.5,0.5833333333333334,0.5833333333333334,0.5
5118,age,Memory,teen,0,Memory,0.75,0.5833333333333334,0.55,0.0
5118,age,Memory,teen,1,Elicit,0.6666666666666667,0.33333333333333337,0.6666666666666667,0.6666666666666667
5118,age,Memory,teen,1,Retrieve,0.33333333333333337,0.16666666666666669,0.16666666666666669,0.75
5118,age,Memory,teen,1,Rank,0.7394132481785713,0.34355023687142855,0.487579876475,0.17028424343571436
5118,age,Memory,teen,1,Explain,0.6666666666666667,0.0,0.6666666666666667,0.0
5118,age,Memory,teen,1,Memory,0.75,0.4166666666666667,0.75,0.4
5255,age,Rank,young,0,Elicit,0.6666666666666667,0.33333333333333337,0.33333333333333337,0.6666666666666667
5255,age,Rank,young,0,Retrieve,0.0,0.6666666666666667,0.6666666666666667,0.0
5255,age,Rank,young,0,Rank,0.44410019930714273,0.4943539576642857,0.43809356862499993,0.40922148687142845
5255,age,Rank,young,0,Explain,0.5,0.33333333333333337,0.625,0.6666666666666667
5255,age,Rank,young,0,Memory,0.6666666666666667,0.5,0.7083333333333334,0.0
5255,age,Rank,young,1,Elicit,0.0,0.6666666666666667,0.6666666666666667,0.6666666666666667
5255,age,Rank,young,1,Retrieve,0.5714285714285714,0.2857142857142857,0.2857142857142857,0.0
5255,age,Rank,young,1,Rank,0.7183375405428571,0.40756458473214285,0.6274242273571429,0.6189119737428571
5255,age,Rank,young,1,Explain,0.8,0.0,0.8,0.0
5255,age,Rank,young,1,Memory,0.0,0.5,0.5,0.5
5296,sex,Elicit,man,0,Elicit,0.6666666666666667,0.6666666666666667,0.0,0.0
5296,sex,Elicit,man,0,Retrieve,0.6666666666666667,0.5,0.6057692307692308,0.46153846153846156
5296,sex,Elicit,man,0,Rank,0.6624369916428572,0.6501881927285714,0.5306524558428571,0.5303869558428571
5296,sex,Elicit,man,0,Explain,0.8333333333333334,0.375,0.75,0.25
5296,sex,Elicit,man,0,Memory,0.5,0.625,0.4,0.5
5296,sex,Elicit,man,1,Elicit,0.6666666666666667,0.6666666666666667,0.33333333333333337,0.0
5296,sex,Elicit,man,1,Retrieve,0.5714285714285714,0.6190476190476191,0.5164835164835164,0.6666666666666667
5296,sex,Elicit,man,1,Rank,0.48381426492142854,0.37735963484642854,0.48233287113928563,0.3835555500571428
5296,sex,Elicit,man,1,Explain,0.6,0.125,0.6333333333333333,0.5
5296,sex,Elicit,man,1,Memory,0.6666666666666667,0.0,0.6666666666666667,0.0
5411,sex,Explain,man,0,Elicit,0.5,0.5,0.5,0.75
5411,sex,Explain,man,0,Retrieve,0.8,0.8397435897435898,0.9642857142857143,0.6666666666666667
5411,sex,Explain,man,0,Rank,0.9612579511,0.16182538066785712,0.98062897555,0.15458850115714295
5411,sex,Explain,man,0,Explain,0.5,0.0,0.5,0.5
5411,sex,Explain,man,0,Memory,1.0,0.75,0.8571428571428572,0.0
5411,sex,Explain,man,1,Elicit,0.75,0.625,0.6666666666666667,0.5
5411,sex,Explain,man,1,Retrieve,0.8181818181818181,0.75,0.9545454545454546,1.0
5411,sex,Explain,man,1,Rank,0.9612579511,0.3603059779214285,0.98062897555,0.0
5411,sex,Explain,man,1,Explain,0.8,0.375,0.8035714285714286,0.0
5411,sex,Explain,man,1,Memory,0.6666666666666667,0.45,0.775,0.0
5423,age,Elicit,adult,0,Elicit,0.6666666666666667,0.625,0.625,0.0
5423,age,Elicit,adult,0,Retrieve,0.6666666666666667,0.33333333333333337,0.6666666666666667,0.6666666666666667
5423,age,Elicit,adult,0,Rank,0.7240364642285715,0.45768289913214283,0.6974486897642858,0.5424405047714286
5423,age,Elicit,adult,0,Explain,0.6666666666666667,0.0,0.6666666666666667,0.0
5423,age,Elicit,adult,0,Memory,0.5,0.625,0.6666666666666667,0.0
5423,age,Elicit,adult,1,Elicit,0.6666666666666667,0.5833333333333334,0.25,0.5
5423,age,Elicit,adult,1,Retrieve,0.0,0.8700980392156863,0.8700980392156863,0.0
5423,age,Elicit,adult,1,Rank,0.2637617160214285,0.18707085144642865,0.2503540943035714,0.23511779595000015
5423,age,Elicit,adult,1,Explain,0.0,0.0,0.0,0.33333333333333337
5423,age,Elicit,adult,1,Memory,0.33333333333333337,0.75,0.8333333333333334,0.33333333333333337
5484,sex,none,woman,0,Elicit,0.6666666666666667,0.6666666666666667,0.6666666666666667,0.6666666666666667
5484,sex,none,woman,0,Retrieve,0.6666666666666667,0.33333333333333337,0.33333333333333337,0.46153846153846156
5484,sex,none,woman,0,Rank,0.6141290047428571,0.2527183877964285,0.7013793681035714,0.31055555005714286
5484,sex,none,woman,0,Explain,0.6,0.0,0.6,0.0
5484,sex,none,woman,0,Memory,0.6666666666666667,0.5833333333333334,0.5833333333333334,0.0
5484,sex,none,woman,1,Elicit,0.6666666666666667,0.6666666666666667,0.6666666666666667,0.6666666666666667
5484,sex,none,woman,1,Retrieve,0.0,0.09090909090909088,0.09090909090909088,0.0
5484,sex,none,woman,1,Rank,0.7293742350785715,0.5702853627678571,0.5974287118428572,0.6056394284285714
5484,sex,none,woman,1,Explain,0.8333333333333334,0.525,0.8035714285714286,0.25
5484,sex,none,woman,1,Memory,0.6666666666666667,0.0,0.6666666666666667,0.0
5514,sex,Rank,woman,0,Elicit,0.6666666666666667,0.6666666666666667,0.6666666666666667,0.6666666666666667
5514,sex,Rank,woman,0,Retrieve,0.75,0.16666666666666669,0.75,0.46153846153846156
5514,sex,Rank,woman,0,Rank,0.6172400262571429,0.5562630381571428,0.5043875,0.3954052207928571
5514,sex,Rank,woman,0,Explain,0.6,0.2,0.7166666666666667,0.33333333333333337
5514,sex,Rank,woman,0,Memory,0.8,0.25,0.7333333333333334,0.5
5514,sex,Rank,woman,1,Elicit,0.6666666666666667,0.6666666666666667,0.6666666666666667,0.0
5514,sex,Rank,woman,1,Retrieve,0.0,0.6974789915966386,0.6974789915966386,0.33333333333333337
5514,sex,Rank,woman,1,Rank,0.7829382660785714,0.7151985889107142,0.5167844994071429,0.29028073030714285
5514,sex,Rank,woman,1,Explain,0.8,0.16666666666666669,0.775,0.0
5514,sex,Rank,woman,1,Memory,0.5,0.5,0.33333333333333337,0.75
5637,age,none,adult,0,Elicit,0.6666666666666667,0.375,0.7083333333333334,0.75
5637,age,none,adult,0,Retrieve,0.0,0.0,0.0,0.0
5637,age,none,adult,0,Rank,0.4021679594571428,0.33596582043214285,0.41712897554999995,0.38256300835714285
5637,age,none,adult,0,Explain,0.0,0.5,0.5,0.0
5637,age,none,adult,0,Memory,0.6666666666666667,0.0,0.6666666666666667,0.0
5637,age,none,adult,1,Elicit,0.75,0.625,0.775,0.75
5637,age,none,adult,1,Retrieve,0.9444444444444444,0.8055555555555556,0.4722222222222222,0.8235294117647058
5637,age,none,adult,1,Rank,0.8581907386642857,0.2598126377964286,0.8664532476142857,0.5000034773571429
5637,age,none,adult,1,Explain,0.8,0.0,0.8,0.0
5637,age,none,adult,1,Memory,1.0,0.75,0.875,1.0
5687,age,Elicit,young,0,Elicit,0.6666666666666667,0.6666666666666667,0.33333333333333337,0.0
5687,age,Elicit,young,0,Retrieve,0.4,0.3666666666666667,0.4307692307692308,0.6666666666666667
5687,age,Elicit,young,0,Rank,0.5843742350785714,0.21684747137142862,0.48110489437500004,0.05834700000000004
5687,age,Elicit,young,0,Explain,0.5,0.25,0.45,0.33333333333333337
5687,age,Elicit,young,0,Memory,0.6666666666666667,0.0,0.6666666666666667,0.0
5687,age,Elicit,young,1,Elicit,0.6666666666666667,0.6666666666666667,0.33333333333333337,0.0
5687,age,Elicit,young,1,Retrieve,1.0,0.09090909090909088,1.0,1.0
5687,age,Elicit,young,1,Rank,1.0,0.09662387171785713,1.0,0.09999999999999998
5687,age,Elicit,young,1,Explain,0.6,0.0,0.6,0.0
5687,age,Elicit,young,1,Memory,0.6666666666666667,0.0,0.6666666666666667,0.5
5705,sex,Memory,man,0,Elicit,0.75,0.5416666666666667,0.33333333333333337,0.75
5705,sex,Memory,man,0,Retrieve,0.33333333333333337,0.5641025641025641,0.5714285714285714,0.5714285714285714
5705,sex,Memory,man,0,Rank,0.7464040405428571,0.5820253448821429,0.6700931766357142,0.33642591055714277
5705,sex,Memory,man,0,Explain,0.8333333333333334,0.125,0.8452380952380953,0.25
5705,sex,Memory,man,0,Memory,0.8333333333333334,0.5666666666666667,0.6785714285714286,0.0
5705,sex,Memory,man,1,Elicit,0.5,0.16666666666666669,0.625,0.5
5705,sex,Memory,man,1,Retrieve,0.8888888888888888,0.6752136752136753,0.6752136752136753,0.18181818181818177
5705,sex,Memory,man,1,Rank,0.4248516718928571,0.18744408594642858,0.3511939492928571,0.2235684868714285
5705,sex,Memory,man,1,Explain,0.5,0.16666666666666669,0.375,0.0
5705,sex,Memory,man,1,Memory,0.75,0.5,0.7083333333333334,0.6
5751,age,Retrieve,teen,0,Elicit,0.6666666666666667,0.6666666666666667,0.6666666666666667,0.6666666666666667
5751,age,Retrieve,teen,0,Retrieve,0.8888888888888888,0.7087912087912087,0.6515151515151516,0.0
5751,age,Retrieve,teen,0,Rank,0.5513722696928572,0.3209377368714285,0.7522218430892857,0.5827820047428571
5751,age,Retrieve,teen,0,Explain,0.25,0.375,0.125,0.0
5751,age,Retrieve,teen,0,Memory,0.6666666666666667,0.0,0.6666666666666667,0.0
5751,age,Retrieve,teen,1,Elicit,0.6666666666666667,0.6666666666666667,0.6666666666666667,0.6666666666666667
5751,age,Retrieve,teen,1,Retrieve,0.5454545454545454,0.5446428571428572,0.6580882352941176,0.9411764705882353
5751,age,Retrieve,teen,1,Rank,0.2763868660714286,0.12985976428571427,0.3304506232142857,0.17959201428571425
5751,age,Retrieve,teen,1,Explain,0.5,0.125,0.4166666666666667,0.0
5751,age,Retrieve,teen,1,Memory,0.6666666666666667,0.0,0.6666666666666667,0.0
5768,sex,Retrieve,woman,0,Elicit,0.75,0.375,0.375,0.75
5768,sex,Retrieve,woman,0,Retrieve,0.8,0.375,0.5,0.7777777777777778
5768,sex,Retrieve,woman,0,Rank,0.6726200131285714,0.1993796127678571,0.8154053758964286,0.0
5768,sex,Retrieve,woman,0,Explain,0.0,0.16666666666666669,0.16666666666666669,0.0
5768,sex,Retrieve,woman,0,Memory,0.0,0.375,0.375,0.75
5768,sex,Retrieve,woman,1,Elicit,0.6666666666666667,0.6666666666666667,0.6666666666666667,0.6666666666666667
5768,sex,Retrieve,woman,1,Retrieve,0.30000000000000004,0.29292929292929293,0.21666666666666667,0.0
5768,sex,Retrieve,woman,1,Rank,0.2906071055357142,0.25717625714285713,0.35640035553571425,0.14063722553571423
5768,sex,Retrieve,woman,1,Explain,0.25,0.25,0.0,0.0
5768,sex,Retrieve,woman,1,Memory,0.6666666666666667,0.4666666666666667,0.7916666666666667,0.5
5810,sex,Retrieve,woman,0,Elicit,0.6666666666666667,0.6666666666666667,0.6666666666666667,0.6666666666666667
5810,sex,Retrieve,woman,0,Retrieve,0.5714285714285714,0.5034965034965035,0.3636363636363636,0.8888888888888888
5810,sex,Retrieve,woman,0,Rank,0.4357855178714285,0.1965528567964286,0.46328127027142857,0.2192500178714285
5810,sex,Retrieve,woman,0,Explain,0.75,0.0,0.75,0.0
5810,sex,Retrieve,woman,0,Memory,0.5,0.4166666666666667,0.6666666666666667,0.0
5810,sex,Retrieve,woman,1,Elicit,0.5,0.625,0.6666666666666667,0.75
5810,sex,Retrieve,woman,1,Retrieve,0.36363636363636365,0.3484848484848485,0.4166666666666667,0.46153846153846156
5810,sex,Retrieve,woman,1,Rank,0.4250185393857142,0.26419523448571425,0.27535628757857145,0.3563221981214285
5810,sex,Retrieve,woman,1,Explain,0.8333333333333334,0.16666666666666669,0.8166666666666667,0.33333333333333337
5810,sex,Retrieve,woman,1,Memory,0.5,0.25,0.625,0.0
5946,sex,Explain,woman,0,Elicit,0.6666666666666667,0.7083333333333334,0.7083333333333334,0.6666666666666667
5946,sex,Explain,woman,0,Retrieve,0.2222222222222222,0.2777777777777778,0.275,0.1428571428571429
5946,sex,Explain,woman,0,Rank,0.43964360553571424,0.24426774999999995,0.3516253555357143,0.05812200000000001
5946,sex,Explain,woman,0,Explain,0.6,0.0,0.6,0.0
5946,sex,Explain,woman,0,Memory,1.0,0.5,0.8333333333333334,1.0
5946,sex,Explain,woman,1,Elicit,0.33333333333333337,0.7333333333333334,0.75,0.0
5946,sex,Explain,woman,1,Retrieve,0.8,0.6875,0.66875,0.8333333333333334
5946,sex,Explain,woman,1,Rank,0.5844350262571429,0.18195710620357147,0.6069350262571429,0.4111220357714285
5946,sex,Explain,woman,1,Explain,0.8,0.0,0.8,0.0
5946,sex,Explain,woman,1,Memory,0.0,0.33333333333333337,0.33333333333333337,0.0
5953,sex,Explain,man,0,Elicit,0.33333333333333337,0.7083333333333334,0.7083333333333334,0.8
5953,sex,Explain,man,0,Retrieve,0.18181818181818177,0.25757575757575757,0.25757575757575757,0.33333333333333337
5953,sex,Explain,man,0,Rank,0.6982242004642857,0.6535488544107142,0.7528367261285714,0.8294871551499999
5953,sex,Explain,man,0,Explain,0.6666666666666667,0.25,0.6,0.25
5953,sex,Explain,man,0,Memory,0.33333333333333337,0.4166666666666667,0.33333333333333337,0.6666666666666667
5953,sex,Explain,man,1,Elicit,0.8,0.75,0.75,0.75
5953,sex,Explain,man,1,Retrieve,0.8571428571428572,0.1742424242424242,0.8897435897435897,0.0
5953,sex,Explain,man,1,Rank,1.0,0.022612500000000035,1.0,0.5267447624928571
5953,sex,Explain,man,1,Explain,1.0,0.2,0.9,0.5
5953,sex,Explain,man,1,Memory,0.6666666666666667,0.33333333333333337,0.7333333333333334,0.0
5996,age,Retrieve,teen,0,Elicit,0.6666666666666667,0.33333333333333337,0.33333333333333337,0.0
5996,age,Retrieve,teen,0,Retrieve,0.8235294117647058,0.8235294117647058,0.0,0.8888888888888888
5996,age,Retrieve,teen,0,Rank,0.6815704880285713,0.40589746299999996,0.7121632828535714,0.557666195692857
5996,age,Retrieve,teen,0,Explain,0.8571428571428572,0.25,0.8285714285714286,0.0
5996,age,Retrieve,teen,0,Memory,0.0,0.5,0.5,0.5
5996,age,Retrieve,teen,1,Elicit,0.6666666666666667,0.33333333333333337,0.33333333333333337,0.0
5996,age,Retrieve,teen,1,Retrieve,0.33333333333333337,0.5416666666666667,0.4659090909090909,0.33333333333333337
5996,age,Retrieve,teen,1,Rank,0.41545205367142857,0.23488674401428578,0.37902886573214284,0.42754779710714286
5996,age,Retrieve,teen,1,Explain,0.0,0.0,0.0,0.0
5996,age,Retrieve,teen,1,Memory,0.6666666666666667,1.0,1.0,0.0
