user,attribute,value,repeat,stage,planted_stage,sim_item,sim_pref
48,sex,man,0,Elicit,Retrieve,0.33333333333333326,1.0
48,sex,man,0,Retrieve,Retrieve,0.11111111111111116,0.0
48,sex,man,0,Rank,Retrieve,0.33711428282142863,0.0
48,sex,man,0,Explain,Retrieve,0.0,0.0
48,sex,man,0,Memory,Retrieve,0.33333333333333326,1.0
48,sex,woman,0,Elicit,Retrieve,0.33333333333333326,1.0
48,sex,woman,0,Retrieve,Retrieve,0.17647058823529416,0.0
48,sex,woman,0,Rank,Retrieve,0.6621577517928572,1.0
48,sex,woman,0,Explain,Retrieve,1.0,1.0
48,sex,woman,0,Memory,Retrieve,0.33333333333333326,1.0
48,sex,man,1,Elicit,Retrieve,0.33333333333333326,1.0
48,sex,man,1,Retrieve,Retrieve,0.11111111111111116,1.0
48,sex,man,1,Rank,Retrieve,0.13177079595000007,0.0
48,sex,man,1,Explain,Retrieve,0.33333333333333326,1.0
48,sex,man,1,Memory,Retrieve,0.33333333333333326,1.0
48,sex,woman,1,Elicit,Retrieve,1.0,1.0
48,sex,woman,1,Retrieve,Retrieve,0.05263157894736836,0.0
48,sex,woman,1,Rank,Retrieve,0.3790307482071429,1.0
48,sex,woman,1,Explain,Retrieve,0.6666666666666666,0.5
48,sex,woman,1,Memory,Retrieve,1.0,1.0
119,sex,man,0,Elicit,Memory,0.33333333333333326,1.0
119,sex,man,0,Retrieve,Memory,0.0,1.0
119,sex,man,0,Rank,Memory,0.0,1.0
119,sex,man,0,Explain,Memory,0.6666666666666666,0.5
119,sex,man,0,Memory,Memory,0.0,0.0
119,sex,woman,0,Elicit,Memory,0.5,1.0
119,sex,woman,0,Retrieve,Memory,0.11111111111111116,1.0
119,sex,woman,0,Rank,Memory,0.3650022028928571,1.0
119,sex,woman,0,Explain,Memory,0.33333333333333326,1.0
119,sex,woman,0,Memory,Memory,0.33333333333333326,1.0
119,sex,man,1,Elicit,Memory,0.33333333333333326,1.0
119,sex,man,1,Retrieve,Memory,1.0,1.0
119,sex,man,1,Rank,Memory,0.2713722339214286,1.0
119,sex,man,1,Explain,Memory,0.25,0.5
119,sex,man,1,Memory,Memory,0.19999999999999996,0.5
119,sex,woman,1,Elicit,Memory,0.33333333333333326,1.0
119,sex,woman,1,Retrieve,Memory,0.11111111111111116,1.0
119,sex,woman,1,Rank,Memory,0.12100911570000006,1.0
119,sex,woman,1,Explain,Memory,0.33333333333333326,1.0
119,sex,woman,1,Memory,Memory,0.33333333333333326,1.0
137,sex,man,0,Elicit,Explain,0.5,1.0
137,sex,man,0,Retrieve,Explain,0.46153846153846156,0.0
137,sex,man,0,Rank,Explain,0.26579777920714287,1.0
137,sex,man,0,Explain,Explain,0.19999999999999996,0.33333333333333326
137,sex,man,0,Memory,Explain,0.0,0.0
137,sex,woman,0,Elicit,Explain,0.5,1.0
137,sex,woman,0,Retrieve,Explain,0.5384615384615384,1.0
137,sex,woman,0,Rank,Explain,0.7278479642285715,0.0
137,sex,woman,0,Explain,Explain,1.0,1.0
137,sex,woman,0,Memory,Explain,0.0,0.0
137,sex,man,1,Elicit,Explain,0.5,1.0
137,sex,man,1,Retrieve,Explain,0.6666666666666666,1.0
137,sex,man,1,Rank,Explain,0.29837223392142853,1.0
137,sex,man,1,Explain,Explain,1.0,1.0
137,sex,man,1,Memory,Explain,1.0,1.0
137,sex,woman,1,Elicit,Explain,0.5,1.0
137,sex,woman,1,Retrieve,Explain,0.8181818181818182,1.0
137,sex,woman,1,Rank,Explain,0.4480490715428571,1.0
137,sex,woman,1,Explain,Explain,0.16666666666666663,0.25
137,sex,woman,1,Memory,Explain,0.5,1.0
194,sex,man,0,Elicit,Elicit,0.25,1.0
194,sex,man,0,Retrieve,Elicit,0.15384615384615385,1.0
194,sex,man,0,Rank,Elicit,0.13702629233571428,1.0
194,sex,man,0,Explain,Elicit,0.16666666666666663,0.5
194,sex,man,0,Memory,Elicit,0.5,1.0
194,sex,woman,0,Elicit,Elicit,0.25,1.0
194,sex,woman,0,Retrieve,Elicit,0.8181818181818182,1.0
194,sex,woman,0,Rank,Elicit,0.8118150131285714,1.0
194,sex,woman,0,Explain,Elicit,1.0,1.0
194,sex,woman,0,Memory,Elicit,0.5,1.0
194,sex,man,1,Elicit,Elicit,0.33333333333333326,1.0
194,sex,man,1,Retrieve,Elicit,0.07692307692307687,1.0
194,sex,man,1,Rank,Elicit,0.04950372915000001,1.0
194,sex,man,1,Explain,Elicit,0.19999999999999996,1.0
194,sex,man,1,Memory,Elicit,0.33333333333333326,1.0
194,sex,woman,1,Elicit,Elicit,0.33333333333333326,1.0
194,sex,woman,1,Retrieve,Elicit,0.5384615384615384,1.0
194,sex,woman,1,Rank,Elicit,0.25056848687142863,1.0
194,sex,woman,1,Explain,Elicit,0.33333333333333326,1.0
194,sex,woman,1,Memory,Elicit,0.0,0.0
217,age,teen,0,Elicit,Retrieve,0.25,1.0
217,age,teen,0,Retrieve,Retrieve,0.11111111111111116,1.0
217,age,teen,0,Rank,Retrieve,0.5099277839785714,1.0
217,age,teen,0,Explain,Retrieve,0.25,0.5
217,age,teen,0,Memory,Retrieve,0.25,1.0
217,age,young,0,Elicit,Retrieve,0.25,1.0
217,age,young,0,Retrieve,Retrieve,0.33333333333333326,1.0
217,age,young,0,Rank,Retrieve,0.2606105536714286,1.0
217,age,young,0,Explain,Retrieve,0.4,0.33333333333333326
217,age,young,0,Memory,Retrieve,0.25,1.0
217,age,adult,0,Elicit,Retrieve,0.25,1.0
217,age,adult,0,Retrieve,Retrieve,0.25,1.0
217,age,adult,0,Rank,Retrieve,0.39665647735714293,1.0
217,age,adult,0,Explain,Retrieve,0.16666666666666663,0.33333333333333326
217,age,adult,0,Memory,Retrieve,0.33333333333333326,1.0
217,age,teen,1,Elicit,Retrieve,0.33333333333333326,1.0
217,age,teen,1,Retrieve,Retrieve,0.6666666666666666,1.0
217,age,teen,1,Rank,Retrieve,0.3175093317214286,1.0
217,age,teen,1,Explain,Retrieve,0.16666666666666663,0.5
217,age,teen,1,Memory,Retrieve,0.33333333333333326,1.0
217,age,young,1,Elicit,Retrieve,0.33333333333333326,1.0
217,age,young,1,Retrieve,Retrieve,1.0,1.0
217,age,young,1,Rank,Retrieve,0.29233800835714285,1.0
217,age,young,1,Explain,Retrieve,0.16666666666666663,0.33333333333333326
217,age,young,1,Memory,Retrieve,0.33333333333333326,1.0
217,age,adult,1,Elicit,Retrieve,0.25,1.0
217,age,adult,1,Retrieve,Retrieve,0.6666666666666666,1.0
217,age,adult,1,Rank,Retrieve,0.33063133172142867,1.0
217,age,adult,1,Explain,Retrieve,0.16666666666666663,0.33333333333333326
217,age,adult,1,Memory,Retrieve,0.25,1.0
253,sex,man,0,Elicit,Retrieve,0.33333333333333326,1.0
253,sex,man,0,Retrieve,Retrieve,0.06666666666666665,0.0
253,sex,man,0,Rank,Retrieve,0.3372214868714285,0.0
253,sex,man,0,Explain,Retrieve,1.0,1.0
253,sex,man,0,Memory,Retrieve,0.33333333333333326,1.0
253,sex,woman,0,Elicit,Retrieve,0.25,1.0
253,sex,woman,0,Retrieve,Retrieve,0.1333333333333333,1.0
253,sex,woman,0,Rank,Retrieve,0.18573853577142863,0.45
253,sex,woman,0,Explain,Retrieve,0.25,1.0
253,sex,woman,0,Memory,Retrieve,0.33333333333333326,1.0
253,sex,man,1,Elicit,Retrieve,0.25,1.0
253,sex,man,1,Retrieve,Retrieve,0.25,1.0
253,sex,man,1,Rank,Retrieve,0.10567929233571427,0.0
253,sex,man,1,Explain,Retrieve,0.33333333333333326,1.0
253,sex,man,1,Memory,Retrieve,0.25,1.0
253,sex,woman,1,Elicit,Retrieve,0.6666666666666666,1.0
253,sex,woman,1,Retrieve,Retrieve,1.0,1.0
253,sex,woman,1,Rank,Retrieve,0.7924486897642855,0.55
253,sex,woman,1,Explain,Retrieve,1.0,1.0
253,sex,woman,1,Memory,Retrieve,0.33333333333333326,1.0
325,sex,man,0,Elicit,none,0.25,1.0
325,sex,man,0,Retrieve,none,0.33333333333333326,1.0
325,sex,man,0,Rank,none,0.4405684868714286,1.0
325,sex,man,0,Explain,none,0.75,1.0
325,sex,man,0,Memory,none,0.5,1.0
325,sex,woman,0,Elicit,none,0.25,1.0
325,sex,woman,0,Retrieve,none,0.5384615384615384,1.0
325,sex,woman,0,Rank,none,0.4143697792071428,1.0
325,sex,woman,0,Explain,none,0.6666666666666666,1.0
325,sex,woman,0,Memory,none,0.33333333333333326,1.0
325,sex,man,1,Elicit,none,0.33333333333333326,1.0
325,sex,man,1,Retrieve,none,0.33333333333333326,1.0
325,sex,man,1,Rank,none,0.15518302148571428,1.0
325,sex,man,1,Explain,none,0.16666666666666663,1.0
325,sex,man,1,Memory,none,1.0,1.0
325,sex,woman,1,Elicit,none,1.0,1.0
325,sex,woman,1,Retrieve,none,0.4285714285714286,1.0
325,sex,woman,1,Rank,none,0.3406459952571429,1.0
325,sex,woman,1,Explain,none,0.5,1.0
325,sex,woman,1,Memory,none,0.25,1.0
468,sex,man,0,Elicit,Explain,0.33333333333333326,1.0
468,sex,man,0,Retrieve,Explain,0.2666666666666666,1.0
468,sex,man,0,Rank,Explain,0.6240364642285715,1.0
468,sex,man,0,Explain,Explain,0.5,0.5
468,sex,man,0,Memory,Explain,0.5,1.0
468,sex,woman,0,Elicit,Explain,0.33333333333333326,1.0
468,sex,woman,0,Retrieve,Explain,0.5384615384615384,1.0
468,sex,woman,0,Rank,Explain,0.5416564773571428,1.0
468,sex,woman,0,Explain,Explain,1.0,1.0
468,sex,woman,0,Memory,Explain,0.33333333333333326,1.0
468,sex,man,1,Elicit,Explain,0.33333333333333326,1.0
468,sex,man,1,Retrieve,Explain,0.25,1.0
468,sex,man,1,Rank,Explain,0.44536872079285716,1.0
468,sex,man,1,Explain,Explain,0.6666666666666666,1.0
468,sex,man,1,Memory,Explain,0.5,1.0
468,sex,woman,1,Elicit,Explain,0.33333333333333326,1.0
468,sex,woman,1,Retrieve,Explain,0.25,1.0
468,sex,woman,1,Rank,Explain,0.5257522207928571,1.0
468,sex,woman,1,Explain,Explain,1.0,1.0
468,sex,woman,1,Memory,Explain,0.33333333333333326,1.0
517,age,teen,0,Elicit,Elicit,1.0,1.0
517,age,teen,0,Retrieve,Elicit,0.5384615384615384,1.0
517,age,teen,0,Rank,Elicit,0.3674617864071429,1.0
517,age,teen,0,Explain,Elicit,0.33333333333333326,1.0
517,age,teen,0,Memory,Elicit,0.0,0.0
517,age,young,0,Elicit,Elicit,0.5,1.0
517,age,young,0,Retrieve,Elicit,0.6666666666666666,1.0
517,age,young,0,Rank,Elicit,0.4341472696928571,1.0
517,age,young,0,Explain,Elicit,0.19999999999999996,0.5
517,age,young,0,Memory,Elicit,0.0,0.0
517,age,adult,0,Elicit,Elicit,0.33333333333333326,1.0
517,age,adult,0,Retrieve,Elicit,0.6666666666666666,1.0
517,age,adult,0,Rank,Elicit,0.47008027330714297,1.0
517,age,adult,0,Explain,Elicit,0.33333333333333326,1.0
517,age,adult,0,Memory,Elicit,0.0,0.0
517,age,teen,1,Elicit,Elicit,0.5,1.0
517,age,teen,1,Retrieve,Elicit,0.6666666666666666,1.0
517,age,teen,1,Rank,Elicit,0.5644942696928572,1.0
517,age,teen,1,Explain,Elicit,0.16666666666666663,0.33333333333333326
517,age,teen,1,Memory,Elicit,0.25,0.5
517,age,young,1,Elicit,Elicit,0.33333333333333326,1.0
517,age,young,1,Retrieve,Elicit,0.5384615384615384,1.0
517,age,young,1,Rank,Elicit,0.29727207038571435,1.0
517,age,young,1,Explain,Elicit,0.5,0.5
517,age,young,1,Memory,Elicit,0.25,0.5
517,age,adult,1,Elicit,Elicit,0.5,1.0
517,age,adult,1,Retrieve,Elicit,0.6666666666666666,1.0
517,age,adult,1,Rank,Elicit,0.4776722875928572,1.0
517,age,adult,1,Explain,Elicit,0.5,0.33333333333333326
517,age,adult,1,Memory,Elicit,0.25,0.5
518,sex,man,0,Elicit,Explain,0.6666666666666666,1.0
518,sex,man,0,Retrieve,Explain,0.6,1.0
518,sex,man,0,Rank,Explain,0.6226242171785714,0.0
518,sex,man,0,Explain,Explain,1.0,1.0
518,sex,man,0,Memory,Explain,0.33333333333333326,1.0
518,sex,woman,0,Elicit,Explain,0.33333333333333326,1.0
518,sex,woman,0,Retrieve,Explain,0.4545454545454546,0.0
518,sex,woman,0,Rank,Explain,0.47444297374285704,0.0
518,sex,woman,0,Explain,Explain,0.5,1.0
518,sex,woman,0,Memory,Explain,0.5,1.0
518,sex,man,1,Elicit,Explain,0.33333333333333326,1.0
518,sex,man,1,Retrieve,Explain,0.25,0.0
518,sex,man,1,Rank,Explain,0.4615972339214285,0.0
518,sex,man,1,Explain,Explain,1.0,1.0
518,sex,man,1,Memory,Explain,0.33333333333333326,1.0
518,sex,woman,1,Elicit,Explain,0.25,1.0
518,sex,woman,1,Retrieve,Explain,0.33333333333333326,0.0
518,sex,woman,1,Rank,Explain,0.3138092613357142,0.0
518,sex,woman,1,Explain,Explain,1.0,1.0
518,sex,woman,1,Memory,Explain,0.25,1.0
529,sex,man,0,Elicit,none,0.5,1.0
529,sex,man,0,Retrieve,none,0.33333333333333326,1.0
529,sex,man,0,Rank,none,0.5043307661071429,1.0
529,sex,man,0,Explain,none,1.0,1.0
529,sex,man,0,Memory,none,0.5,1.0
529,sex,woman,0,Elicit,none,0.5,1.0
529,sex,woman,0,Retrieve,none,0.25,1.0
529,sex,woman,0,Rank,none,0.48209850835714285,1.0
529,sex,woman,0,Explain,none,0.19999999999999996,0.5
529,sex,woman,0,Memory,none,0.5,1.0
529,sex,man,1,Elicit,none,0.33333333333333326,1.0
529,sex,man,1,Retrieve,none,0.4285714285714286,1.0
529,sex,man,1,Rank,none,0.5379985095428572,1.0
529,sex,man,1,Explain,none,0.25,0.5
529,sex,man,1,Memory,none,0.33333333333333326,1.0
529,sex,woman,1,Elicit,none,0.6666666666666666,1.0
529,sex,woman,1,Retrieve,none,0.6666666666666666,1.0
529,sex,woman,1,Rank,none,0.6996247422785715,1.0
529,sex,woman,1,Explain,none,1.0,1.0
529,sex,woman,1,Memory,none,0.6666666666666666,1.0
547,age,teen,0,Elicit,Explain,0.5,1.0
547,age,teen,0,Retrieve,Explain,0.6666666666666666,1.0
547,age,teen,0,Rank,Explain,0.6501448149785715,1.0
547,age,teen,0,Explain,Explain,1.0,1.0
547,age,teen,0,Memory,Explain,0.5,1.0
547,age,young,0,Elicit,Explain,0.5,1.0
547,age,young,0,Retrieve,Explain,0.17647058823529416,0.0
547,age,young,0,Rank,Explain,0.6256235262571429,1.0
547,age,young,0,Explain,Explain,0.6666666666666666,1.0
547,age,young,0,Memory,Explain,0.25,1.0
547,age,adult,0,Elicit,Explain,0.33333333333333326,1.0
547,age,adult,0,Retrieve,Explain,0.17647058823529416,0.0
547,age,adult,0,Rank,Explain,0.6865820584428571,0.0
547,age,adult,0,Explain,Explain,1.0,1.0
547,age,adult,0,Memory,Explain,0.33333333333333326,1.0
547,age,teen,1,Elicit,Explain,0.33333333333333326,1.0
547,age,teen,1,Retrieve,Explain,0.17647058823529416,0.0
547,age,teen,1,Rank,Explain,0.32566423030714287,1.0
547,age,teen,1,Explain,Explain,0.19999999999999996,0.0
547,age,teen,1,Memory,Explain,0.33333333333333326,1.0
547,age,young,1,Elicit,Explain,0.33333333333333326,1.0
547,age,young,1,Retrieve,Explain,0.25,1.0
547,age,young,1,Rank,Explain,0.38908553577142846,1.0
547,age,young,1,Explain,Explain,1.0,1.0
547,age,young,1,Memory,Explain,0.5,1.0
547,age,adult,1,Elicit,Explain,0.5,1.0
547,age,adult,1,Retrieve,Explain,0.17647058823529416,0.0
547,age,adult,1,Rank,Explain,0.6211197971071428,0.0
547,age,adult,1,Explain,Explain,1.0,1.0
547,age,adult,1,Memory,Explain,0.5,1.0
567,sex,man,0,Elicit,Memory,0.33333333333333326,1.0
567,sex,man,0,Retrieve,Memory,0.5384615384615384,1.0
567,sex,man,0,Rank,Memory,0.6401967065071428,1.0
567,sex,man,0,Explain,Memory,0.75,1.0
567,sex,man,0,Memory,Memory,0.5,1.0
567,sex,woman,0,Elicit,Memory,0.33333333333333326,1.0
567,sex,woman,0,Retrieve,Memory,0.4285714285714286,1.0
567,sex,woman,0,Rank,Memory,0.6294350262571429,1.0
567,sex,woman,0,Explain,Memory,1.0,1.0
567,sex,woman,0,Memory,Memory,0.25,0.5
567,sex,man,1,Elicit,Memory,0.5,1.0
567,sex,man,1,Retrieve,Memory,0.8181818181818182,1.0
567,sex,man,1,Rank,Memory,0.7728992529785714,1.0
567,sex,man,1,Explain,Memory,1.0,1.0
567,sex,man,1,Memory,Memory,0.25,0.5
567,sex,woman,1,Elicit,Memory,0.5,1.0
567,sex,woman,1,Retrieve,Memory,0.5384615384615384,1.0
567,sex,woman,1,Rank,Memory,0.8316949785142855,1.0
567,sex,woman,1,Explain,Memory,0.6,0.5
567,sex,woman,1,Memory,Memory,0.33333333333333326,1.0
630,age,teen,0,Elicit,Rank,0.33333333333333326,1.0
630,age,teen,0,Retrieve,Rank,0.6666666666666666,1.0
630,age,teen,0,Rank,Rank,0.6290897464285714,1.0
630,age,teen,0,Explain,Rank,0.16666666666666663,0.25
630,age,teen,0,Memory,Rank,0.33333333333333326,1.0
630,age,young,0,Elicit,Rank,1.0,1.0
630,age,young,0,Retrieve,Rank,0.6363636363636364,0.33333333333333326
630,age,young,0,Rank,Rank,0.44012598094285715,0.45
630,age,young,0,Explain,Rank,0.19999999999999996,0.25
630,age,young,0,Memory,Rank,0.5,0.33333333333333326
630,age,adult,0,Elicit,Rank,0.33333333333333326,1.0
630,age,adult,0,Retrieve,Rank,0.8,1.0
630,age,adult,0,Rank,Rank,0.5838461933785715,1.0
630,age,adult,0,Explain,Rank,0.0,0.0
630,age,adult,0,Memory,Rank,0.0,0.0
630,age,teen,1,Elicit,Rank,0.33333333333333326,1.0
630,age,teen,1,Retrieve,Rank,1.0,1.0
630,age,teen,1,Rank,Rank,0.909775,1.0
630,age,teen,1,Explain,Rank,0.33333333333333326,0.5
630,age,teen,1,Memory,Rank,0.25,0.5
630,age,young,1,Elicit,Rank,0.33333333333333326,1.0
630,age,young,1,Retrieve,Rank,0.5,1.0
630,age,young,1,Rank,Rank,0.4589845714285714,1.0
630,age,young,1,Explain,Rank,0.19999999999999996,0.33333333333333326
630,age,young,1,Memory,Rank,0.33333333333333326,1.0
630,age,adult,1,Elicit,Rank,0.33333333333333326,1.0
630,age,adult,1,Retrieve,Rank,0.7,0.5
630,age,adult,1,Rank,Rank,0.49215150951428577,0.55
630,age,adult,1,Explain,Rank,0.25,0.5
630,age,adult,1,Memory,Rank,0.5,1.0
648,age,teen,0,Elicit,Memory,0.33333333333333326,1.0
648,age,teen,0,Retrieve,Memory,0.08333333333333337,1.0
648,age,teen,0,Rank,Memory,0.09828424343571429,1.0
648,age,teen,0,Explain,Memory,0.25,0.5
648,age,teen,0,Memory,Memory,0.33333333333333326,1.0
648,age,young,0,Elicit,Memory,0.5,1.0
648,age,young,0,Retrieve,Memory,0.19999999999999996,1.0
648,age,young,0,Rank,Memory,0.37717783107142855,1.0
648,age,young,0,Explain,Memory,0.5,1.0
648,age,young,0,Memory,Memory,0.5,1.0
648,age,adult,0,Elicit,Memory,0.33333333333333326,1.0
648,age,adult,0,Retrieve,Memory,0.2222222222222222,1.0
648,age,adult,0,Rank,Memory,0.38913525357142853,1.0
648,age,adult,0,Explain,Memory,1.0,1.0
648,age,adult,0,Memory,Memory,0.0,0.0
648,age,teen,1,Elicit,Memory,0.25,1.0
648,age,teen,1,Retrieve,Memory,0.5,1.0
648,age,teen,1,Rank,Memory,0.618911973742857,1.0
648,age,teen,1,Explain,Memory,1.0,1.0
648,age,teen,1,Memory,Memory,0.25,1.0
648,age,young,1,Elicit,Memory,1.0,1.0
648,age,young,1,Retrieve,Memory,0.2857142857142857,0.0
648,age,young,1,Rank,Memory,0.3867252160214285,1.0
648,age,young,1,Explain,Memory,1.0,1.0
648,age,young,1,Memory,Memory,1.0,1.0
648,age,adult,1,Elicit,Memory,0.33333333333333326,1.0
648,age,adult,1,Retrieve,Memory,0.2857142857142857,1.0
648,age,adult,1,Rank,Memory,0.35546797735714286,1.0
648,age,adult,1,Explain,Memory,0.33333333333333326,0.5
648,age,adult,1,Memory,Memory,0.5,1.0
675,age,teen,0,Elicit,none,1.0,1.0
675,age,teen,0,Retrieve,none,0.6666666666666666,1.0
675,age,teen,0,Rank,none,0.32846797735714284,0.45
675,age,teen,0,Explain,none,1.0,1.0
675,age,teen,0,Memory,none,0.33333333333333326,1.0
675,age,young,0,Elicit,none,1.0,1.0
675,age,young,0,Retrieve,none,0.6666666666666666,0.5
675,age,young,0,Rank,none,0.24596228282142862,0.0
675,age,young,0,Explain,none,0.5,1.0
675,age,young,0,Memory,none,1.0,1.0
675,age,adult,0,Elicit,none,1.0,1.0
675,age,adult,0,Retrieve,none,1.0,1.0
675,age,adult,0,Rank,none,0.4793722696928572,0.45
675,age,adult,0,Explain,none,0.33333333333333326,1.0
675,age,adult,0,Memory,none,0.6666666666666666,1.0
675,age,teen,1,Elicit,none,0.33333333333333326,1.0
675,age,teen,1,Retrieve,none,0.8181818181818182,0.5
675,age,teen,1,Rank,none,0.6167802554071429,0.0
675,age,teen,1,Explain,none,0.75,1.0
675,age,teen,1,Memory,none,0.5,1.0
675,age,young,1,Elicit,none,0.33333333333333326,1.0
675,age,young,1,Retrieve,none,1.0,1.0
675,age,young,1,Rank,none,0.4963057696928572,0.0
675,age,young,1,Explain,none,0.75,1.0
675,age,young,1,Memory,none,0.5,1.0
675,age,adult,1,Elicit,none,0.33333333333333326,1.0
675,age,adult,1,Retrieve,none,1.0,1.0
675,age,adult,1,Rank,none,0.46114726969285713,0.0
675,age,adult,1,Explain,none,0.19999999999999996,0.5
675,age,adult,1,Memory,none,1.0,1.0
719,age,teen,0,Elicit,Explain,0.33333333333333326,1.0
719,age,teen,0,Retrieve,Explain,0.0,0.0
719,age,teen,0,Rank,Explain,0.11644097258571429,0.0
719,age,teen,0,Explain,Explain,0.19999999999999996,0.33333333333333326
719,age,teen,0,Memory,Explain,0.33333333333333326,1.0
719,age,young,0,Elicit,Explain,0.33333333333333326,1.0
719,age,young,0,Retrieve,Explain,0.15384615384615385,0.0
719,age,young,0,Rank,Explain,0.08824577805,0.0
719,age,young,0,Explain,Explain,0.19999999999999996,0.33333333333333326
719,age,young,0,Memory,Explain,0.19999999999999996,0.33333333333333326
719,age,adult,0,Elicit,Explain,0.33333333333333326,1.0
719,age,adult,0,Retrieve,Explain,0.0714285714285714,0.0
719,age,adult,0,Rank,Explain,0.08005924343571424,0.0
719,age,adult,0,Explain,Explain,0.19999999999999996,0.33333333333333326
719,age,adult,0,Memory,Explain,0.5,1.0
719,age,teen,1,Elicit,Explain,0.33333333333333326,1.0
719,age,teen,1,Retrieve,Explain,0.5384615384615384,1.0
719,age,teen,1,Rank,Explain,0.29699228282142864,0.63
719,age,teen,1,Explain,Explain,0.16666666666666663,0.25
719,age,teen,1,Memory,Explain,0.5,1.0
719,age,young,1,Elicit,Explain,0.33333333333333326,1.0
719,age,young,1,Retrieve,Explain,0.4285714285714286,1.0
719,age,young,1,Rank,Explain,0.29882095945714293,0.585
719,age,young,1,Explain,Explain,0.75,1.0
719,age,young,1,Memory,Explain,0.5,1.0
719,age,adult,1,Elicit,Explain,0.33333333333333326,1.0
719,age,adult,1,Retrieve,Explain,0.5384615384615384,1.0
719,age,adult,1,Rank,Explain,0.21706173392142858,0.27
719,age,adult,1,Explain,Explain,0.5,0.6666666666666666
719,age,adult,1,Memory,Explain,1.0,1.0
743,age,teen,0,Elicit,Memory,0.33333333333333326,1.0
743,age,teen,0,Retrieve,Memory,0.25,1.0
743,age,teen,0,Rank,Memory,0.5748685405428572,1.0
743,age,teen,0,Explain,Memory,0.25,0.5
743,age,teen,0,Memory,Memory,0.5,1.0
743,age,young,0,Elicit,Memory,0.33333333333333326,1.0
743,age,young,0,Retrieve,Memory,0.8181818181818182,1.0
743,age,young,0,Rank,Memory,0.8581907386642856,1.0
743,age,young,0,Explain,Memory,0.75,1.0
743,age,young,0,Memory,Memory,0.19999999999999996,0.5
743,age,adult,0,Elicit,Memory,0.33333333333333326,1.0
743,age,adult,0,Retrieve,Memory,1.0,1.0
743,age,adult,0,Rank,Memory,0.4606874988428572,1.0
743,age,adult,0,Explain,Memory,0.19999999999999996,0.33333333333333326
743,age,adult,0,Memory,Memory,0.5,1.0
743,age,teen,1,Elicit,Memory,1.0,1.0
743,age,teen,1,Retrieve,Memory,0.6666666666666666,1.0
743,age,teen,1,Rank,Memory,0.5418618460071429,1.0
743,age,teen,1,Explain,Memory,1.0,1.0
743,age,teen,1,Memory,Memory,1.0,1.0
743,age,young,1,Elicit,Memory,0.5,1.0
743,age,young,1,Retrieve,Memory,0.17647058823529416,1.0
743,age,young,1,Rank,Memory,0.3528928317214286,1.0
743,age,young,1,Explain,Memory,1.0,1.0
743,age,young,1,Memory,Memory,0.5,1.0
743,age,adult,1,Elicit,Memory,0.5,1.0
743,age,adult,1,Retrieve,Memory,0.18181818181818188,1.0
743,age,adult,1,Rank,Memory,0.04950372915000001,1.0
743,age,adult,1,Explain,Memory,0.19999999999999996,0.5
743,age,adult,1,Memory,Memory,0.33333333333333326,1.0
759,age,teen,0,Elicit,Rank,0.33333333333333326,1.0
759,age,teen,0,Retrieve,Rank,0.25,0.0
759,age,teen,0,Rank,Rank,0.38500945945714293,0.0
759,age,teen,0,Explain,Rank,0.5,1.0
759,age,teen,0,Memory,Rank,0.25,0.5
759,age,young,0,Elicit,Rank,0.25,1.0
759,age,young,0,Retrieve,Rank,0.19999999999999996,0.0
759,age,young,0,Rank,Rank,0.26856848687142854,0.0
759,age,young,0,Explain,Rank,0.5,1.0
759,age,young,0,Memory,Rank,0.19999999999999996,0.5
759,age,adult,0,Elicit,Rank,0.33333333333333326,1.0
759,age,adult,0,Retrieve,Rank,0.25,0.0
759,age,adult,0,Rank,Rank,0.2553550572857144,0.0
759,age,adult,0,Explain,Rank,0.19999999999999996,0.33333333333333326
759,age,adult,0,Memory,Rank,0.33333333333333326,1.0
759,age,teen,1,Elicit,Rank,0.33333333333333326,1.0
759,age,teen,1,Retrieve,Rank,0.17647058823529416,0.0
759,age,teen,1,Rank,Rank,0.16830502148571425,0.0
759,age,teen,1,Explain,Rank,0.5,1.0
759,age,teen,1,Memory,Rank,0.0,0.0
759,age,young,1,Elicit,Rank,0.33333333333333326,1.0
759,age,young,1,Retrieve,Rank,1.0,1.0
759,age,young,1,Rank,Rank,0.44012598094285715,1.0
759,age,young,1,Explain,Rank,0.4,0.5
759,age,young,1,Memory,Rank,0.0,0.0
759,age,adult,1,Elicit,Rank,0.25,1.0
759,age,adult,1,Retrieve,Rank,1.0,1.0
759,age,adult,1,Rank,Rank,0.5161857350785715,1.0
759,age,adult,1,Explain,Rank,0.5,0.33333333333333326
759,age,adult,1,Memory,Rank,0.33333333333333326,0.5
775,age,teen,0,Elicit,Explain,0.33333333333333326,1.0
775,age,teen,0,Retrieve,Explain,0.11111111111111116,1.0
775,age,teen,0,Rank,Explain,0.40469721717857143,1.0
775,age,teen,0,Explain,Explain,0.0,0.0
775,age,teen,0,Memory,Explain,0.5,1.0
775,age,young,0,Elicit,Explain,0.5,1.0
775,age,young,0,Retrieve,Explain,0.17647058823529416,1.0
775,age,young,0,Rank,Explain,0.12698782695,1.0
775,age,young,0,Explain,Explain,0.33333333333333326,1.0
775,age,young,0,Memory,Explain,0.5,1.0
775,age,adult,0,Elicit,Explain,0.5,1.0
775,age,adult,0,Retrieve,Explain,0.33333333333333326,1.0
775,age,adult,0,Rank,Explain,0.48381426492142854,1.0
775,age,adult,0,Explain,Explain,0.6666666666666666,1.0
775,age,adult,0,Memory,Explain,0.5,1.0
775,age,teen,1,Elicit,Explain,0.25,1.0
775,age,teen,1,Retrieve,Explain,0.33333333333333326,1.0
775,age,teen,1,Rank,Explain,0.4949379916428571,1.0
775,age,teen,1,Explain,Explain,1.0,1.0
775,age,teen,1,Memory,Explain,0.5,1.0
775,age,young,1,Elicit,Explain,0.33333333333333326,1.0
775,age,young,1,Retrieve,Explain,0.25,1.0
775,age,young,1,Rank,Explain,0.2863592971071429,1.0
775,age,young,1,Explain,Explain,0.19999999999999996,0.5
775,age,young,1,Memory,Explain,0.5,1.0
775,age,adult,1,Elicit,Explain,0.33333333333333326,1.0
775,age,adult,1,Retrieve,Explain,0.25,1.0
775,age,adult,1,Rank,Explain,0.20874650477142853,1.0
775,age,adult,1,Explain,Explain,0.16666666666666663,1.0
775,age,adult,1,Memory,Explain,0.5,1.0
784,sex,man,0,Elicit,Retrieve,0.25,1.0
784,sex,man,0,Retrieve,Retrieve,0.33333333333333326,0.5
784,sex,man,0,Rank,Retrieve,0.3165972339214286,0.55
784,sex,man,0,Explain,Retrieve,0.25,0.5
784,sex,man,0,Memory,Retrieve,0.25,0.5
784,sex,woman,0,Elicit,Retrieve,0.25,1.0
784,sex,woman,0,Retrieve,Retrieve,0.17647058823529416,0.5
784,sex,woman,0,Rank,Retrieve,0.13655376495000004,0.55
784,sex,woman,0,Explain,Retrieve,0.25,0.5
784,sex,woman,0,Memory,Retrieve,0.19999999999999996,0.5
784,sex,man,1,Elicit,Retrieve,0.33333333333333326,1.0
784,sex,man,1,Retrieve,Retrieve,0.5,1.0
784,sex,man,1,Rank,Retrieve,0.7293742350785715,1.0
784,sex,man,1,Explain,Retrieve,1.0,1.0
784,sex,man,1,Memory,Retrieve,0.25,1.0
784,sex,woman,1,Elicit,Retrieve,0.33333333333333326,1.0
784,sex,woman,1,Retrieve,Retrieve,0.25,0.0
784,sex,woman,1,Rank,Retrieve,0.19535473928571423,0.0
784,sex,woman,1,Explain,Retrieve,0.33333333333333326,0.5
784,sex,woman,1,Memory,Retrieve,0.25,0.5
787,sex,man,0,Elicit,Retrieve,1.0,1.0
787,sex,man,0,Retrieve,Retrieve,0.5,1.0
787,sex,man,0,Rank,Retrieve,0.6078472517928571,1.0
787,sex,man,0,Explain,Retrieve,1.0,1.0
787,sex,man,0,Memory,Retrieve,0.5,0.0
787,sex,woman,0,Elicit,Retrieve,0.6666666666666666,1.0
787,sex,woman,0,Retrieve,Retrieve,0.25,1.0
787,sex,woman,0,Rank,Retrieve,0.42766071717857146,1.0
787,sex,woman,0,Explain,Retrieve,0.33333333333333326,1.0
787,sex,woman,0,Memory,Retrieve,0.5,0.0
787,sex,man,1,Elicit,Retrieve,0.25,1.0
787,sex,man,1,Retrieve,Retrieve,0.5384615384615384,1.0
787,sex,man,1,Rank,Retrieve,0.5177942875928572,1.0
787,sex,man,1,Explain,Retrieve,0.33333333333333326,0.5
787,sex,man,1,Memory,Retrieve,0.25,1.0
787,sex,woman,1,Elicit,Retrieve,0.33333333333333326,1.0
787,sex,woman,1,Retrieve,Retrieve,0.33333333333333326,0.5
787,sex,woman,1,Rank,Retrieve,0.6093777482071427,1.0
787,sex,woman,1,Explain,Retrieve,0.5,1.0
787,sex,woman,1,Memory,Retrieve,0.33333333333333326,1.0
811,sex,man,0,Elicit,Retrieve,0.33333333333333326,1.0
811,sex,man,0,Retrieve,Retrieve,1.0,1.0
811,sex,man,0,Rank,Retrieve,0.42410880430714293,0.585
811,sex,man,0,Explain,Retrieve,0.25,0.5
811,sex,man,0,Memory,Retrieve,0.33333333333333326,0.5
811,sex,woman,0,Elicit,Retrieve,0.5,1.0
811,sex,woman,0,Retrieve,Retrieve,1.0,1.0
811,sex,woman,0,Rank,Retrieve,0.3405173007214286,0.685
811,sex,woman,0,Explain,Retrieve,0.25,0.5
811,sex,woman,0,Memory,Retrieve,1.0,1.0
811,sex,man,1,Elicit,Retrieve,0.33333333333333326,1.0
811,sex,man,1,Retrieve,Retrieve,1.0,1.0
811,sex,man,1,Rank,Retrieve,0.6523985262571429,0.415
811,sex,man,1,Explain,Retrieve,1.0,1.0
811,sex,man,1,Memory,Retrieve,0.33333333333333326,1.0
811,sex,woman,1,Elicit,Retrieve,0.33333333333333326,1.0
811,sex,woman,1,Retrieve,Retrieve,1.0,1.0
811,sex,woman,1,Rank,Retrieve,0.5875405763142858,0.55
811,sex,woman,1,Explain,Retrieve,0.33333333333333326,1.0
811,sex,woman,1,Memory,Retrieve,0.25,1.0
888,sex,man,0,Elicit,none,0.33333333333333326,1.0
888,sex,man,0,Retrieve,none,0.19999999999999996,1.0
888,sex,man,0,Rank,none,0.22737998687142857,1.0
888,sex,man,0,Explain,none,1.0,1.0
888,sex,man,0,Memory,none,0.5,1.0
888,sex,woman,0,Elicit,none,0.5,1.0
888,sex,woman,0,Retrieve,none,0.17647058823529416,1.0
888,sex,woman,0,Rank,none,0.1888665393857143,1.0
888,sex,woman,0,Explain,none,0.5,1.0
888,sex,woman,0,Memory,none,0.5,1.0
888,sex,man,1,Elicit,none,0.33333333333333326,1.0
888,sex,man,1,Retrieve,none,0.25,1.0
888,sex,man,1,Rank,none,0.15012973928571427,1.0
888,sex,man,1,Explain,none,1.0,1.0
888,sex,man,1,Memory,none,0.33333333333333326,1.0
888,sex,woman,1,Elicit,none,0.33333333333333326,1.0
888,sex,woman,1,Retrieve,none,0.09090909090909094,1.0
888,sex,woman,1,Rank,none,0.0,1.0
888,sex,woman,1,Explain,none,0.33333333333333326,1.0
888,sex,woman,1,Memory,none,0.33333333333333326,1.0
927,age,teen,0,Elicit,Memory,0.33333333333333326,1.0
927,age,teen,0,Retrieve,Memory,0.5454545454545454,1.0
927,age,teen,0,Rank,Memory,0.6080442171785715,1.0
927,age,teen,0,Explain,Memory,0.75,1.0
927,age,teen,0,Memory,Memory,0.5,1.0
927,age,young,0,Elicit,Memory,1.0,1.0
927,age,young,0,Retrieve,Memory,0.17647058823529416,1.0
927,age,young,0,Rank,Memory,0.6036022375071429,1.0
927,age,young,0,Explain,Memory,0.75,1.0
927,age,young,0,Memory,Memory,0.0,0.0
927,age,adult,0,Elicit,Memory,0.33333333333333326,1.0
927,age,adult,0,Retrieve,Memory,0.17647058823529416,1.0
927,age,adult,0,Rank,Memory,0.1905215047714286,1.0
927,age,adult,0,Explain,Memory,0.25,1.0
927,age,adult,0,Memory,Memory,0.5,1.0
927,age,teen,1,Elicit,Memory,0.33333333333333326,1.0
927,age,teen,1,Retrieve,Memory,0.125,1.0
927,age,teen,1,Rank,Memory,0.19097023030714289,1.0
927,age,teen,1,Explain,Memory,0.6666666666666666,1.0
927,age,teen,1,Memory,Memory,0.0,0.0
927,age,young,1,Elicit,Memory,0.25,1.0
927,age,young,1,Retrieve,Memory,0.125,1.0
927,age,young,1,Rank,Memory,0.2624392303071429,1.0
927,age,young,1,Explain,Memory,0.19999999999999996,1.0
927,age,young,1,Memory,Memory,0.33333333333333326,1.0
927,age,adult,1,Elicit,Memory,0.33333333333333326,1.0
927,age,adult,1,Retrieve,Memory,0.125,1.0
927,age,adult,1,Rank,Memory,0.12528424343571432,1.0
927,age,adult,1,Explain,Memory,0.6666666666666666,1.0
927,age,adult,1,Memory,Memory,0.33333333333333326,1.0
960,sex,man,0,Elicit,Retrieve,0.5,1.0
960,sex,man,0,Retrieve,Retrieve,0.4285714285714286,0.0
960,sex,man,0,Rank,Retrieve,0.5796515095428572,0.0
960,sex,man,0,Explain,Retrieve,1.0,1.0
960,sex,man,0,Memory,Retrieve,0.5,1.0
960,sex,woman,0,Elicit,Retrieve,0.5,1.0
960,sex,woman,0,Retrieve,Retrieve,0.19999999999999996,1.0
960,sex,woman,0,Rank,Retrieve,0.2702842434357142,1.0
960,sex,woman,0,Explain,Retrieve,0.6666666666666666,1.0
960,sex,woman,0,Memory,Retrieve,0.5,1.0
960,sex,man,1,Elicit,Retrieve,0.6666666666666666,1.0
960,sex,man,1,Retrieve,Retrieve,0.16666666666666663,0.0
960,sex,man,1,Rank,Retrieve,0.21380926133571432,0.0
960,sex,man,1,Explain,Retrieve,0.6666666666666666,0.5
960,sex,man,1,Memory,Retrieve,0.33333333333333326,0.0
960,sex,woman,1,Elicit,Retrieve,0.25,1.0
960,sex,woman,1,Retrieve,Retrieve,0.07692307692307687,1.0
960,sex,woman,1,Rank,Retrieve,0.24886850477142852,1.0
960,sex,woman,1,Explain,Retrieve,0.19999999999999996,0.33333333333333326
960,sex,woman,1,Memory,Retrieve,0.0,0.0
979,sex,man,0,Elicit,Memory,0.33333333333333326,1.0
979,sex,man,0,Retrieve,Memory,0.6666666666666666,1.0
979,sex,man,0,Rank,Memory,0.4984729809428572,1.0
979,sex,man,0,Explain,Memory,0.1428571428571428,0.19999999999999996
979,sex,man,0,Memory,Memory,0.33333333333333326,1.0
979,sex,woman,0,Elicit,Memory,0.33333333333333326,1.0
979,sex,woman,0,Retrieve,Memory,0.6666666666666666,1.0
979,sex,woman,0,Rank,Memory,0.5754893018785715,1.0
979,sex,woman,0,Explain,Memory,0.4,0.33333333333333326
979,sex,woman,0,Memory,Memory,0.33333333333333326,1.0
979,sex,man,1,Elicit,Memory,0.5,1.0
979,sex,man,1,Retrieve,Memory,0.4285714285714286,1.0
979,sex,man,1,Rank,Memory,0.44173928397857143,1.0
979,sex,man,1,Explain,Memory,0.4,0.33333333333333326
979,sex,man,1,Memory,Memory,0.5,1.0
979,sex,woman,1,Elicit,Memory,0.5,1.0
979,sex,woman,1,Retrieve,Memory,0.5384615384615384,1.0
979,sex,woman,1,Rank,Memory,0.4447727971071429,1.0
979,sex,woman,1,Explain,Memory,0.16666666666666663,0.5
979,sex,woman,1,Memory,Memory,1.0,1.0
992,age,teen,0,Elicit,Elicit,0.25,1.0
992,age,teen,0,Retrieve,Elicit,0.33333333333333326,1.0
992,age,teen,0,Rank,Elicit,0.3355057303071429,0.0
992,age,teen,0,Explain,Elicit,0.19999999999999996,1.0
992,age,teen,0,Memory,Elicit,0.25,1.0
992,age,young,0,Elicit,Elicit,0.5,1.0
992,age,young,0,Retrieve,Elicit,0.25,1.0
992,age,young,0,Rank,Elicit,0.37224475540714286,1.0
992,age,young,0,Explain,Elicit,0.6666666666666666,0.5
992,age,young,0,Memory,Elicit,0.5,1.0
992,age,adult,0,Elicit,Elicit,0.33333333333333326,1.0
992,age,adult,0,Retrieve,Elicit,0.25,1.0
992,age,adult,0,Rank,Elicit,0.45664354054285716,1.0
992,age,adult,0,Explain,Elicit,0.25,1.0
992,age,adult,0,Memory,Elicit,0.5,1.0
992,age,teen,1,Elicit,Elicit,0.25,1.0
992,age,teen,1,Retrieve,Elicit,0.4285714285714286,1.0
992,age,teen,1,Rank,Elicit,0.18408357038571432,1.0
992,age,teen,1,Explain,Elicit,0.0,0.0
992,age,teen,1,Memory,Elicit,0.33333333333333326,1.0
992,age,young,1,Elicit,Elicit,0.5,1.0
992,age,young,1,Retrieve,Elicit,0.0714285714285714,0.0
992,age,young,1,Rank,Elicit,0.30766423030714285,0.0
992,age,young,1,Explain,Elicit,0.0,0.0
992,age,young,1,Memory,Elicit,0.5,1.0
992,age,adult,1,Elicit,Elicit,0.25,1.0
992,age,adult,1,Retrieve,Elicit,0.5384615384615384,1.0
992,age,adult,1,Rank,Elicit,0.4873459773571429,0.0
992,age,adult,1,Explain,Elicit,0.5,0.0
992,age,adult,1,Memory,Elicit,0.25,1.0
1045,sex,man,0,Elicit,Memory,0.33333333333333326,1.0
1045,sex,man,0,Retrieve,Memory,0.5384615384615384,0.0
1045,sex,man,0,Rank,Memory,0.3156257649214286,1.0
1045,sex,man,0,Explain,Memory,0.6666666666666666,1.0
1045,sex,man,0,Memory,Memory,0.25,1.0
1045,sex,woman,0,Elicit,Memory,0.33333333333333326,1.0
1045,sex,woman,0,Retrieve,Memory,0.17647058823529416,1.0
1045,sex,woman,0,Rank,Memory,0.11644097258571429,1.0
1045,sex,woman,0,Explain,Memory,0.19999999999999996,0.5
1045,sex,woman,0,Memory,Memory,0.5,1.0
1045,sex,man,1,Elicit,Memory,0.33333333333333326,1.0
1045,sex,man,1,Retrieve,Memory,0.33333333333333326,1.0
1045,sex,man,1,Rank,Memory,0.13177079595000007,1.0
1045,sex,man,1,Explain,Memory,0.16666666666666663,0.5
1045,sex,man,1,Memory,Memory,0.25,1.0
1045,sex,woman,1,Elicit,Memory,0.33333333333333326,1.0
1045,sex,woman,1,Retrieve,Memory,0.25,1.0
1045,sex,woman,1,Rank,Memory,0.09583779233571432,1.0
1045,sex,woman,1,Explain,Memory,0.5,0.5
1045,sex,woman,1,Memory,Memory,0.5,1.0
1088,age,teen,0,Elicit,Rank,0.5,1.0
1088,age,teen,0,Retrieve,Rank,0.33333333333333326,0.0
1088,age,teen,0,Rank,Rank,0.22784721602142866,0.0
1088,age,teen,0,Explain,Rank,0.25,0.5
1088,age,teen,0,Memory,Rank,0.5,1.0
1088,age,young,0,Elicit,Rank,0.5,1.0
1088,age,young,0,Retrieve,Rank,0.33333333333333326,0.0
1088,age,young,0,Rank,Rank,0.30237647374285714,0.0
1088,age,young,0,Explain,Rank,0.19999999999999996,0.33333333333333326
1088,age,young,0,Memory,Rank,0.5,1.0
1088,age,adult,0,Elicit,Rank,0.33333333333333326,1.0
1088,age,adult,0,Retrieve,Rank,0.4285714285714286,1.0
1088,age,adult,0,Rank,Rank,0.38922954415714295,1.0
1088,age,adult,0,Explain,Rank,0.16666666666666663,0.25
1088,age,adult,0,Memory,Rank,0.33333333333333326,1.0
1088,age,teen,1,Elicit,Rank,0.33333333333333326,1.0
1088,age,teen,1,Retrieve,Rank,1.0,1.0
1088,age,teen,1,Rank,Rank,0.48845776969285715,0.55
1088,age,teen,1,Explain,Rank,0.33333333333333326,1.0
1088,age,teen,1,Memory,Rank,1.0,1.0
1088,age,young,1,Elicit,Rank,1.0,1.0
1088,age,young,1,Retrieve,Rank,1.0,1.0
1088,age,young,1,Rank,Rank,0.46078997374285713,0.0
1088,age,young,1,Explain,Rank,0.5,0.33333333333333326
1088,age,young,1,Memory,Rank,0.5,1.0
1088,age,adult,1,Elicit,Rank,0.5,1.0
1088,age,adult,1,Retrieve,Rank,0.33333333333333326,0.0
1088,age,adult,1,Rank,Rank,0.4131185226428571,0.55
1088,age,adult,1,Explain,Rank,0.6666666666666666,0.5
1088,age,adult,1,Memory,Rank,1.0,1.0
1096,sex,man,0,Elicit,Elicit,0.25,1.0
1096,sex,man,0,Retrieve,Elicit,0.6666666666666666,0.0
1096,sex,man,0,Rank,Elicit,0.6963960715428571,1.0
1096,sex,man,0,Explain,Elicit,1.0,1.0
1096,sex,man,0,Memory,Elicit,0.5,1.0
1096,sex,woman,0,Elicit,Elicit,0.25,1.0
1096,sex,woman,0,Retrieve,Elicit,0.33333333333333326,1.0
1096,sex,woman,0,Rank,Elicit,0.42057654415714285,1.0
1096,sex,woman,0,Explain,Elicit,0.25,1.0
1096,sex,woman,0,Memory,Elicit,0.5,1.0
1096,sex,man,1,Elicit,Elicit,0.33333333333333326,1.0
1096,sex,man,1,Retrieve,Elicit,0.8181818181818182,1.0
1096,sex,man,1,Rank,Elicit,0.4856302207928571,1.0
1096,sex,man,1,Explain,Elicit,0.4,0.5
1096,sex,man,1,Memory,Elicit,1.0,1.0
1096,sex,woman,1,Elicit,Elicit,0.33333333333333326,1.0
1096,sex,woman,1,Retrieve,Elicit,0.5,0.0
1096,sex,woman,1,Rank,Elicit,0.19131299048571426,0.0
1096,sex,woman,1,Explain,Elicit,0.16666666666666663,1.0
1096,sex,woman,1,Memory,Elicit,0.5,1.0
1104,sex,man,0,Elicit,Elicit,0.33333333333333326,1.0
1104,sex,man,0,Retrieve,Elicit,0.33333333333333326,1.0
1104,sex,man,0,Rank,Elicit,0.49788999999999994,1.0
1104,sex,man,0,Explain,Elicit,1.0,1.0
1104,sex,man,0,Memory,Elicit,0.33333333333333326,1.0
1104,sex,woman,0,Elicit,Elicit,0.33333333333333326,1.0
1104,sex,woman,0,Retrieve,Elicit,0.16666666666666663,1.0
1104,sex,woman,0,Rank,Elicit,0.35424999999999995,1.0
1104,sex,woman,0,Explain,Elicit,1.0,1.0
1104,sex,woman,0,Memory,Elicit,0.33333333333333326,1.0
1104,sex,man,1,Elicit,Elicit,0.33333333333333326,1.0
1104,sex,man,1,Retrieve,Elicit,1.0,1.0
1104,sex,man,1,Rank,Elicit,0.9550000000000001,1.0
1104,sex,man,1,Explain,Elicit,1.0,1.0
1104,sex,man,1,Memory,Elicit,1.0,1.0
1104,sex,woman,1,Elicit,Elicit,0.33333333333333326,1.0
1104,sex,woman,1,Retrieve,Elicit,0.16666666666666663,1.0
1104,sex,woman,1,Rank,Elicit,0.35424999999999995,1.0
1104,sex,woman,1,Explain,Elicit,1.0,1.0
1104,sex,woman,1,Memory,Elicit,0.6666666666666666,1.0
1114,age,teen,0,Elicit,Retrieve,0.5,1.0
1114,age,teen,0,Retrieve,Retrieve,0.4285714285714286,1.0
1114,age,teen,0,Rank,Retrieve,0.3366545119714286,1.0
1114,age,teen,0,Explain,Retrieve,0.4,0.25
1114,age,teen,0,Memory,Retrieve,0.5,1.0
1114,age,young,0,Elicit,Retrieve,0.5,1.0
1114,age,young,0,Retrieve,Retrieve,0.4285714285714286,1.0
1114,age,young,0,Rank,Retrieve,0.6117998018785715,1.0
1114,age,young,0,Explain,Retrieve,0.6666666666666666,1.0
1114,age,young,0,Memory,Retrieve,0.5,1.0
1114,age,adult,0,Elicit,Retrieve,0.33333333333333326,1.0
1114,age,adult,0,Retrieve,Retrieve,0.4285714285714286,1.0
1114,age,adult,0,Rank,Retrieve,0.33033304054285717,1.0
1114,age,adult,0,Explain,Retrieve,0.16666666666666663,0.25
1114,age,adult,0,Memory,Retrieve,0.19999999999999996,0.5
1114,age,teen,1,Elicit,Retrieve,0.25,1.0
1114,age,teen,1,Retrieve,Retrieve,0.06666666666666665,1.0
1114,age,teen,1,Rank,Retrieve,0.17028424343571424,1.0
1114,age,teen,1,Explain,Retrieve,0.25,0.33333333333333326
1114,age,teen,1,Memory,Retrieve,0.25,0.5
1114,age,young,1,Elicit,Retrieve,0.25,1.0
1114,age,young,1,Retrieve,Retrieve,0.06666666666666665,1.0
1114,age,young,1,Rank,Retrieve,0.4060307482071428,1.0
1114,age,young,1,Explain,Retrieve,0.19999999999999996,0.33333333333333326
1114,age,young,1,Memory,Retrieve,0.19999999999999996,0.5
1114,age,adult,1,Elicit,Retrieve,0.6666666666666666,1.0
1114,age,adult,1,Retrieve,Retrieve,0.06666666666666665,1.0
1114,age,adult,1,Rank,Retrieve,0.17028424343571424,1.0
1114,age,adult,1,Explain,Retrieve,0.5,0.33333333333333326
1114,age,adult,1,Memory,Retrieve,0.33333333333333326,1.0
1141,age,teen,0,Elicit,Retrieve,0.33333333333333326,1.0
1141,age,teen,0,Retrieve,Retrieve,0.33333333333333326,0.0
1141,age,teen,0,Rank,Retrieve,0.2871507828214286,0.27
1141,age,teen,0,Explain,Retrieve,0.5,0.33333333333333326
1141,age,teen,0,Memory,Retrieve,0.5,1.0
1141,age,young,0,Elicit,Retrieve,0.33333333333333326,1.0
1141,age,young,0,Retrieve,Retrieve,0.11111111111111116,0.0
1141,age,young,0,Rank,Retrieve,0.3124508007214286,0.585
1141,age,young,0,Explain,Retrieve,0.25,0.5
1141,age,young,0,Memory,Retrieve,0.5,1.0
1141,age,adult,0,Elicit,Retrieve,0.33333333333333326,1.0
1141,age,adult,0,Retrieve,Retrieve,0.4285714285714286,0.0
1141,age,adult,0,Rank,Retrieve,0.5011405751571429,0.585
1141,age,adult,0,Explain,Retrieve,0.6666666666666666,0.5
1141,age,adult,0,Memory,Retrieve,1.0,1.0
1141,age,teen,1,Elicit,Retrieve,0.33333333333333326,1.0
1141,age,teen,1,Retrieve,Retrieve,0.33333333333333326,0.5
1141,age,teen,1,Rank,Retrieve,0.32308378643571434,1.0
1141,age,teen,1,Explain,Retrieve,0.6,0.5
1141,age,teen,1,Memory,Retrieve,0.5,1.0
1141,age,young,1,Elicit,Retrieve,0.33333333333333326,1.0
1141,age,young,1,Retrieve,Retrieve,0.17647058823529416,0.0
1141,age,young,1,Rank,Retrieve,0.11046226133571424,0.55
1141,age,young,1,Explain,Retrieve,0.33333333333333326,0.19999999999999996
1141,age,young,1,Memory,Retrieve,0.5,1.0
1141,age,adult,1,Elicit,Retrieve,0.33333333333333326,1.0
1141,age,adult,1,Retrieve,Retrieve,0.5384615384615384,0.5
1141,age,adult,1,Rank,Retrieve,0.2795587685357144,0.73
1141,age,adult,1,Explain,Retrieve,0.6,0.5
1141,age,adult,1,Memory,Retrieve,0.0,0.0
1164,sex,man,0,Elicit,Explain,0.5,1.0
1164,sex,man,0,Retrieve,Explain,0.5384615384615384,1.0
1164,sex,man,0,Rank,Explain,0.6735401933785715,0.0
1164,sex,man,0,Explain,Explain,0.5,0.5
1164,sex,man,0,Memory,Explain,0.25,0.5
1164,sex,woman,0,Elicit,Explain,0.5,1.0
1164,sex,woman,0,Retrieve,Explain,0.25,0.0
1164,sex,woman,0,Rank,Explain,0.4361264916428572,0.0
1164,sex,woman,0,Explain,Explain,0.6666666666666666,0.5
1164,sex,woman,0,Memory,Explain,0.25,0.5
1164,sex,man,1,Elicit,Explain,1.0,1.0
1164,sex,man,1,Retrieve,Explain,0.05263157894736836,0.0
1164,sex,man,1,Rank,Explain,0.29882095945714293,0.0
1164,sex,man,1,Explain,Explain,0.16666666666666663,0.5
1164,sex,man,1,Memory,Explain,1.0,1.0
1164,sex,woman,1,Elicit,Explain,0.33333333333333326,1.0
1164,sex,woman,1,Retrieve,Explain,0.05263157894736836,0.0
1164,sex,woman,1,Rank,Explain,0.33016795945714295,0.415
1164,sex,woman,1,Explain,Explain,0.25,0.5
1164,sex,woman,1,Memory,Explain,0.33333333333333326,1.0
1169,age,teen,0,Elicit,Elicit,0.19999999999999996,1.0
1169,age,teen,0,Retrieve,Elicit,0.8181818181818182,1.0
1169,age,teen,0,Rank,Elicit,0.39238134962142857,1.0
1169,age,teen,0,Explain,Elicit,0.19999999999999996,1.0
1169,age,teen,0,Memory,Elicit,0.25,1.0
1169,age,young,0,Elicit,Elicit,0.25,1.0
1169,age,young,0,Retrieve,Elicit,0.8181818181818182,1.0
1169,age,young,0,Rank,Elicit,0.4521795298714285,1.0
1169,age,young,0,Explain,Elicit,0.33333333333333326,1.0
1169,age,young,0,Memory,Elicit,0.5,1.0
1169,age,adult,0,Elicit,Elicit,0.25,1.0
1169,age,adult,0,Retrieve,Elicit,0.2142857142857143,1.0
1169,age,adult,0,Rank,Elicit,0.4742477792071429,1.0
1169,age,adult,0,Explain,Elicit,1.0,1.0
1169,age,adult,0,Memory,Elicit,0.25,1.0
1169,age,teen,1,Elicit,Elicit,0.5,1.0
1169,age,teen,1,Retrieve,Elicit,0.33333333333333326,1.0
1169,age,teen,1,Rank,Elicit,0.5882423006928572,1.0
1169,age,teen,1,Explain,Elicit,0.75,1.0
1169,age,teen,1,Memory,Elicit,0.5,1.0
1169,age,young,1,Elicit,Elicit,0.33333333333333326,1.0
1169,age,young,1,Retrieve,Elicit,0.33333333333333326,1.0
1169,age,young,1,Rank,Elicit,0.7359737076642857,1.0
1169,age,young,1,Explain,Elicit,0.75,1.0
1169,age,young,1,Memory,Elicit,1.0,1.0
1169,age,adult,1,Elicit,Elicit,0.5,1.0
1169,age,adult,1,Retrieve,Elicit,0.3571428571428572,1.0
1169,age,adult,1,Rank,Elicit,0.27448855367142855,1.0
1169,age,adult,1,Explain,Elicit,0.4,0.5
1169,age,adult,1,Memory,Elicit,0.5,0.5
1187,age,teen,0,Elicit,none,0.5,1.0
1187,age,teen,0,Retrieve,none,1.0,1.0
1187,age,teen,0,Rank,none,0.7922100620285715,1.0
1187,age,teen,0,Explain,none,1.0,1.0
1187,age,teen,0,Memory,none,1.0,1.0
1187,age,young,0,Elicit,none,0.5,1.0
1187,age,young,0,Retrieve,none,1.0,1.0
1187,age,young,0,Rank,none,0.7984370274142857,1.0
1187,age,young,0,Explain,none,1.0,1.0
1187,age,young,0,Memory,none,0.5,1.0
1187,age,adult,0,Elicit,none,0.33333333333333326,1.0
1187,age,adult,0,Retrieve,none,1.0,1.0
1187,age,adult,0,Rank,none,0.6496722875928572,1.0
1187,age,adult,0,Explain,none,1.0,1.0
1187,age,adult,0,Memory,none,1.0,1.0
1187,age,teen,1,Elicit,none,0.33333333333333326,1.0
1187,age,teen,1,Retrieve,none,0.11111111111111116,1.0
1187,age,teen,1,Rank,none,0.2754087339214286,1.0
1187,age,teen,1,Explain,none,0.4,1.0
1187,age,teen,1,Memory,none,0.5,1.0
1187,age,young,1,Elicit,none,1.0,1.0
1187,age,young,1,Retrieve,none,0.25,1.0
1187,age,young,1,Rank,none,0.13936281023571429,1.0
1187,age,young,1,Explain,none,0.4,1.0
1187,age,young,1,Memory,none,1.0,1.0
1187,age,adult,1,Elicit,none,1.0,1.0
1187,age,adult,1,Retrieve,none,0.25,1.0
1187,age,adult,1,Rank,none,0.2525513102357143,1.0
1187,age,adult,1,Explain,none,0.4,1.0
1187,age,adult,1,Memory,none,1.0,1.0
1194,age,teen,0,Elicit,Memory,0.5,1.0
1194,age,teen,0,Retrieve,Memory,0.4285714285714286,1.0
1194,age,teen,0,Rank,Memory,0.30964705367142864,0.0
1194,age,teen,0,Explain,Memory,0.33333333333333326,1.0
1194,age,teen,0,Memory,Memory,0.5,1.0
1194,age,young,0,Elicit,Memory,0.5,1.0
1194,age,young,0,Retrieve,Memory,0.33333333333333326,1.0
1194,age,young,0,Rank,Memory,0.5416564773571428,0.0
1194,age,young,0,Explain,Memory,1.0,1.0
1194,age,young,0,Memory,Memory,0.5,1.0
1194,age,adult,0,Elicit,Memory,0.5,1.0
1194,age,adult,0,Retrieve,Memory,0.09090909090909094,1.0
1194,age,adult,0,Rank,Memory,0.3372214868714285,1.0
1194,age,adult,0,Explain,Memory,0.6666666666666666,1.0
1194,age,adult,0,Memory,Memory,0.5,1.0
1194,age,teen,1,Elicit,Memory,0.33333333333333326,1.0
1194,age,teen,1,Retrieve,Memory,1.0,1.0
1194,age,teen,1,Rank,Memory,0.4978928317214286,1.0
1194,age,teen,1,Explain,Memory,1.0,1.0
1194,age,teen,1,Memory,Memory,0.33333333333333326,1.0
1194,age,young,1,Elicit,Memory,0.33333333333333326,1.0
1194,age,young,1,Retrieve,Memory,1.0,1.0
1194,age,young,1,Rank,Memory,0.5578947971071428,0.45
1194,age,young,1,Explain,Memory,1.0,1.0
1194,age,young,1,Memory,Memory,0.33333333333333326,1.0
1194,age,adult,1,Elicit,Memory,0.25,1.0
1194,age,adult,1,Retrieve,Memory,0.6666666666666666,1.0
1194,age,adult,1,Rank,Memory,0.47625594994285714,0.0
1194,age,adult,1,Explain,Memory,0.33333333333333326,1.0
1194,age,adult,1,Memory,Memory,0.25,1.0
1198,sex,man,0,Elicit,none,0.5,1.0
1198,sex,man,0,Retrieve,none,0.6666666666666666,1.0
1198,sex,man,0,Rank,none,0.26539352267142857,0.0
1198,sex,man,0,Explain,none,0.16666666666666663,0.25
1198,sex,man,0,Memory,none,0.5,1.0
1198,sex,woman,0,Elicit,none,0.5,1.0
1198,sex,woman,0,Retrieve,none,0.5384615384615384,0.6666666666666666
1198,sex,woman,0,Rank,none,0.29220931382142856,0.585
1198,sex,woman,0,Explain,none,0.1428571428571428,0.25
1198,sex,woman,0,Memory,none,0.5,1.0
1198,sex,man,1,Elicit,none,0.33333333333333326,1.0
1198,sex,man,1,Retrieve,none,0.8181818181818182,1.0
1198,sex,man,1,Rank,none,0.6408492171785715,0.0
1198,sex,man,1,Explain,none,0.75,0.6666666666666666
1198,sex,man,1,Memory,none,0.33333333333333326,1.0
1198,sex,woman,1,Elicit,none,0.33333333333333326,1.0
1198,sex,woman,1,Retrieve,none,0.25,0.0
1198,sex,woman,1,Rank,none,0.17834348687142854,0.0
1198,sex,woman,1,Explain,none,0.1428571428571428,0.19999999999999996
1198,sex,woman,1,Memory,none,0.25,1.0
1207,age,teen,0,Elicit,Explain,0.33333333333333326,1.0
1207,age,teen,0,Retrieve,Explain,0.25,0.5
1207,age,teen,0,Rank,Explain,0.5079312971071429,0.55
1207,age,teen,0,Explain,Explain,0.5,1.0
1207,age,teen,0,Memory,Explain,0.25,1.0
1207,age,young,0,Elicit,Explain,0.5,1.0
1207,age,young,0,Retrieve,Explain,0.25,0.5
1207,age,young,0,Rank,Explain,0.2259050047714286,0.0
1207,age,young,0,Explain,Explain,0.25,1.0
1207,age,young,0,Memory,Explain,0.5,1.0
1207,age,adult,0,Elicit,Explain,0.33333333333333326,1.0
1207,age,adult,0,Retrieve,Explain,0.25,0.0
1207,age,adult,0,Rank,Explain,0.05709574343571433,0.0
1207,age,adult,0,Explain,Explain,0.25,1.0
1207,age,adult,0,Memory,Explain,0.33333333333333326,1.0
1207,age,teen,1,Elicit,Explain,0.5,1.0
1207,age,teen,1,Retrieve,Explain,0.11764705882352944,0.5
1207,age,teen,1,Rank,Explain,0.17834348687142854,0.0
1207,age,teen,1,Explain,Explain,0.5,1.0
1207,age,teen,1,Memory,Explain,0.5,1.0
1207,age,young,1,Elicit,Explain,0.5,1.0
1207,age,young,1,Retrieve,Explain,0.5384615384615384,1.0
1207,age,young,1,Rank,Explain,0.27896424820714283,0.0
1207,age,young,1,Explain,Explain,1.0,1.0
1207,age,young,1,Memory,Explain,0.5,1.0
1207,age,adult,1,Elicit,Explain,0.5,1.0
1207,age,adult,1,Retrieve,Explain,0.8181818181818182,1.0
1207,age,adult,1,Rank,Explain,0.35022523750714285,0.0
1207,age,adult,1,Explain,Explain,0.16666666666666663,0.5
1207,age,adult,1,Memory,Explain,1.0,1.0
1336,age,teen,0,Elicit,Explain,0.5,1.0
1336,age,teen,0,Retrieve,Explain,1.0,1.0
1336,age,teen,0,Rank,Explain,0.25299473753571433,0.0
1336,age,teen,0,Explain,Explain,0.25,1.0
1336,age,teen,0,Memory,Explain,0.33333333333333326,1.0
1336,age,young,0,Elicit,Explain,0.33333333333333326,1.0
1336,age,young,0,Retrieve,Explain,0.25,0.0
1336,age,young,0,Rank,Explain,0.3739277482071428,0.0
1336,age,young,0,Explain,Explain,0.25,1.0
1336,age,young,0,Memory,Explain,0.25,1.0
1336,age,adult,0,Elicit,Explain,0.33333333333333326,1.0
1336,age,adult,0,Retrieve,Explain,0.33333333333333326,0.0
1336,age,adult,0,Rank,Explain,0.3509642482071429,0.0
1336,age,adult,0,Explain,Explain,0.25,1.0
1336,age,adult,0,Memory,Explain,0.25,1.0
1336,age,teen,1,Elicit,Explain,0.33333333333333326,1.0
1336,age,teen,1,Retrieve,Explain,0.5384615384615384,1.0
1336,age,teen,1,Rank,Explain,0.7948370441285715,1.0
1336,age,teen,1,Explain,Explain,1.0,1.0
1336,age,teen,1,Memory,Explain,0.33333333333333326,1.0
1336,age,young,1,Elicit,Explain,0.25,1.0
1336,age,young,1,Retrieve,Explain,0.09090909090909094,0.0
1336,age,young,1,Rank,Explain,0.03874204889999999,1.0
1336,age,young,1,Explain,Explain,0.25,1.0
1336,age,young,1,Memory,Explain,0.25,1.0
1336,age,adult,1,Elicit,Explain,0.33333333333333326,1.0
1336,age,adult,1,Retrieve,Explain,0.1428571428571428,0.0
1336,age,adult,1,Rank,Explain,0.1640262923357143,1.0
1336,age,adult,1,Explain,Explain,0.25,1.0
1336,age,adult,1,Memory,Explain,0.33333333333333326,1.0
1499,sex,man,0,Elicit,none,0.33333333333333326,1.0
1499,sex,man,0,Retrieve,none,1.0,1.0
1499,sex,man,0,Rank,none,0.5862747839785715,1.0
1499,sex,man,0,Explain,none,0.1428571428571428,0.33333333333333326
1499,sex,man,0,Memory,none,0.33333333333333326,1.0
1499,sex,woman,0,Elicit,none,0.33333333333333326,1.0
1499,sex,woman,0,Retrieve,none,1.0,1.0
1499,sex,woman,0,Rank,none,0.43061555725714284,1.0
1499,sex,woman,0,Explain,none,0.19999999999999996,0.5
1499,sex,woman,0,Memory,none,0.33333333333333326,1.0
1499,sex,man,1,Elicit,none,0.33333333333333326,1.0
1499,sex,man,1,Retrieve,none,1.0,1.0
1499,sex,man,1,Rank,none,0.35408802625714286,1.0
1499,sex,man,1,Explain,none,0.5,0.33333333333333326
1499,sex,man,1,Memory,none,0.33333333333333326,1.0
1499,sex,woman,1,Elicit,none,0.33333333333333326,1.0
1499,sex,woman,1,Retrieve,none,0.8181818181818182,1.0
1499,sex,woman,1,Rank,none,0.18337821602142856,1.0
1499,sex,woman,1,Explain,none,0.4,0.25
1499,sex,woman,1,Memory,none,0.25,0.5
1500,sex,man,0,Elicit,Explain,0.33333333333333326,1.0
1500,sex,man,0,Retrieve,Explain,0.8181818181818182,1.0
1500,sex,man,0,Rank,Explain,0.4074545441571429,1.0
1500,sex,man,0,Explain,Explain,0.16666666666666663,0.33333333333333326
1500,sex,man,0,Memory,Explain,1.0,1.0
1500,sex,woman,0,Elicit,Explain,0.33333333333333326,1.0
1500,sex,woman,0,Retrieve,Explain,0.8181818181818182,1.0
1500,sex,woman,0,Rank,Explain,0.6190565298428572,1.0
1500,sex,woman,0,Explain,Explain,1.0,1.0
1500,sex,woman,0,Memory,Explain,0.5,1.0
1500,sex,man,1,Elicit,Explain,0.33333333333333326,1.0
1500,sex,man,1,Retrieve,Explain,0.5384615384615384,1.0
1500,sex,man,1,Rank,Explain,0.41075820289285714,1.0
1500,sex,man,1,Explain,Explain,0.5,0.5
1500,sex,man,1,Memory,Explain,0.33333333333333326,1.0
1500,sex,woman,1,Elicit,Explain,0.33333333333333326,1.0
1500,sex,woman,1,Retrieve,Explain,0.8181818181818182,1.0
1500,sex,woman,1,Rank,Explain,0.5325602076642858,1.0
1500,sex,woman,1,Explain,Explain,0.25,0.5
1500,sex,woman,1,Memory,Explain,0.33333333333333326,1.0
1563,sex,man,0,Elicit,Explain,0.19999999999999996,1.0
1563,sex,man,0,Retrieve,Explain,0.36363636363636365,1.0
1563,sex,man,0,Rank,Explain,0.2998472160214285,0.0
1563,sex,man,0,Explain,Explain,0.5,0.0
1563,sex,man,0,Memory,Explain,0.19999999999999996,1.0
1563,sex,woman,0,Elicit,Explain,0.25,1.0
1563,sex,woman,0,Retrieve,Explain,0.25,1.0
1563,sex,woman,0,Rank,Explain,0.13702629233571428,0.0
1563,sex,woman,0,Explain,Explain,0.5,0.0
1563,sex,woman,0,Memory,Explain,0.5,1.0
1563,sex,man,1,Elicit,Explain,0.25,1.0
1563,sex,man,1,Retrieve,Explain,0.25,0.5
1563,sex,man,1,Rank,Explain,0.34309299407142857,0.55
1563,sex,man,1,Explain,Explain,0.5,0.33333333333333326
1563,sex,man,1,Memory,Explain,0.25,1.0
1563,sex,woman,1,Elicit,Explain,0.33333333333333326,1.0
1563,sex,woman,1,Retrieve,Explain,1.0,1.0
1563,sex,woman,1,Rank,Explain,0.7980614821,1.0
1563,sex,woman,1,Explain,Explain,1.0,1.0
1563,sex,woman,1,Memory,Explain,0.33333333333333326,1.0
1568,age,teen,0,Elicit,Rank,0.25,1.0
1568,age,teen,0,Retrieve,Rank,0.5384615384615384,1.0
1568,age,teen,0,Rank,Rank,0.22971227920714288,1.0
1568,age,teen,0,Explain,Rank,0.0,0.0
1568,age,teen,0,Memory,Rank,0.0,0.0
1568,age,young,0,Elicit,Rank,0.25,1.0
1568,age,young,0,Retrieve,Rank,0.33333333333333326,1.0
1568,age,young,0,Rank,Rank,0.30596424820714285,1.0
1568,age,young,0,Explain,Rank,0.25,0.0
1568,age,young,0,Memory,Rank,0.25,1.0
1568,age,adult,0,Elicit,Rank,0.25,1.0
1568,age,adult,0,Retrieve,Rank,0.25,1.0
1568,age,adult,0,Rank,Rank,0.15996599048571425,1.0
1568,age,adult,0,Explain,Rank,0.0,0.0
1568,age,adult,0,Memory,Rank,0.25,1.0
1568,age,teen,1,Elicit,Rank,0.33333333333333326,1.0
1568,age,teen,1,Retrieve,Rank,0.1875,1.0
1568,age,teen,1,Rank,Rank,0.3306277303071429,1.0
1568,age,teen,1,Explain,Rank,1.0,1.0
1568,age,teen,1,Memory,Rank,0.25,1.0
1568,age,young,1,Elicit,Rank,0.5,1.0
1568,age,young,1,Retrieve,Rank,0.5384615384615384,1.0
1568,age,young,1,Rank,Rank,0.26879708828571436,1.0
1568,age,young,1,Explain,Rank,0.33333333333333326,1.0
1568,age,young,1,Memory,Rank,1.0,1.0
1568,age,adult,1,Elicit,Rank,0.5,1.0
1568,age,adult,1,Retrieve,Rank,0.4285714285714286,1.0
1568,age,adult,1,Rank,Rank,0.5209692517928572,1.0
1568,age,adult,1,Explain,Rank,1.0,1.0
1568,age,adult,1,Memory,Rank,0.5,1.0
1653,age,teen,0,Elicit,none,0.25,1.0
1653,age,teen,0,Retrieve,none,1.0,1.0
1653,age,teen,0,Rank,none,0.508822322207143,1.0
1653,age,teen,0,Explain,none,0.19999999999999996,1.0
1653,age,teen,0,Memory,none,0.5,1.0
1653,age,young,0,Elicit,none,0.25,1.0
1653,age,young,0,Retrieve,none,0.2142857142857143,1.0
1653,age,young,0,Rank,none,0.32891670289285724,0.0
1653,age,young,0,Explain,none,0.5,1.0
1653,age,young,0,Memory,none,0.5,1.0
1653,age,adult,0,Elicit,none,0.33333333333333326,1.0
1653,age,adult,0,Retrieve,none,0.8181818181818182,1.0
1653,age,adult,0,Rank,none,0.6332155405428572,1.0
1653,age,adult,0,Explain,none,0.5,1.0
1653,age,adult,0,Memory,none,0.5,1.0
1653,age,teen,1,Elicit,none,0.33333333333333326,1.0
1653,age,teen,1,Retrieve,none,0.18181818181818188,1.0
1653,age,teen,1,Rank,none,0.0,0.0
1653,age,teen,1,Explain,none,0.25,1.0
1653,age,teen,1,Memory,none,0.33333333333333326,1.0
1653,age,young,1,Elicit,none,0.33333333333333326,1.0
1653,age,young,1,Retrieve,none,0.8181818181818182,1.0
1653,age,young,1,Rank,none,0.7096071897642857,1.0
1653,age,young,1,Explain,none,0.75,1.0
1653,age,young,1,Memory,none,0.5,1.0
1653,age,adult,1,Elicit,none,1.0,1.0
1653,age,adult,1,Retrieve,none,0.8181818181818182,1.0
1653,age,adult,1,Rank,none,0.5552350584428571,1.0
1653,age,adult,1,Explain,none,0.25,1.0
1653,age,adult,1,Memory,none,1.0,1.0
1658,sex,man,0,Elicit,none,0.33333333333333326,1.0
1658,sex,man,0,Retrieve,none,0.33333333333333326,0.33333333333333326
1658,sex,man,0,Rank,none,0.6632430131285715,0.77275
1658,sex,man,0,Explain,none,0.75,0.6666666666666666
1658,sex,man,0,Memory,none,1.0,1.0
1658,sex,woman,0,Elicit,none,1.0,1.0
1658,sex,woman,0,Retrieve,none,0.33333333333333326,0.33333333333333326
1658,sex,woman,0,Rank,none,0.8711602422785714,1.0
1658,sex,woman,0,Explain,none,1.0,1.0
1658,sex,woman,0,Memory,none,0.5,1.0
1658,sex,man,1,Elicit,none,0.5,1.0
1658,sex,man,1,Retrieve,none,0.5384615384615384,0.6666666666666666
1658,sex,man,1,Rank,none,0.43828984600714294,0.685
1658,sex,man,1,Explain,none,1.0,1.0
1658,sex,man,1,Memory,none,0.5,1.0
1658,sex,woman,1,Elicit,none,0.5,1.0
1658,sex,woman,1,Retrieve,none,0.5384615384615384,0.5
1658,sex,woman,1,Rank,none,0.5219258185928571,0.585
1658,sex,woman,1,Explain,none,1.0,1.0
1658,sex,woman,1,Memory,none,0.5,1.0
1815,age,teen,0,Elicit,none,0.33333333333333326,1.0
1815,age,teen,0,Retrieve,none,1.0,1.0
1815,age,teen,0,Rank,none,0.9330627565642857,0.0
1815,age,teen,0,Explain,none,1.0,1.0
1815,age,teen,0,Memory,none,0.25,1.0
1815,age,young,0,Elicit,none,1.0,1.0
1815,age,young,0,Retrieve,none,1.0,1.0
1815,age,young,0,Rank,none,1.0,1.0
1815,age,young,0,Explain,none,0.6666666666666666,1.0
1815,age,young,0,Memory,none,0.5,1.0
1815,age,adult,0,Elicit,none,0.33333333333333326,1.0
1815,age,adult,0,Retrieve,none,0.6666666666666666,1.0
1815,age,adult,0,Rank,none,0.9199407565642856,1.0
1815,age,adult,0,Explain,none,0.6666666666666666,1.0
1815,age,adult,0,Memory,none,0.33333333333333326,1.0
1815,age,teen,1,Elicit,none,0.33333333333333326,1.0
1815,age,teen,1,Retrieve,none,0.7272727272727273,1.0
1815,age,teen,1,Rank,none,0.9330627565642857,1.0
1815,age,teen,1,Explain,none,1.0,1.0
1815,age,teen,1,Memory,none,0.5,1.0
1815,age,young,1,Elicit,none,0.33333333333333326,1.0
1815,age,young,1,Retrieve,none,1.0,1.0
1815,age,young,1,Rank,none,0.9330627565642857,1.0
1815,age,young,1,Explain,none,1.0,1.0
1815,age,young,1,Memory,none,1.0,1.0
1815,age,adult,1,Elicit,none,0.33333333333333326,1.0
1815,age,adult,1,Retrieve,none,0.9,1.0
1815,age,adult,1,Rank,none,0.4741405751571429,1.0
1815,age,adult,1,Explain,none,0.5,0.5
1815,age,adult,1,Memory,none,0.5,1.0
1857,sex,man,0,Elicit,Rank,0.33333333333333326,1.0
1857,sex,man,0,Retrieve,Rank,1.0,1.0
1857,sex,man,0,Rank,Rank,0.4856302207928571,1.0
1857,sex,man,0,Explain,Rank,1.0,1.0
1857,sex,man,0,Memory,Rank,0.5,1.0
1857,sex,woman,0,Elicit,Rank,0.33333333333333326,1.0
1857,sex,woman,0,Retrieve,Rank,1.0,1.0
1857,sex,woman,0,Rank,Rank,0.5643655751571429,1.0
1857,sex,woman,0,Explain,Rank,0.6,0.5
1857,sex,woman,0,Memory,Rank,1.0,1.0
1857,sex,man,1,Elicit,Rank,0.33333333333333326,1.0
1857,sex,man,1,Retrieve,Rank,1.0,1.0
1857,sex,man,1,Rank,Rank,0.40069297735714293,1.0
1857,sex,man,1,Explain,Rank,0.33333333333333326,0.0
1857,sex,man,1,Memory,Rank,0.25,0.0
1857,sex,woman,1,Elicit,Rank,0.33333333333333326,1.0
1857,sex,woman,1,Retrieve,Rank,0.23076923076923084,1.0
1857,sex,woman,1,Rank,Rank,0.17028424343571424,1.0
1857,sex,woman,1,Explain,Rank,1.0,1.0
1857,sex,woman,1,Memory,Rank,0.5,1.0
1871,sex,man,0,Elicit,Elicit,0.33333333333333326,1.0
1871,sex,man,0,Retrieve,Elicit,1.0,1.0
1871,sex,man,0,Rank,Elicit,0.9330627565642857,1.0
1871,sex,man,0,Explain,Elicit,0.75,0.0
1871,sex,man,0,Memory,Elicit,0.5,1.0
1871,sex,woman,0,Elicit,Elicit,0.33333333333333326,1.0
1871,sex,woman,0,Retrieve,Elicit,1.0,1.0
1871,sex,woman,0,Rank,Elicit,0.8297157565642856,1.0
1871,sex,woman,0,Explain,Elicit,1.0,1.0
1871,sex,woman,0,Memory,Elicit,0.5,1.0
1871,sex,man,1,Elicit,Elicit,1.0,1.0
1871,sex,man,1,Retrieve,Elicit,1.0,1.0
1871,sex,man,1,Rank,Elicit,0.4093070226428571,1.0
1871,sex,man,1,Explain,Elicit,0.16666666666666663,0.0
1871,sex,man,1,Memory,Elicit,0.33333333333333326,1.0
1871,sex,woman,1,Elicit,Elicit,0.5,1.0
1871,sex,woman,1,Retrieve,Elicit,0.8181818181818182,1.0
1871,sex,woman,1,Rank,Elicit,0.46640276607857145,1.0
1871,sex,woman,1,Explain,Elicit,0.19999999999999996,0.0
1871,sex,woman,1,Memory,Elicit,0.25,1.0
1928,sex,man,0,Elicit,Retrieve,0.5,1.0
1928,sex,man,0,Retrieve,Retrieve,0.6666666666666666,1.0
1928,sex,man,0,Rank,Retrieve,0.678171071542857,1.0
1928,sex,man,0,Explain,Retrieve,1.0,1.0
1928,sex,man,0,Memory,Retrieve,1.0,1.0
1928,sex,woman,0,Elicit,Retrieve,0.5,1.0
1928,sex,woman,0,Retrieve,Retrieve,0.6666666666666666,1.0
1928,sex,woman,0,Rank,Retrieve,0.5936460310285715,1.0
1928,sex,woman,0,Explain,Retrieve,0.19999999999999996,1.0
1928,sex,woman,0,Memory,Retrieve,0.19999999999999996,1.0
1928,sex,man,1,Elicit,Retrieve,1.0,1.0
1928,sex,man,1,Retrieve,Retrieve,0.33333333333333326,1.0
1928,sex,man,1,Rank,Retrieve,0.5087325894428572,1.0
1928,sex,man,1,Explain,Retrieve,0.6666666666666666,0.5
1928,sex,man,1,Memory,Retrieve,1.0,1.0
1928,sex,woman,1,Elicit,Retrieve,0.33333333333333326,1.0
1928,sex,woman,1,Retrieve,Retrieve,0.6666666666666666,1.0
1928,sex,woman,1,Rank,Retrieve,0.7742670310285715,1.0
1928,sex,woman,1,Explain,Retrieve,1.0,1.0
1928,sex,woman,1,Memory,Retrieve,0.33333333333333326,1.0
1948,age,teen,0,Elicit,Elicit,1.0,1.0
1948,age,teen,0,Retrieve,Elicit,0.6666666666666666,1.0
1948,age,teen,0,Rank,Elicit,0.4961770751571428,1.0
1948,age,teen,0,Explain,Elicit,0.19999999999999996,0.5
1948,age,teen,0,Memory,Elicit,0.5,1.0
1948,age,young,0,Elicit,Elicit,0.33333333333333326,1.0
1948,age,young,0,Retrieve,Elicit,0.8181818181818182,1.0
1948,age,young,0,Rank,Elicit,0.33372347374285716,1.0
1948,age,young,0,Explain,Elicit,1.0,1.0
1948,age,young,0,Memory,Elicit,0.5,1.0
1948,age,adult,0,Elicit,Elicit,0.33333333333333326,1.0
1948,age,adult,0,Retrieve,Elicit,1.0,1.0
1948,age,adult,0,Rank,Elicit,0.9330627565642857,1.0
1948,age,adult,0,Explain,Elicit,0.25,0.5
1948,age,adult,0,Memory,Elicit,1.0,1.0
1948,age,teen,1,Elicit,Elicit,0.33333333333333326,1.0
1948,age,teen,1,Retrieve,Elicit,1.0,1.0
1948,age,teen,1,Rank,Elicit,1.0,1.0
1948,age,teen,1,Explain,Elicit,0.25,0.5
1948,age,teen,1,Memory,Elicit,0.5,1.0
1948,age,young,1,Elicit,Elicit,0.33333333333333326,1.0
1948,age,young,1,Retrieve,Elicit,0.6666666666666666,1.0
1948,age,young,1,Rank,Elicit,0.27418127920714286,1.0
1948,age,young,1,Explain,Elicit,0.5,0.5
1948,age,young,1,Memory,Elicit,0.19999999999999996,0.5
1948,age,adult,1,Elicit,Elicit,0.33333333333333326,1.0
1948,age,adult,1,Retrieve,Elicit,0.19999999999999996,1.0
1948,age,adult,1,Rank,Elicit,0.24528073030714292,1.0
1948,age,adult,1,Explain,Elicit,0.19999999999999996,0.5
1948,age,adult,1,Memory,Elicit,1.0,1.0
1957,sex,man,0,Elicit,Memory,0.33333333333333326,1.0
1957,sex,man,0,Retrieve,Memory,0.11111111111111116,1.0
1957,sex,man,0,Rank,Memory,0.4124350262571429,1.0
1957,sex,man,0,Explain,Memory,0.19999999999999996,0.5
1957,sex,man,0,Memory,Memory,0.25,0.5
1957,sex,woman,0,Elicit,Memory,1.0,1.0
1957,sex,woman,0,Retrieve,Memory,0.17647058823529416,1.0
1957,sex,woman,0,Rank,Memory,0.42891197374285717,1.0
1957,sex,woman,0,Explain,Memory,0.33333333333333326,1.0
1957,sex,woman,0,Memory,Memory,1.0,1.0
1957,sex,man,1,Elicit,Memory,0.5,1.0
1957,sex,man,1,Retrieve,Memory,1.0,1.0
1957,sex,man,1,Rank,Memory,0.941878,1.0
1957,sex,man,1,Explain,Memory,1.0,1.0
1957,sex,man,1,Memory,Memory,0.33333333333333326,1.0
1957,sex,woman,1,Elicit,Memory,0.5,1.0
1957,sex,woman,1,Retrieve,Memory,1.0,1.0
1957,sex,woman,1,Rank,Memory,0.8359737076642857,1.0
1957,sex,woman,1,Explain,Memory,0.6666666666666666,1.0
1957,sex,woman,1,Memory,Memory,0.5,1.0
2003,age,teen,0,Elicit,none,0.5,1.0
2003,age,teen,0,Retrieve,none,1.0,1.0
2003,age,teen,0,Rank,none,0.5507515083571428,0.0
2003,age,teen,0,Explain,none,1.0,1.0
2003,age,teen,0,Memory,none,1.0,1.0
2003,age,young,0,Elicit,none,0.5,1.0
2003,age,young,0,Retrieve,none,0.4285714285714286,1.0
2003,age,young,0,Rank,none,0.43431053577142853,0.0
2003,age,young,0,Explain,none,0.75,1.0
2003,age,young,0,Memory,none,1.0,1.0
2003,age,adult,0,Elicit,none,0.5,1.0
2003,age,adult,0,Retrieve,none,0.33333333333333326,1.0
2003,age,adult,0,Rank,none,0.6996200131285715,0.55
2003,age,adult,0,Explain,none,0.16666666666666663,0.19999999999999996
2003,age,adult,0,Memory,none,0.5,1.0
2003,age,teen,1,Elicit,none,0.33333333333333326,1.0
2003,age,teen,1,Retrieve,none,1.0,1.0
2003,age,teen,1,Rank,none,0.07748409779999998,1.0
2003,age,teen,1,Explain,none,1.0,1.0
2003,age,teen,1,Memory,none,0.5,1.0
2003,age,young,1,Elicit,none,0.33333333333333326,1.0
2003,age,young,1,Retrieve,none,1.0,1.0
2003,age,young,1,Rank,none,0.41003023750714296,1.0
2003,age,young,1,Explain,none,0.33333333333333326,0.5
2003,age,young,1,Memory,none,0.5,1.0
2003,age,adult,1,Elicit,none,0.33333333333333326,1.0
2003,age,adult,1,Retrieve,none,0.17647058823529416,0.0
2003,age,adult,1,Rank,none,0.16880926133571428,0.0
2003,age,adult,1,Explain,none,0.75,1.0
2003,age,adult,1,Memory,none,0.5,1.0
2045,sex,man,0,Elicit,Explain,0.25,1.0
2045,sex,man,0,Retrieve,Explain,0.4444444444444444,1.0
2045,sex,man,0,Rank,Explain,0.30602443660714285,1.0
2045,sex,man,0,Explain,Explain,0.4,0.5
2045,sex,man,0,Memory,Explain,0.33333333333333326,1.0
2045,sex,woman,0,Elicit,Explain,0.33333333333333326,1.0
2045,sex,woman,0,Retrieve,Explain,0.6666666666666666,1.0
2045,sex,woman,0,Rank,Explain,0.6919772676785714,1.0
2045,sex,woman,0,Explain,Explain,0.75,1.0
2045,sex,woman,0,Memory,Explain,0.5,1.0
2045,sex,man,1,Elicit,Explain,0.5,1.0
2045,sex,man,1,Retrieve,Explain,0.0,1.0
2045,sex,man,1,Rank,Explain,0.0,1.0
2045,sex,man,1,Explain,Explain,0.16666666666666663,0.0
2045,sex,man,1,Memory,Explain,0.33333333333333326,0.5
2045,sex,woman,1,Elicit,Explain,0.25,1.0
2045,sex,woman,1,Retrieve,Explain,0.1428571428571428,1.0
2045,sex,woman,1,Rank,Explain,0.12976199999999993,1.0
2045,sex,woman,1,Explain,Explain,0.33333333333333326,0.33333333333333326
2045,sex,woman,1,Memory,Explain,0.25,1.0
2050,age,teen,0,Elicit,Retrieve,0.5,1.0
2050,age,teen,0,Retrieve,Retrieve,0.5,1.0
2050,age,teen,0,Rank,Retrieve,0.6602705071428572,1.0
2050,age,teen,0,Explain,Retrieve,1.0,1.0
2050,age,teen,0,Memory,Retrieve,0.5,1.0
2050,age,young,0,Elicit,Retrieve,0.5,1.0
2050,age,young,0,Retrieve,Retrieve,0.2857142857142857,0.0
2050,age,young,0,Rank,Retrieve,0.3372214868714285,0.0
2050,age,young,0,Explain,Retrieve,1.0,1.0
2050,age,young,0,Memory,Retrieve,0.0,0.0
2050,age,adult,0,Elicit,Retrieve,0.33333333333333326,1.0
2050,age,adult,0,Retrieve,Retrieve,0.3846153846153846,1.0
2050,age,adult,0,Rank,Retrieve,0.5638735083571429,1.0
2050,age,adult,0,Explain,Retrieve,1.0,1.0
2050,age,adult,0,Memory,Retrieve,0.5,1.0
2050,age,teen,1,Elicit,Retrieve,0.5,1.0
2050,age,teen,1,Retrieve,Retrieve,0.33333333333333326,0.0
2050,age,teen,1,Rank,Retrieve,0.5179014916428571,1.0
2050,age,teen,1,Explain,Retrieve,1.0,1.0
2050,age,teen,1,Memory,Retrieve,0.33333333333333326,1.0
2050,age,young,1,Elicit,Retrieve,0.5,1.0
2050,age,young,1,Retrieve,Retrieve,0.0,1.0
2050,age,young,1,Rank,Retrieve,0.0,1.0
2050,age,young,1,Explain,Retrieve,0.6666666666666666,0.5
2050,age,young,1,Memory,Retrieve,0.5,1.0
2050,age,adult,1,Elicit,Retrieve,0.5,1.0
2050,age,adult,1,Retrieve,Retrieve,0.33333333333333326,0.0
2050,age,adult,1,Rank,Retrieve,0.6828479642285714,1.0
2050,age,adult,1,Explain,Retrieve,1.0,1.0
2050,age,adult,1,Memory,Retrieve,0.5,1.0
2052,sex,man,0,Elicit,Memory,0.5,1.0
2052,sex,man,0,Retrieve,Memory,0.33333333333333326,1.0
2052,sex,man,0,Rank,Memory,0.5018685405428571,1.0
2052,sex,man,0,Explain,Memory,1.0,1.0
2052,sex,man,0,Memory,Memory,0.0,0.0
2052,sex,woman,0,Elicit,Memory,0.5,1.0
2052,sex,woman,0,Retrieve,Memory,0.33333333333333326,1.0
2052,sex,woman,0,Rank,Memory,0.5757887207928571,1.0
2052,sex,woman,0,Explain,Memory,0.6,0.0
2052,sex,woman,0,Memory,Memory,0.0,0.0
2052,sex,man,1,Elicit,Memory,0.5,1.0
2052,sex,man,1,Retrieve,Memory,0.4285714285714286,1.0
2052,sex,man,1,Rank,Memory,0.5868814773571429,1.0
2052,sex,man,1,Explain,Memory,0.25,1.0
2052,sex,man,1,Memory,Memory,0.25,1.0
2052,sex,woman,1,Elicit,Memory,0.5,1.0
2052,sex,woman,1,Retrieve,Memory,0.6666666666666666,1.0
2052,sex,woman,1,Rank,Memory,0.26133376853571433,1.0
2052,sex,woman,1,Explain,Memory,0.6666666666666666,1.0
2052,sex,woman,1,Memory,Memory,0.0,0.0
2082,sex,man,0,Elicit,none,0.33333333333333326,1.0
2082,sex,man,0,Retrieve,none,0.6666666666666666,1.0
2082,sex,man,0,Rank,none,0.5299022554071429,0.9
2082,sex,man,0,Explain,none,0.33333333333333326,0.6666666666666666
2082,sex,man,0,Memory,none,0.5,1.0
2082,sex,woman,0,Elicit,none,0.33333333333333326,1.0
2082,sex,woman,0,Retrieve,none,0.33333333333333326,0.0
2082,sex,woman,0,Rank,none,0.34936057157142864,0.0
2082,sex,woman,0,Explain,none,0.33333333333333326,0.6666666666666666
2082,sex,woman,0,Memory,none,0.5,1.0
2082,sex,man,1,Elicit,none,0.6666666666666666,1.0
2082,sex,man,1,Retrieve,none,0.8181818181818182,1.0
2082,sex,man,1,Rank,none,0.6739540763142858,0.9
2082,sex,man,1,Explain,none,0.19999999999999996,0.33333333333333326
2082,sex,man,1,Memory,none,1.0,1.0
2082,sex,woman,1,Elicit,none,0.25,1.0
2082,sex,woman,1,Retrieve,none,1.0,1.0
2082,sex,woman,1,Rank,none,0.4472692696928572,0.9
2082,sex,woman,1,Explain,none,0.19999999999999996,0.5
2082,sex,woman,1,Memory,none,0.33333333333333326,1.0
2138,age,teen,0,Elicit,Elicit,0.5,1.0
2138,age,teen,0,Retrieve,Elicit,0.30000000000000004,1.0
2138,age,teen,0,Rank,Elicit,0.04352501789999996,1.0
2138,age,teen,0,Explain,Elicit,0.16666666666666663,0.25
2138,age,teen,0,Memory,Elicit,0.25,0.5
2138,age,young,0,Elicit,Elicit,0.5,1.0
2138,age,young,0,Retrieve,Elicit,1.0,1.0
2138,age,young,0,Rank,Elicit,0.4129898281071429,1.0
2138,age,young,0,Explain,Elicit,0.6,0.5
2138,age,young,0,Memory,Elicit,0.5,1.0
2138,age,adult,0,Elicit,Elicit,0.5,1.0
2138,age,adult,0,Retrieve,Elicit,1.0,1.0
2138,age,adult,0,Rank,Elicit,0.5873052733071429,1.0
2138,age,adult,0,Explain,Elicit,0.4,0.33333333333333326
2138,age,adult,0,Memory,Elicit,0.25,1.0
2138,age,teen,1,Elicit,Elicit,0.5,1.0
2138,age,teen,1,Retrieve,Elicit,0.8181818181818182,1.0
2138,age,teen,1,Rank,Elicit,0.10659947258571434,1.0
2138,age,teen,1,Explain,Elicit,0.4,0.6666666666666666
2138,age,teen,1,Memory,Elicit,0.0,0.0
2138,age,young,1,Elicit,Elicit,0.33333333333333326,1.0
2138,age,young,1,Retrieve,Elicit,0.17647058823529416,1.0
2138,age,young,1,Rank,Elicit,0.3508355536714286,1.0
2138,age,young,1,Explain,Elicit,0.0,0.0
2138,age,young,1,Memory,Elicit,0.0,0.0
2138,age,adult,1,Elicit,Elicit,0.33333333333333326,1.0
2138,age,adult,1,Retrieve,Elicit,0.8181818181818182,1.0
2138,age,adult,1,Rank,Elicit,0.33261055367142855,1.0
2138,age,adult,1,Explain,Elicit,0.0,0.0
2138,age,adult,1,Memory,Elicit,0.0,0.0
2142,age,teen,0,Elicit,Rank,0.33333333333333326,1.0
2142,age,teen,0,Retrieve,Rank,0.4285714285714286,1.0
2142,age,teen,0,Rank,Rank,0.41762225179285717,1.0
2142,age,teen,0,Explain,Rank,0.6666666666666666,1.0
2142,age,teen,0,Memory,Rank,0.0,0.0
2142,age,young,0,Elicit,Rank,0.5,1.0
2142,age,young,0,Retrieve,Rank,0.23076923076923084,1.0
2142,age,young,0,Rank,Rank,0.23722148687142852,1.0
2142,age,young,0,Explain,Rank,0.25,1.0
2142,age,young,0,Memory,Rank,0.0,0.0
2142,age,adult,0,Elicit,Rank,0.5,1.0
2142,age,adult,0,Retrieve,Rank,0.19999999999999996,1.0
2142,age,adult,0,Rank,Rank,0.32274102625714285,1.0
2142,age,adult,0,Explain,Rank,0.6666666666666666,1.0
2142,age,adult,0,Memory,Rank,0.0,0.0
2142,age,teen,1,Elicit,Rank,0.5,1.0
2142,age,teen,1,Retrieve,Rank,0.375,1.0
2142,age,teen,1,Rank,Rank,0.4737539285714285,1.0
2142,age,teen,1,Explain,Rank,1.0,1.0
2142,age,teen,1,Memory,Rank,0.5,1.0
2142,age,young,1,Elicit,Rank,0.5,1.0
2142,age,young,1,Retrieve,Rank,0.375,1.0
2142,age,young,1,Rank,Rank,0.37375392857142853,1.0
2142,age,young,1,Explain,Rank,0.6666666666666666,0.5
2142,age,young,1,Memory,Rank,0.5,1.0
2142,age,adult,1,Elicit,Rank,0.33333333333333326,1.0
2142,age,adult,1,Retrieve,Rank,0.0,1.0
2142,age,adult,1,Rank,Rank,0.0,1.0
2142,age,adult,1,Explain,Rank,0.19999999999999996,0.33333333333333326
2142,age,adult,1,Memory,Rank,0.33333333333333326,0.5
2155,sex,man,0,Elicit,Retrieve,1.0,1.0
2155,sex,man,0,Retrieve,Retrieve,0.33333333333333326,1.0
2155,sex,man,0,Rank,Retrieve,0.44999999999999996,1.0
2155,sex,man,0,Explain,Retrieve,0.33333333333333326,1.0
2155,sex,man,0,Memory,Retrieve,0.5,1.0
2155,sex,woman,0,Elicit,Retrieve,0.25,1.0
2155,sex,woman,0,Retrieve,Retrieve,0.5,1.0
2155,sex,woman,0,Rank,Retrieve,0.5085,1.0
2155,sex,woman,0,Explain,Retrieve,0.33333333333333326,1.0
2155,sex,woman,0,Memory,Retrieve,0.5,1.0
2155,sex,man,1,Elicit,Retrieve,0.33333333333333326,1.0
2155,sex,man,1,Retrieve,Retrieve,0.4,1.0
2155,sex,man,1,Rank,Retrieve,0.34236977920714295,1.0
2155,sex,man,1,Explain,Retrieve,0.33333333333333326,1.0
2155,sex,man,1,Memory,Retrieve,0.25,1.0
2155,sex,woman,1,Elicit,Retrieve,0.5,1.0
2155,sex,woman,1,Retrieve,Retrieve,0.6363636363636364,1.0
2155,sex,woman,1,Rank,Retrieve,0.5642382839785716,1.0
2155,sex,woman,1,Explain,Retrieve,0.6666666666666666,0.5
2155,sex,woman,1,Memory,Retrieve,0.5,1.0
2258,sex,man,0,Elicit,Memory,0.33333333333333326,1.0
2258,sex,man,0,Retrieve,Memory,0.09090909090909094,1.0
2258,sex,man,0,Rank,Memory,0.0,1.0
2258,sex,man,0,Explain,Memory,0.5,1.0
2258,sex,man,0,Memory,Memory,1.0,1.0
2258,sex,woman,0,Elicit,Memory,0.5,1.0
2258,sex,woman,0,Retrieve,Memory,0.19999999999999996,1.0
2258,sex,woman,0,Rank,Memory,0.04950372915000001,1.0
2258,sex,woman,0,Explain,Memory,0.6666666666666666,1.0
2258,sex,woman,0,Memory,Memory,0.33333333333333326,1.0
2258,sex,man,1,Elicit,Memory,0.33333333333333326,1.0
2258,sex,man,1,Retrieve,Memory,0.0714285714285714,1.0
2258,sex,man,1,Rank,Memory,0.0,1.0
2258,sex,man,1,Explain,Memory,0.25,0.5
2258,sex,man,1,Memory,Memory,0.33333333333333326,1.0
2258,sex,woman,1,Elicit,Memory,0.33333333333333326,1.0
2258,sex,woman,1,Retrieve,Memory,0.0714285714285714,1.0
2258,sex,woman,1,Rank,Memory,0.03874204889999999,1.0
2258,sex,woman,1,Explain,Memory,0.19999999999999996,0.33333333333333326
2258,sex,woman,1,Memory,Memory,0.19999999999999996,0.5
2275,sex,man,0,Elicit,Retrieve,0.19999999999999996,1.0
2275,sex,man,0,Retrieve,Retrieve,0.4285714285714286,1.0
2275,sex,man,0,Rank,Retrieve,0.4144300226714286,1.0
2275,sex,man,0,Explain,Retrieve,1.0,1.0
2275,sex,man,0,Memory,Retrieve,0.19999999999999996,1.0
2275,sex,woman,0,Elicit,Retrieve,0.25,1.0
2275,sex,woman,0,Retrieve,Retrieve,0.4285714285714286,1.0
2275,sex,woman,0,Rank,Retrieve,0.6114027660785715,1.0
2275,sex,woman,0,Explain,Retrieve,1.0,1.0
2275,sex,woman,0,Memory,Retrieve,0.25,1.0
2275,sex,man,1,Elicit,Retrieve,0.5,1.0
2275,sex,man,1,Retrieve,Retrieve,0.33333333333333326,1.0
2275,sex,man,1,Rank,Retrieve,0.5779484737428571,1.0
2275,sex,man,1,Explain,Retrieve,1.0,1.0
2275,sex,man,1,Memory,Retrieve,0.5,1.0
2275,sex,woman,1,Elicit,Retrieve,0.33333333333333326,1.0
2275,sex,woman,1,Retrieve,Retrieve,0.3846153846153846,1.0
2275,sex,woman,1,Rank,Retrieve,0.5435215405428572,1.0
2275,sex,woman,1,Explain,Retrieve,0.6666666666666666,1.0
2275,sex,woman,1,Memory,Retrieve,0.25,1.0
2409,age,teen,0,Elicit,Memory,0.33333333333333326,1.0
2409,age,teen,0,Retrieve,Memory,0.06666666666666665,1.0
2409,age,teen,0,Rank,Memory,0.5388527303071428,0.0
2409,age,teen,0,Explain,Memory,1.0,1.0
2409,age,teen,0,Memory,Memory,0.33333333333333326,1.0
2409,age,young,0,Elicit,Memory,0.33333333333333326,1.0
2409,age,young,0,Retrieve,Memory,0.23076923076923084,1.0
2409,age,young,0,Rank,Memory,0.3998472160214285,0.0
2409,age,young,0,Explain,Memory,1.0,1.0
2409,age,young,0,Memory,Memory,0.33333333333333326,1.0
2409,age,adult,0,Elicit,Memory,0.5,1.0
2409,age,adult,0,Retrieve,Memory,0.23076923076923084,1.0
2409,age,adult,0,Rank,Memory,0.5739119737428571,1.0
2409,age,adult,0,Explain,Memory,0.6666666666666666,1.0
2409,age,adult,0,Memory,Memory,0.33333333333333326,1.0
2409,age,teen,1,Elicit,Memory,0.33333333333333326,1.0
2409,age,teen,1,Retrieve,Memory,0.33333333333333326,0.0
2409,age,teen,1,Rank,Memory,0.3372214868714285,1.0
2409,age,teen,1,Explain,Memory,1.0,1.0
2409,age,teen,1,Memory,Memory,0.33333333333333326,1.0
2409,age,young,1,Elicit,Memory,0.33333333333333326,1.0
2409,age,young,1,Retrieve,Memory,0.15384615384615385,1.0
2409,age,young,1,Rank,Memory,0.4074392303071428,1.0
2409,age,young,1,Explain,Memory,0.6666666666666666,1.0
2409,age,young,1,Memory,Memory,0.33333333333333326,1.0
2409,age,adult,1,Elicit,Memory,0.33333333333333326,1.0
2409,age,adult,1,Retrieve,Memory,1.0,1.0
2409,age,adult,1,Rank,Memory,0.6680497839785715,0.0
2409,age,adult,1,Explain,Memory,0.6666666666666666,1.0
2409,age,adult,1,Memory,Memory,0.5,1.0
2413,sex,man,0,Elicit,Explain,0.33333333333333326,1.0
2413,sex,man,0,Retrieve,Explain,0.5384615384615384,1.0
2413,sex,man,0,Rank,Explain,0.32274102625714285,1.0
2413,sex,man,0,Explain,Explain,0.19999999999999996,0.33333333333333326
2413,sex,man,0,Memory,Explain,0.25,1.0
2413,sex,woman,0,Elicit,Explain,0.5,1.0
2413,sex,woman,0,Retrieve,Explain,0.0,1.0
2413,sex,woman,0,Rank,Explain,0.6903529463285714,1.0
2413,sex,woman,0,Explain,Explain,0.5,1.0
2413,sex,woman,0,Memory,Explain,0.5,1.0
2413,sex,man,1,Elicit,Explain,0.19999999999999996,1.0
2413,sex,man,1,Retrieve,Explain,0.5,1.0
2413,sex,man,1,Rank,Explain,0.3847722350785715,1.0
2413,sex,man,1,Explain,Explain,0.25,1.0
2413,sex,man,1,Memory,Explain,0.19999999999999996,1.0
2413,sex,woman,1,Elicit,Explain,0.25,1.0
2413,sex,woman,1,Retrieve,Explain,0.4444444444444444,1.0
2413,sex,woman,1,Rank,Explain,0.34430149285714284,1.0
2413,sex,woman,1,Explain,Explain,0.19999999999999996,1.0
2413,sex,woman,1,Memory,Explain,0.25,1.0
2460,sex,man,0,Elicit,none,0.25,1.0
2460,sex,man,0,Retrieve,none,0.33333333333333326,1.0
2460,sex,man,0,Rank,none,0.5557192696928572,1.0
2460,sex,man,0,Explain,none,0.19999999999999996,0.5
2460,sex,man,0,Memory,none,0.25,0.5
2460,sex,woman,0,Elicit,none,0.33333333333333326,1.0
2460,sex,woman,0,Retrieve,none,0.33333333333333326,1.0
2460,sex,woman,0,Rank,none,0.5325947792071428,0.0
2460,sex,woman,0,Explain,none,0.5,0.5
2460,sex,woman,0,Memory,none,0.5,1.0
2460,sex,man,1,Elicit,none,0.5,1.0
2460,sex,man,1,Retrieve,none,0.6666666666666666,1.0
2460,sex,man,1,Rank,none,0.6425528006928571,1.0
2460,sex,man,1,Explain,none,0.5,0.5
2460,sex,man,1,Memory,none,1.0,1.0
2460,sex,woman,1,Elicit,none,0.5,1.0
2460,sex,woman,1,Retrieve,none,0.5384615384615384,1.0
2460,sex,woman,1,Rank,none,0.6069387554071428,1.0
2460,sex,woman,1,Explain,none,0.6666666666666666,1.0
2460,sex,woman,1,Memory,none,0.5,1.0
2512,sex,man,0,Elicit,Rank,0.5,1.0
2512,sex,man,0,Retrieve,Rank,1.0,1.0
2512,sex,man,0,Rank,Rank,0.3846435405428572,0.55
2512,sex,man,0,Explain,Rank,0.19999999999999996,0.33333333333333326
2512,sex,man,0,Memory,Rank,1.0,1.0
2512,sex,woman,0,Elicit,Rank,0.5,1.0
2512,sex,woman,0,Retrieve,Rank,1.0,1.0
2512,sex,woman,0,Rank,Rank,0.7436778018785715,0.55
2512,sex,woman,0,Explain,Rank,1.0,1.0
2512,sex,woman,0,Memory,Rank,0.0,0.0
2512,sex,man,1,Elicit,Rank,0.33333333333333326,1.0
2512,sex,man,1,Retrieve,Rank,1.0,1.0
2512,sex,man,1,Rank,Rank,0.40981486390714283,1.0
2512,sex,man,1,Explain,Rank,0.25,0.5
2512,sex,man,1,Memory,Rank,0.33333333333333326,1.0
2512,sex,woman,1,Elicit,Rank,0.33333333333333326,1.0
2512,sex,woman,1,Retrieve,Rank,0.17647058823529416,0.5
2512,sex,woman,1,Rank,Rank,0.12579208470000003,0.45
2512,sex,woman,1,Explain,Rank,0.33333333333333326,1.0
2512,sex,woman,1,Memory,Rank,0.33333333333333326,1.0
2521,age,teen,0,Elicit,Explain,0.5,1.0
2521,age,teen,0,Retrieve,Explain,0.25,0.0
2521,age,teen,0,Rank,Explain,0.7740949952285714,1.0
2521,age,teen,0,Explain,Explain,0.5,0.5
2521,age,teen,0,Memory,Explain,1.0,1.0
2521,age,young,0,Elicit,Explain,0.5,1.0
2521,age,young,0,Retrieve,Explain,0.4285714285714286,0.0
2521,age,young,0,Rank,Explain,0.24528073030714292,1.0
2521,age,young,0,Explain,Explain,0.33333333333333326,0.0
2521,age,young,0,Memory,Explain,0.5,1.0
2521,age,adult,0,Elicit,Explain,0.5,1.0
2521,age,adult,0,Retrieve,Explain,0.0714285714285714,0.0
2521,age,adult,0,Rank,Explain,0.12528424343571432,1.0
2521,age,adult,0,Explain,Explain,0.16666666666666663,0.0
2521,age,adult,0,Memory,Explain,0.33333333333333326,1.0
2521,age,teen,1,Elicit,Explain,0.33333333333333326,1.0
2521,age,teen,1,Retrieve,Explain,0.25,1.0
2521,age,teen,1,Rank,Explain,0.2525513102357143,1.0
2521,age,teen,1,Explain,Explain,0.1428571428571428,0.0
2521,age,teen,1,Memory,Explain,0.125,0.0
2521,age,young,1,Elicit,Explain,0.33333333333333326,1.0
2521,age,young,1,Retrieve,Explain,0.25,1.0
2521,age,young,1,Rank,Explain,0.16369521602142867,0.0
2521,age,young,1,Explain,Explain,1.0,1.0
2521,age,young,1,Memory,Explain,0.19999999999999996,0.0
2521,age,adult,1,Elicit,Explain,0.33333333333333326,1.0
2521,age,adult,1,Retrieve,Explain,0.17647058823529416,0.0
2521,age,adult,1,Rank,Explain,0.2122787649214286,1.0
2521,age,adult,1,Explain,Explain,0.4,0.0
2521,age,adult,1,Memory,Explain,0.19999999999999996,0.0
2555,sex,man,0,Elicit,none,1.0,1.0
2555,sex,man,0,Retrieve,none,1.0,1.0
2555,sex,man,0,Rank,none,0.4475765441571429,1.0
2555,sex,man,0,Explain,none,0.19999999999999996,0.33333333333333326
2555,sex,man,0,Memory,none,0.0,0.0
2555,sex,woman,0,Elicit,none,0.33333333333333326,1.0
2555,sex,woman,0,Retrieve,none,0.07692307692307687,0.0
2555,sex,woman,0,Rank,none,0.32737998687142855,0.0
2555,sex,woman,0,Explain,none,1.0,1.0
2555,sex,woman,0,Memory,none,0.0,0.0
2555,sex,man,1,Elicit,none,0.5,1.0
2555,sex,man,1,Retrieve,none,0.30000000000000004,0.0
2555,sex,man,1,Rank,none,0.1477879725857143,0.0
2555,sex,man,1,Explain,none,0.16666666666666663,0.5
2555,sex,man,1,Memory,none,1.0,1.0
2555,sex,woman,1,Elicit,none,0.5,1.0
2555,sex,woman,1,Retrieve,none,0.30000000000000004,1.0
2555,sex,woman,1,Rank,none,0.29431723030714285,1.0
2555,sex,woman,1,Explain,none,0.16666666666666663,0.5
2555,sex,woman,1,Memory,none,0.5,1.0
2632,sex,man,0,Elicit,none,0.5,1.0
2632,sex,man,0,Retrieve,none,0.25,1.0
2632,sex,man,0,Rank,none,0.3165972339214286,1.0
2632,sex,man,0,Explain,none,0.6,0.6666666666666666
2632,sex,man,0,Memory,none,1.0,1.0
2632,sex,woman,0,Elicit,none,0.5,1.0
2632,sex,woman,0,Retrieve,none,0.23076923076923084,1.0
2632,sex,woman,0,Rank,none,0.44165647735714286,1.0
2632,sex,woman,0,Explain,none,0.6,0.6666666666666666
2632,sex,woman,0,Memory,none,0.5,1.0
2632,sex,man,1,Elicit,none,0.25,1.0
2632,sex,man,1,Retrieve,none,0.125,1.0
2632,sex,man,1,Rank,none,0.12976199999999993,1.0
2632,sex,man,1,Explain,none,1.0,1.0
2632,sex,man,1,Memory,none,0.25,1.0
2632,sex,woman,1,Elicit,none,0.19999999999999996,1.0
2632,sex,woman,1,Retrieve,none,0.0,1.0
2632,sex,woman,1,Rank,none,0.0,1.0
2632,sex,woman,1,Explain,none,0.5,0.5
2632,sex,woman,1,Memory,none,0.25,1.0
2797,sex,man,0,Elicit,Explain,0.33333333333333326,1.0
2797,sex,man,0,Retrieve,Explain,0.05263157894736836,1.0
2797,sex,man,0,Rank,Explain,0.29188928282142856,1.0
2797,sex,man,0,Explain,Explain,0.33333333333333326,1.0
2797,sex,man,0,Memory,Explain,0.0,1.0
2797,sex,woman,0,Elicit,Explain,0.5,1.0
2797,sex,woman,0,Retrieve,Explain,0.16666666666666663,1.0
2797,sex,woman,0,Rank,Explain,0.11046226133571424,1.0
2797,sex,woman,0,Explain,Explain,0.16666666666666663,1.0
2797,sex,woman,0,Memory,Explain,0.0,1.0
2797,sex,man,1,Elicit,Explain,0.19999999999999996,1.0
2797,sex,man,1,Retrieve,Explain,0.11111111111111116,1.0
2797,sex,man,1,Rank,Explain,0.5552272028928571,1.0
2797,sex,man,1,Explain,Explain,1.0,1.0
2797,sex,man,1,Memory,Explain,0.0,1.0
2797,sex,woman,1,Elicit,Explain,0.25,1.0
2797,sex,woman,1,Retrieve,Explain,0.0,1.0
2797,sex,woman,1,Rank,Explain,0.17834348687142854,1.0
2797,sex,woman,1,Explain,Explain,0.1428571428571428,1.0
2797,sex,woman,1,Memory,Explain,0.0,1.0
2809,sex,man,0,Elicit,Elicit,0.33333333333333326,1.0
2809,sex,man,0,Retrieve,Elicit,0.17647058823529416,1.0
2809,sex,man,0,Rank,Elicit,0.4401814952571429,1.0
2809,sex,man,0,Explain,Elicit,0.25,0.5
2809,sex,man,0,Memory,Elicit,0.33333333333333326,1.0
2809,sex,woman,0,Elicit,Elicit,0.33333333333333326,1.0
2809,sex,woman,0,Retrieve,Elicit,0.5,1.0
2809,sex,woman,0,Rank,Elicit,0.46239852625714284,1.0
2809,sex,woman,0,Explain,Elicit,0.6666666666666666,1.0
2809,sex,woman,0,Memory,Elicit,0.33333333333333326,1.0
2809,sex,man,1,Elicit,Elicit,0.33333333333333326,1.0
2809,sex,man,1,Retrieve,Elicit,0.6666666666666666,1.0
2809,sex,man,1,Rank,Elicit,0.6195607696928571,1.0
2809,sex,man,1,Explain,Elicit,1.0,1.0
2809,sex,man,1,Memory,Elicit,0.0,0.0
2809,sex,woman,1,Elicit,Elicit,0.33333333333333326,1.0
2809,sex,woman,1,Retrieve,Elicit,0.5,1.0
2809,sex,woman,1,Rank,Elicit,0.34649601197142865,1.0
2809,sex,woman,1,Explain,Elicit,0.4,0.5
2809,sex,woman,1,Memory,Elicit,0.5,0.5
2810,age,teen,0,Elicit,Explain,0.25,1.0
2810,age,teen,0,Retrieve,Explain,1.0,1.0
2810,age,teen,0,Rank,Explain,0.5576302207928572,1.0
2810,age,teen,0,Explain,Explain,0.19999999999999996,0.33333333333333326
2810,age,teen,0,Memory,Explain,0.25,1.0
2810,age,young,0,Elicit,Explain,1.0,1.0
2810,age,young,0,Retrieve,Explain,1.0,1.0
2810,age,young,0,Rank,Explain,0.6730845131285714,1.0
2810,age,young,0,Explain,Explain,1.0,1.0
2810,age,young,0,Memory,Explain,1.0,1.0
2810,age,adult,0,Elicit,Explain,0.33333333333333326,1.0
2810,age,adult,0,Retrieve,Explain,0.25,1.0
2810,age,adult,0,Rank,Explain,0.6636089320428571,1.0
2810,age,adult,0,Explain,Explain,0.6666666666666666,1.0
2810,age,adult,0,Memory,Explain,0.33333333333333326,1.0
2810,age,teen,1,Elicit,Explain,0.25,1.0
2810,age,teen,1,Retrieve,Explain,0.125,0.0
2810,age,teen,1,Rank,Explain,0.2891086428571428,0.0
2810,age,teen,1,Explain,Explain,1.0,1.0
2810,age,teen,1,Memory,Explain,0.33333333333333326,1.0
2810,age,young,1,Elicit,Explain,0.25,1.0
2810,age,young,1,Retrieve,Explain,0.09090909090909094,0.0
2810,age,young,1,Rank,Explain,0.17478797258571432,0.0
2810,age,young,1,Explain,Explain,0.19999999999999996,0.33333333333333326
2810,age,young,1,Memory,Explain,0.33333333333333326,1.0
2810,age,adult,1,Elicit,Explain,0.25,1.0
2810,age,adult,1,Retrieve,Explain,0.19999999999999996,0.0
2810,age,adult,1,Rank,Explain,0.2702842434357142,0.0
2810,age,adult,1,Explain,Explain,0.5,1.0
2810,age,adult,1,Memory,Explain,0.33333333333333326,1.0
2853,sex,man,0,Elicit,Rank,1.0,1.0
2853,sex,man,0,Retrieve,Rank,1.0,1.0
2853,sex,man,0,Rank,Rank,0.3516415751571429,1.0
2853,sex,man,0,Explain,Rank,0.33333333333333326,0.25
2853,sex,man,0,Memory,Rank,1.0,1.0
2853,sex,woman,0,Elicit,Rank,0.25,1.0
2853,sex,woman,0,Retrieve,Rank,0.6666666666666666,1.0
2853,sex,woman,0,Rank,Rank,0.36751730072142863,1.0
2853,sex,woman,0,Explain,Rank,1.0,1.0
2853,sex,woman,0,Memory,Rank,0.33333333333333326,1.0
2853,sex,man,1,Elicit,Rank,0.6666666666666666,1.0
2853,sex,man,1,Retrieve,Rank,0.6666666666666666,1.0
2853,sex,man,1,Rank,Rank,0.4028002696928572,1.0
2853,sex,man,1,Explain,Rank,0.1428571428571428,0.25
2853,sex,man,1,Memory,Rank,1.0,1.0
2853,sex,woman,1,Elicit,Rank,0.25,1.0
2853,sex,woman,1,Retrieve,Rank,0.33333333333333326,1.0
2853,sex,woman,1,Rank,Rank,0.32368500835714287,1.0
2853,sex,woman,1,Explain,Rank,0.16666666666666663,0.25
2853,sex,woman,1,Memory,Rank,0.5,1.0
2878,age,teen,0,Elicit,Memory,0.33333333333333326,1.0
2878,age,teen,0,Retrieve,Memory,0.25,1.0
2878,age,teen,0,Rank,Memory,0.5191527482071427,0.0
2878,age,teen,0,Explain,Memory,1.0,1.0
2878,age,teen,0,Memory,Memory,0.25,1.0
2878,age,young,0,Elicit,Memory,0.5,1.0
2878,age,young,0,Retrieve,Memory,0.6666666666666666,1.0
2878,age,young,0,Rank,Memory,0.5416564773571428,0.0
2878,age,young,0,Explain,Memory,1.0,1.0
2878,age,young,0,Memory,Memory,0.5,1.0
2878,age,adult,0,Elicit,Memory,0.33333333333333326,1.0
2878,age,adult,0,Retrieve,Memory,0.11111111111111116,1.0
2878,age,adult,0,Rank,Memory,0.1941220357714286,0.55
2878,age,adult,0,Explain,Memory,0.33333333333333326,0.5
2878,age,adult,0,Memory,Memory,0.25,0.5
2878,age,teen,1,Elicit,Memory,0.33333333333333326,1.0
2878,age,teen,1,Retrieve,Memory,1.0,1.0
2878,age,teen,1,Rank,Memory,0.37305258467142854,1.0
2878,age,teen,1,Explain,Memory,0.19999999999999996,0.5
2878,age,teen,1,Memory,Memory,0.33333333333333326,1.0
2878,age,young,1,Elicit,Memory,0.25,1.0
2878,age,young,1,Retrieve,Memory,0.25,1.0
2878,age,young,1,Rank,Memory,0.17576834123571428,1.0
2878,age,young,1,Explain,Memory,0.19999999999999996,0.5
2878,age,young,1,Memory,Memory,0.33333333333333326,1.0
2878,age,adult,1,Elicit,Memory,0.25,1.0
2878,age,adult,1,Retrieve,Memory,1.0,1.0
2878,age,adult,1,Rank,Memory,0.25580378282142857,1.0
2878,age,adult,1,Explain,Memory,0.19999999999999996,0.0
2878,age,adult,1,Memory,Memory,0.33333333333333326,0.5
2890,sex,man,0,Elicit,none,0.33333333333333326,1.0
2890,sex,man,0,Retrieve,none,1.0,1.0
2890,sex,man,0,Rank,none,0.8747157565642858,0.0
2890,sex,man,0,Explain,none,1.0,1.0
2890,sex,man,0,Memory,none,0.0,0.0
2890,sex,woman,0,Elicit,none,0.33333333333333326,1.0
2890,sex,woman,0,Retrieve,none,0.2666666666666666,1.0
2890,sex,woman,0,Rank,none,0.4260880262571429,1.0
2890,sex,woman,0,Explain,none,0.1428571428571428,0.33333333333333326
2890,sex,woman,0,Memory,none,0.25,1.0
2890,sex,man,1,Elicit,none,0.33333333333333326,1.0
2890,sex,man,1,Retrieve,none,0.15384615384615385,1.0
2890,sex,man,1,Rank,none,0.2807465047714286,1.0
2890,sex,man,1,Explain,none,0.1428571428571428,0.33333333333333326
2890,sex,man,1,Memory,none,0.33333333333333326,1.0
2890,sex,woman,1,Elicit,none,0.33333333333333326,1.0
2890,sex,woman,1,Retrieve,none,1.0,1.0
2890,sex,woman,1,Rank,none,0.9330627565642857,0.0
2890,sex,woman,1,Explain,none,1.0,1.0
2890,sex,woman,1,Memory,none,0.33333333333333326,1.0
2894,sex,man,0,Elicit,Retrieve,0.33333333333333326,1.0
2894,sex,man,0,Retrieve,Retrieve,0.5384615384615384,1.0
2894,sex,man,0,Rank,Retrieve,0.5139100083571428,1.0
2894,sex,man,0,Explain,Retrieve,0.4,1.0
2894,sex,man,0,Memory,Retrieve,0.5,1.0
2894,sex,woman,0,Elicit,Retrieve,0.33333333333333326,1.0
2894,sex,woman,0,Retrieve,Retrieve,0.8181818181818182,1.0
2894,sex,woman,0,Rank,Retrieve,0.32012949407142854,1.0
2894,sex,woman,0,Explain,Retrieve,0.16666666666666663,0.33333333333333326
2894,sex,woman,0,Memory,Retrieve,0.5,1.0
2894,sex,man,1,Elicit,Retrieve,0.33333333333333326,1.0
2894,sex,man,1,Retrieve,Retrieve,0.09090909090909094,1.0
2894,sex,man,1,Rank,Retrieve,0.17028424343571424,1.0
2894,sex,man,1,Explain,Retrieve,0.19999999999999996,0.5
2894,sex,man,1,Memory,Retrieve,0.33333333333333326,1.0
2894,sex,woman,1,Elicit,Retrieve,0.33333333333333326,1.0
2894,sex,woman,1,Retrieve,Retrieve,0.09090909090909094,1.0
2894,sex,woman,1,Rank,Retrieve,0.09828424343571429,1.0
2894,sex,woman,1,Explain,Retrieve,0.19999999999999996,0.5
2894,sex,woman,1,Memory,Retrieve,0.33333333333333326,1.0
2949,age,teen,0,Elicit,Explain,0.33333333333333326,1.0
2949,age,teen,0,Retrieve,Explain,0.6363636363636364,1.0
2949,age,teen,0,Rank,Explain,0.5288759988428572,1.0
2949,age,teen,0,Explain,Explain,0.4,0.25
2949,age,teen,0,Memory,Explain,0.25,0.5
2949,age,young,0,Elicit,Explain,0.33333333333333326,1.0
2949,age,young,0,Retrieve,Explain,0.5,1.0
2949,age,young,0,Rank,Explain,0.4032971196428572,1.0
2949,age,young,0,Explain,Explain,0.33333333333333326,0.19999999999999996
2949,age,young,0,Memory,Explain,0.33333333333333326,1.0
2949,age,adult,0,Elicit,Explain,0.33333333333333326,1.0
2949,age,adult,0,Retrieve,Explain,0.6363636363636364,1.0
2949,age,adult,0,Rank,Explain,0.5295594952285714,1.0
2949,age,adult,0,Explain,Explain,0.4,0.33333333333333326
2949,age,adult,0,Memory,Explain,0.33333333333333326,1.0
2949,age,teen,1,Elicit,Explain,1.0,1.0
2949,age,teen,1,Retrieve,Explain,0.6666666666666666,1.0
2949,age,teen,1,Rank,Explain,0.5173345167428572,1.0
2949,age,teen,1,Explain,Explain,0.5,0.5
2949,age,teen,1,Memory,Explain,1.0,1.0
2949,age,young,1,Elicit,Explain,0.33333333333333326,1.0
2949,age,young,1,Retrieve,Explain,0.8181818181818182,1.0
2949,age,young,1,Rank,Explain,0.5953645167428572,1.0
2949,age,young,1,Explain,Explain,0.6666666666666666,1.0
2949,age,young,1,Memory,Explain,0.25,1.0
2949,age,adult,1,Elicit,Explain,0.33333333333333326,1.0
2949,age,adult,1,Retrieve,Explain,0.6666666666666666,1.0
2949,age,adult,1,Rank,Explain,0.5907785131285715,1.0
2949,age,adult,1,Explain,Explain,0.4,1.0
2949,age,adult,1,Memory,Explain,0.33333333333333326,1.0
2991,age,teen,0,Elicit,none,0.5,1.0
2991,age,teen,0,Retrieve,none,0.25,1.0
2991,age,teen,0,Rank,none,0.32613145945714295,1.0
2991,age,teen,0,Explain,none,0.25,0.0
2991,age,teen,0,Memory,none,0.5,1.0
2991,age,young,0,Elicit,none,0.25,1.0
2991,age,young,0,Retrieve,none,0.11111111111111116,1.0
2991,age,young,0,Rank,none,0.41948855367142857,1.0
2991,age,young,0,Explain,none,0.5,0.0
2991,age,young,0,Memory,none,0.25,1.0
2991,age,adult,0,Elicit,none,0.19999999999999996,1.0
2991,age,adult,0,Retrieve,none,0.4285714285714286,1.0
2991,age,adult,0,Rank,none,0.5982807660785715,1.0
2991,age,adult,0,Explain,none,0.5,0.0
2991,age,adult,0,Memory,none,0.19999999999999996,1.0
2991,age,teen,1,Elicit,none,0.5,1.0
2991,age,teen,1,Retrieve,none,0.08333333333333337,0.0
2991,age,teen,1,Rank,none,0.2702842434357142,0.0
2991,age,teen,1,Explain,none,1.0,1.0
2991,age,teen,1,Memory,none,0.5,1.0
2991,age,young,1,Elicit,none,0.5,1.0
2991,age,young,1,Retrieve,none,0.33333333333333326,1.0
2991,age,young,1,Rank,none,0.27358005728571433,0.0
2991,age,young,1,Explain,none,0.25,1.0
2991,age,young,1,Memory,none,1.0,1.0
2991,age,adult,1,Elicit,none,0.33333333333333326,1.0
2991,age,adult,1,Retrieve,none,0.17647058823529416,0.0
2991,age,adult,1,Rank,none,0.18237998687142865,0.0
2991,age,adult,1,Explain,none,0.25,1.0
2991,age,adult,1,Memory,none,0.5,1.0
3023,sex,man,0,Elicit,Explain,0.25,1.0
3023,sex,man,0,Retrieve,Explain,0.8181818181818182,1.0
3023,sex,man,0,Rank,Explain,0.5925765441571429,0.55
3023,sex,man,0,Explain,Explain,1.0,1.0
3023,sex,man,0,Memory,Explain,0.33333333333333326,1.0
3023,sex,woman,0,Elicit,Explain,0.33333333333333326,1.0
3023,sex,woman,0,Retrieve,Explain,1.0,1.0
3023,sex,woman,0,Rank,Explain,0.5159887696928571,0.55
3023,sex,woman,0,Explain,Explain,1.0,1.0
3023,sex,woman,0,Memory,Explain,1.0,1.0
3023,sex,man,1,Elicit,Explain,0.33333333333333326,1.0
3023,sex,man,1,Retrieve,Explain,0.33333333333333326,1.0
3023,sex,man,1,Rank,Explain,0.2999300226428572,0.0
3023,sex,man,1,Explain,Explain,0.4,0.5
3023,sex,man,1,Memory,Explain,0.33333333333333326,1.0
3023,sex,woman,1,Elicit,Explain,0.5,1.0
3023,sex,woman,1,Retrieve,Explain,0.8181818181818182,1.0
3023,sex,woman,1,Rank,Explain,0.32274102625714285,0.0
3023,sex,woman,1,Explain,Explain,0.16666666666666663,0.33333333333333326
3023,sex,woman,1,Memory,Explain,0.5,1.0
3028,sex,man,0,Elicit,none,0.33333333333333326,1.0
3028,sex,man,0,Retrieve,none,1.0,1.0
3028,sex,man,0,Rank,none,0.1888665393857143,1.0
3028,sex,man,0,Explain,none,0.19999999999999996,0.0
3028,sex,man,0,Memory,none,0.33333333333333326,1.0
3028,sex,woman,0,Elicit,none,0.33333333333333326,1.0
3028,sex,woman,0,Retrieve,none,1.0,1.0
3028,sex,woman,0,Rank,none,0.09583779233571432,1.0
3028,sex,woman,0,Explain,none,0.25,0.0
3028,sex,woman,0,Memory,none,0.33333333333333326,1.0
3028,sex,man,1,Elicit,none,0.33333333333333326,1.0
3028,sex,man,1,Retrieve,none,0.33333333333333326,1.0
3028,sex,man,1,Rank,none,0.6692772386928572,1.0
3028,sex,man,1,Explain,none,0.5,0.0
3028,sex,man,1,Memory,none,0.5,1.0
3028,sex,woman,1,Elicit,none,0.33333333333333326,1.0
3028,sex,woman,1,Retrieve,none,0.8181818181818182,1.0
3028,sex,woman,1,Rank,none,0.6834027660785715,1.0
3028,sex,woman,1,Explain,none,0.19999999999999996,0.0
3028,sex,woman,1,Memory,none,0.5,1.0
3046,sex,man,0,Elicit,Elicit,0.5,1.0
3046,sex,man,0,Retrieve,Elicit,0.6666666666666666,1.0
3046,sex,man,0,Rank,Elicit,0.5674052207928572,1.0
3046,sex,man,0,Explain,Elicit,1.0,1.0
3046,sex,man,0,Memory,Elicit,0.33333333333333326,1.0
3046,sex,woman,0,Elicit,Elicit,0.33333333333333326,1.0
3046,sex,woman,0,Retrieve,Elicit,0.6666666666666666,1.0
3046,sex,woman,0,Rank,Elicit,0.34662470650714294,1.0
3046,sex,woman,0,Explain,Elicit,0.19999999999999996,1.0
3046,sex,woman,0,Memory,Elicit,0.33333333333333326,1.0
3046,sex,man,1,Elicit,Elicit,0.33333333333333326,1.0
3046,sex,man,1,Retrieve,Elicit,0.4285714285714286,1.0
3046,sex,man,1,Rank,Elicit,0.3863435226428571,1.0
3046,sex,man,1,Explain,Elicit,0.5,0.5
3046,sex,man,1,Memory,Elicit,0.33333333333333326,0.5
3046,sex,woman,1,Elicit,Elicit,0.33333333333333326,1.0
3046,sex,woman,1,Retrieve,Elicit,0.5384615384615384,1.0
3046,sex,woman,1,Rank,Elicit,0.31991412047142864,1.0
3046,sex,woman,1,Explain,Elicit,0.5,1.0
3046,sex,woman,1,Memory,Elicit,0.33333333333333326,1.0
3072,age,teen,0,Elicit,Explain,0.33333333333333326,1.0
3072,age,teen,0,Retrieve,Explain,0.33333333333333326,1.0
3072,age,teen,0,Rank,Explain,0.5944734916428571,1.0
3072,age,teen,0,Explain,Explain,0.5,1.0
3072,age,teen,0,Memory,Explain,0.33333333333333326,1.0
3072,age,young,0,Elicit,Explain,0.33333333333333326,1.0
3072,age,young,0,Retrieve,Explain,0.33333333333333326,1.0
3072,age,young,0,Rank,Explain,0.3994655226428572,1.0
3072,age,young,0,Explain,Explain,0.25,0.5
3072,age,young,0,Memory,Explain,0.33333333333333326,1.0
3072,age,adult,0,Elicit,Explain,0.33333333333333326,1.0
3072,age,adult,0,Retrieve,Explain,0.4285714285714286,1.0
3072,age,adult,0,Rank,Explain,0.6735887529785715,1.0
3072,age,adult,0,Explain,Explain,1.0,1.0
3072,age,adult,0,Memory,Explain,0.33333333333333326,1.0
3072,age,teen,1,Elicit,Explain,0.33333333333333326,1.0
3072,age,teen,1,Retrieve,Explain,0.33333333333333326,1.0
3072,age,teen,1,Rank,Explain,0.17834348687142854,1.0
3072,age,teen,1,Explain,Explain,0.16666666666666663,0.5
3072,age,teen,1,Memory,Explain,0.33333333333333326,1.0
3072,age,young,1,Elicit,Explain,0.33333333333333326,1.0
3072,age,young,1,Retrieve,Explain,0.33333333333333326,1.0
3072,age,young,1,Rank,Explain,0.23543923030714287,1.0
3072,age,young,1,Explain,Explain,0.25,0.5
3072,age,young,1,Memory,Explain,0.33333333333333326,1.0
3072,age,adult,1,Elicit,Explain,0.33333333333333326,1.0
3072,age,adult,1,Retrieve,Explain,0.33333333333333326,1.0
3072,age,adult,1,Rank,Explain,0.1942507303071429,1.0
3072,age,adult,1,Explain,Explain,0.25,0.5
3072,age,adult,1,Memory,Explain,0.33333333333333326,1.0
3123,sex,man,0,Elicit,none,1.0,1.0
3123,sex,man,0,Retrieve,none,1.0,1.0
3123,sex,man,0,Rank,none,0.3765842971071429,1.0
3123,sex,man,0,Explain,none,0.4,0.33333333333333326
3123,sex,man,0,Memory,none,1.0,1.0
3123,sex,woman,0,Elicit,none,0.33333333333333326,1.0
3123,sex,woman,0,Retrieve,none,0.5384615384615384,1.0
3123,sex,woman,0,Rank,none,0.5471679594571428,1.0
3123,sex,woman,0,Explain,none,0.6666666666666666,1.0
3123,sex,woman,0,Memory,none,0.5,1.0
3123,sex,man,1,Elicit,none,0.33333333333333326,1.0
3123,sex,man,1,Retrieve,none,1.0,1.0
3123,sex,man,1,Rank,none,0.9330627565642857,1.0
3123,sex,man,1,Explain,none,0.6666666666666666,1.0
3123,sex,man,1,Memory,none,1.0,1.0
3123,sex,woman,1,Elicit,none,0.33333333333333326,1.0
3123,sex,woman,1,Retrieve,none,1.0,1.0
3123,sex,woman,1,Rank,none,0.9330627565642857,1.0
3123,sex,woman,1,Explain,none,1.0,1.0
3123,sex,woman,1,Memory,none,1.0,1.0
3159,sex,man,0,Elicit,none,0.5,1.0
3159,sex,man,0,Retrieve,none,0.33333333333333326,0.0
3159,sex,man,0,Rank,none,0.7214613185928571,1.0
3159,sex,man,0,Explain,none,1.0,1.0
3159,sex,man,0,Memory,none,0.25,0.5
3159,sex,woman,0,Elicit,none,0.33333333333333326,1.0
3159,sex,woman,0,Retrieve,none,0.33333333333333326,0.0
3159,sex,woman,0,Rank,none,0.5026758007214286,0.0
3159,sex,woman,0,Explain,none,0.75,0.6666666666666666
3159,sex,woman,0,Memory,none,0.33333333333333326,0.5
3159,sex,man,1,Elicit,none,0.5,1.0
3159,sex,man,1,Retrieve,none,0.8181818181818182,1.0
3159,sex,man,1,Rank,none,0.4776722875928572,0.0
3159,sex,man,1,Explain,none,0.19999999999999996,0.33333333333333326
3159,sex,man,1,Memory,none,1.0,1.0
3159,sex,woman,1,Elicit,none,0.5,1.0
3159,sex,woman,1,Retrieve,none,0.33333333333333326,0.0
3159,sex,woman,1,Rank,none,0.6221644463285714,1.0
3159,sex,woman,1,Explain,none,0.5,0.5
3159,sex,woman,1,Memory,none,0.33333333333333326,0.5
3292,sex,man,0,Elicit,none,0.5,1.0
3292,sex,man,0,Retrieve,none,0.33333333333333326,1.0
3292,sex,man,0,Rank,none,0.2607392482071429,1.0
3292,sex,man,0,Explain,none,0.5,0.5
3292,sex,man,0,Memory,none,0.5,1.0
3292,sex,woman,0,Elicit,none,0.25,1.0
3292,sex,woman,0,Retrieve,none,0.11111111111111116,0.0
3292,sex,woman,0,Rank,none,0.3525513102357143,1.0
3292,sex,woman,0,Explain,none,0.6666666666666666,1.0
3292,sex,woman,0,Memory,none,0.25,1.0
3292,sex,man,1,Elicit,none,0.5,1.0
3292,sex,man,1,Retrieve,none,0.6666666666666666,0.0
3292,sex,man,1,Rank,none,0.7627785131285715,0.0
3292,sex,man,1,Explain,none,1.0,1.0
3292,sex,man,1,Memory,none,0.5,1.0
3292,sex,woman,1,Elicit,none,0.25,1.0
3292,sex,woman,1,Retrieve,none,0.4285714285714286,0.0
3292,sex,woman,1,Rank,none,0.5775947792071428,0.0
3292,sex,woman,1,Explain,none,1.0,1.0
3292,sex,woman,1,Memory,none,0.25,1.0
3316,age,teen,0,Elicit,none,0.25,1.0
3316,age,teen,0,Retrieve,none,0.33333333333333326,0.0
3316,age,teen,0,Rank,none,0.5471679594571428,1.0
3316,age,teen,0,Explain,none,0.4,0.0
3316,age,teen,0,Memory,none,0.25,1.0
3316,age,young,0,Elicit,none,0.25,1.0
3316,age,young,0,Retrieve,none,0.4285714285714286,0.0
3316,age,young,0,Rank,none,0.6038107517928571,1.0
3316,age,young,0,Explain,none,0.4,0.0
3316,age,young,0,Memory,none,0.25,1.0
3316,age,adult,0,Elicit,none,0.25,1.0
3316,age,adult,0,Retrieve,none,0.33333333333333326,0.0
3316,age,adult,0,Rank,none,0.4900722160214285,1.0
3316,age,adult,0,Explain,none,0.4,0.0
3316,age,adult,0,Memory,none,0.25,1.0
3316,age,teen,1,Elicit,none,0.5,1.0
3316,age,teen,1,Retrieve,none,0.8181818181818182,1.0
3316,age,teen,1,Rank,none,0.7220942529785714,1.0
3316,age,teen,1,Explain,none,0.5,0.0
3316,age,teen,1,Memory,none,0.5,1.0
3316,age,young,1,Elicit,none,0.5,1.0
3316,age,young,1,Retrieve,none,0.8181818181818182,1.0
3316,age,young,1,Rank,none,0.6968394988428571,1.0
3316,age,young,1,Explain,none,0.5,0.0
3316,age,young,1,Memory,none,0.5,1.0
3316,age,adult,1,Elicit,none,0.5,1.0
3316,age,adult,1,Retrieve,none,0.8181818181818182,1.0
3316,age,adult,1,Rank,none,0.7314997839785714,1.0
3316,age,adult,1,Explain,none,0.5,0.0
3316,age,adult,1,Memory,none,0.5,1.0
3400,sex,man,0,Elicit,Retrieve,0.33333333333333326,1.0
3400,sex,man,0,Retrieve,Retrieve,0.8181818181818182,0.0
3400,sex,man,0,Rank,Retrieve,0.4196089320428572,1.0
3400,sex,man,0,Explain,Retrieve,0.19999999999999996,0.25
3400,sex,man,0,Memory,Retrieve,0.25,0.5
3400,sex,woman,0,Elicit,Retrieve,0.33333333333333326,1.0
3400,sex,woman,0,Retrieve,Retrieve,0.8181818181818182,1.0
3400,sex,woman,0,Rank,Retrieve,0.4494734916428572,1.0
3400,sex,woman,0,Explain,Retrieve,0.6,0.5
3400,sex,woman,0,Memory,Retrieve,1.0,1.0
3400,sex,man,1,Elicit,Retrieve,1.0,1.0
3400,sex,man,1,Retrieve,Retrieve,0.18181818181818188,1.0
3400,sex,man,1,Rank,Retrieve,0.04950372915000001,1.0
3400,sex,man,1,Explain,Retrieve,0.33333333333333326,0.5
3400,sex,man,1,Memory,Retrieve,1.0,1.0
3400,sex,woman,1,Elicit,Retrieve,0.33333333333333326,1.0
3400,sex,woman,1,Retrieve,Retrieve,1.0,1.0
3400,sex,woman,1,Rank,Retrieve,0.17576834123571428,0.0
3400,sex,woman,1,Explain,Retrieve,0.16666666666666663,0.19999999999999996
3400,sex,woman,1,Memory,Retrieve,0.5,1.0
3466,sex,man,0,Elicit,Retrieve,0.25,1.0
3466,sex,man,0,Retrieve,Retrieve,0.11111111111111116,1.0
3466,sex,man,0,Rank,Retrieve,0.03874204889999999,1.0
3466,sex,man,0,Explain,Retrieve,0.0,0.0
3466,sex,man,0,Memory,Retrieve,0.16666666666666663,0.5
3466,sex,woman,0,Elicit,Retrieve,0.33333333333333326,1.0
3466,sex,woman,0,Retrieve,Retrieve,0.33333333333333326,1.0
3466,sex,woman,0,Rank,Retrieve,0.2849429594571429,1.0
3466,sex,woman,0,Explain,Retrieve,0.25,1.0
3466,sex,woman,0,Memory,Retrieve,0.33333333333333326,1.0
3466,sex,man,1,Elicit,Retrieve,0.25,1.0
3466,sex,man,1,Retrieve,Retrieve,0.11764705882352944,1.0
3466,sex,man,1,Rank,Retrieve,0.04352501789999996,1.0
3466,sex,man,1,Explain,Retrieve,0.5,0.5
3466,sex,man,1,Memory,Retrieve,0.25,1.0
3466,sex,woman,1,Elicit,Retrieve,0.25,1.0
3466,sex,woman,1,Retrieve,Retrieve,0.11764705882352944,1.0
3466,sex,woman,1,Rank,Retrieve,0.05709574343571433,1.0
3466,sex,woman,1,Explain,Retrieve,0.0,0.0
3466,sex,woman,1,Memory,Retrieve,0.19999999999999996,0.5
3573,age,teen,0,Elicit,Elicit,0.33333333333333326,1.0
3573,age,teen,0,Retrieve,Elicit,0.8181818181818182,1.0
3573,age,teen,0,Rank,Elicit,0.36766979710714287,1.0
3573,age,teen,0,Explain,Elicit,0.16666666666666663,0.33333333333333326
3573,age,teen,0,Memory,Elicit,0.33333333333333326,1.0
3573,age,young,0,Elicit,Elicit,0.5,1.0
3573,age,young,0,Retrieve,Elicit,1.0,1.0
3573,age,young,0,Rank,Elicit,0.48084725179285726,1.0
3573,age,young,0,Explain,Elicit,0.19999999999999996,0.5
3573,age,young,0,Memory,Elicit,0.5,1.0
3573,age,adult,0,Elicit,Elicit,0.5,1.0
3573,age,adult,0,Retrieve,Elicit,1.0,1.0
3573,age,adult,0,Rank,Elicit,0.5461405751571429,1.0
3573,age,adult,0,Explain,Elicit,0.19999999999999996,0.5
3573,age,adult,0,Memory,Elicit,1.0,1.0
3573,age,teen,1,Elicit,Elicit,0.33333333333333326,1.0
3573,age,teen,1,Retrieve,Elicit,0.2857142857142857,1.0
3573,age,teen,1,Rank,Elicit,0.2795587685357144,1.0
3573,age,teen,1,Explain,Elicit,0.16666666666666663,0.25
3573,age,teen,1,Memory,Elicit,0.25,0.5
3573,age,young,1,Elicit,Elicit,0.33333333333333326,1.0
3573,age,young,1,Retrieve,Elicit,0.2857142857142857,1.0
3573,age,young,1,Rank,Elicit,0.3120935047714286,1.0
3573,age,young,1,Explain,Elicit,0.16666666666666663,0.33333333333333326
3573,age,young,1,Memory,Elicit,0.5,1.0
3573,age,adult,1,Elicit,Elicit,0.33333333333333326,1.0
3573,age,adult,1,Retrieve,Elicit,0.2857142857142857,1.0
3573,age,adult,1,Rank,Elicit,0.35681426492142854,1.0
3573,age,adult,1,Explain,Elicit,0.16666666666666663,0.33333333333333326
3573,age,adult,1,Memory,Elicit,0.33333333333333326,1.0
3604,sex,man,0,Elicit,Explain,0.33333333333333326,1.0
3604,sex,man,0,Retrieve,Explain,0.3571428571428572,1.0
3604,sex,man,0,Rank,Explain,0.35188020289285715,1.0
3604,sex,man,0,Explain,Explain,0.25,1.0
3604,sex,man,0,Memory,Explain,0.33333333333333326,1.0
3604,sex,woman,0,Elicit,Explain,0.33333333333333326,1.0
3604,sex,woman,0,Retrieve,Explain,0.25,1.0
3604,sex,woman,0,Rank,Explain,0.03874204889999999,1.0
3604,sex,woman,0,Explain,Explain,0.4,1.0
3604,sex,woman,0,Memory,Explain,0.33333333333333326,1.0
3604,sex,man,1,Elicit,Explain,0.33333333333333326,1.0
3604,sex,man,1,Retrieve,Explain,0.17647058823529416,1.0
3604,sex,man,1,Rank,Explain,0.5459679916428571,1.0
3604,sex,man,1,Explain,Explain,0.75,1.0
3604,sex,man,1,Memory,Explain,0.5,1.0
3604,sex,woman,1,Elicit,Explain,0.33333333333333326,1.0
3604,sex,woman,1,Retrieve,Explain,0.25,1.0
3604,sex,woman,1,Rank,Explain,0.4799312971071429,1.0
3604,sex,woman,1,Explain,Explain,1.0,1.0
3604,sex,woman,1,Memory,Explain,1.0,1.0
3667,sex,man,0,Elicit,Elicit,0.5,1.0
3667,sex,man,0,Retrieve,Elicit,0.125,1.0
3667,sex,man,0,Rank,Elicit,0.08576164285714283,1.0
3667,sex,man,0,Explain,Elicit,0.33333333333333326,0.5
3667,sex,man,0,Memory,Elicit,0.5,1.0
3667,sex,woman,0,Elicit,Elicit,0.5,1.0
3667,sex,woman,0,Retrieve,Elicit,0.8571428571428571,1.0
3667,sex,woman,0,Rank,Elicit,0.8788548571428572,1.0
3667,sex,woman,0,Explain,Elicit,1.0,1.0
3667,sex,woman,0,Memory,Elicit,0.5,1.0
3667,sex,man,1,Elicit,Elicit,0.33333333333333326,1.0
3667,sex,man,1,Retrieve,Elicit,0.16666666666666663,1.0
3667,sex,man,1,Rank,Elicit,0.14944500000000005,1.0
3667,sex,man,1,Explain,Elicit,0.33333333333333326,0.5
3667,sex,man,1,Memory,Elicit,0.0,0.0
3667,sex,woman,1,Elicit,Elicit,0.33333333333333326,1.0
3667,sex,woman,1,Retrieve,Elicit,0.8333333333333334,1.0
3667,sex,woman,1,Rank,Elicit,0.798238,1.0
3667,sex,woman,1,Explain,Elicit,1.0,1.0
3667,sex,woman,1,Memory,Elicit,1.0,1.0
3677,sex,man,0,Elicit,Retrieve,0.5,1.0
3677,sex,man,0,Retrieve,Retrieve,0.7142857142857143,1.0
3677,sex,man,0,Rank,Retrieve,0.5937827142857143,1.0
3677,sex,man,0,Explain,Retrieve,0.25,1.0
3677,sex,man,0,Memory,Retrieve,0.5,1.0
3677,sex,woman,0,Elicit,Retrieve,0.33333333333333326,1.0
3677,sex,woman,0,Retrieve,Retrieve,0.33333333333333326,1.0
3677,sex,woman,0,Rank,Retrieve,0.49788999999999994,1.0
3677,sex,woman,0,Explain,Retrieve,1.0,1.0
3677,sex,woman,0,Memory,Retrieve,0.33333333333333326,1.0
3677,sex,man,1,Elicit,Retrieve,0.25,1.0
3677,sex,man,1,Retrieve,Retrieve,0.19999999999999996,1.0
3677,sex,man,1,Rank,Retrieve,0.0,1.0
3677,sex,man,1,Explain,Retrieve,0.0,0.0
3677,sex,man,1,Memory,Retrieve,0.33333333333333326,1.0
3677,sex,woman,1,Elicit,Retrieve,0.25,1.0
3677,sex,woman,1,Retrieve,Retrieve,0.33333333333333326,1.0
3677,sex,woman,1,Rank,Retrieve,0.44999999999999996,1.0
3677,sex,woman,1,Explain,Retrieve,0.25,0.0
3677,sex,woman,1,Memory,Retrieve,0.25,1.0
3707,age,teen,0,Elicit,none,0.25,1.0
3707,age,teen,0,Retrieve,none,0.75,1.0
3707,age,teen,0,Rank,none,0.49363974642857145,1.0
3707,age,teen,0,Explain,none,0.16666666666666663,0.25
3707,age,teen,0,Memory,none,0.33333333333333326,1.0
3707,age,young,0,Elicit,none,0.25,1.0
3707,age,young,0,Retrieve,none,0.75,1.0
3707,age,young,0,Rank,none,0.5206397464285715,1.0
3707,age,young,0,Explain,none,0.33333333333333326,0.5
3707,age,young,0,Memory,none,0.33333333333333326,1.0
3707,age,adult,0,Elicit,none,0.6666666666666666,1.0
3707,age,adult,0,Retrieve,none,0.8,1.0
3707,age,adult,0,Rank,none,0.5464382076642857,1.0
3707,age,adult,0,Explain,none,0.16666666666666663,0.25
3707,age,adult,0,Memory,none,1.0,1.0
3707,age,teen,1,Elicit,none,0.5,1.0
3707,age,teen,1,Retrieve,none,1.0,1.0
3707,age,teen,1,Rank,none,0.6524602601785715,1.0
3707,age,teen,1,Explain,none,0.16666666666666663,0.25
3707,age,teen,1,Memory,none,0.5,1.0
3707,age,young,1,Elicit,none,0.5,1.0
3707,age,young,1,Retrieve,none,0.6666666666666666,1.0
3707,age,young,1,Rank,none,0.6233242676785715,1.0
3707,age,young,1,Explain,none,0.6666666666666666,1.0
3707,age,young,1,Memory,none,0.5,1.0
3707,age,adult,1,Elicit,none,0.33333333333333326,1.0
3707,age,adult,1,Retrieve,none,0.8,1.0
3707,age,adult,1,Rank,none,0.5478968732142857,1.0
3707,age,adult,1,Explain,none,0.16666666666666663,0.25
3707,age,adult,1,Memory,none,1.0,1.0
3744,sex,man,0,Elicit,Memory,0.25,1.0
3744,sex,man,0,Retrieve,Memory,0.30000000000000004,1.0
3744,sex,man,0,Rank,Memory,0.24076123232142854,1.0
3744,sex,man,0,Explain,Memory,0.16666666666666663,1.0
3744,sex,man,0,Memory,Memory,0.0,1.0
3744,sex,woman,0,Elicit,Memory,0.33333333333333326,1.0
3744,sex,woman,0,Retrieve,Memory,0.07692307692307687,1.0
3744,sex,woman,0,Rank,Memory,0.08005924343571424,1.0
3744,sex,woman,0,Explain,Memory,0.5,1.0
3744,sex,woman,0,Memory,Memory,0.0,0.0
3744,sex,man,1,Elicit,Memory,0.5,1.0
3744,sex,man,1,Retrieve,Memory,0.19999999999999996,1.0
3744,sex,man,1,Rank,Memory,0.5191527482071427,1.0
3744,sex,man,1,Explain,Memory,1.0,1.0
3744,sex,man,1,Memory,Memory,0.5,1.0
3744,sex,woman,1,Elicit,Memory,0.5,1.0
3744,sex,woman,1,Retrieve,Memory,0.3846153846153846,1.0
3744,sex,woman,1,Rank,Memory,0.5081264916428572,1.0
3744,sex,woman,1,Explain,Memory,0.5,0.5
3744,sex,woman,1,Memory,Memory,0.33333333333333326,1.0
3782,age,teen,0,Elicit,Explain,0.33333333333333326,1.0
3782,age,teen,0,Retrieve,Explain,0.3076923076923077,1.0
3782,age,teen,0,Rank,Explain,0.37056497374285713,1.0
3782,age,teen,0,Explain,Explain,1.0,1.0
3782,age,teen,0,Memory,Explain,0.33333333333333326,1.0
3782,age,young,0,Elicit,Explain,0.5,1.0
3782,age,young,0,Retrieve,Explain,0.5384615384615384,1.0
3782,age,young,0,Rank,Explain,0.3736929773571429,1.0
3782,age,young,0,Explain,Explain,0.6666666666666666,1.0
3782,age,young,0,Memory,Explain,0.5,1.0
3782,age,adult,0,Elicit,Explain,0.5,1.0
3782,age,adult,0,Retrieve,Explain,0.2666666666666666,1.0
3782,age,adult,0,Rank,Explain,0.3895131886071429,1.0
3782,age,adult,0,Explain,Explain,0.19999999999999996,1.0
3782,age,adult,0,Memory,Explain,0.5,1.0
3782,age,teen,1,Elicit,Explain,1.0,1.0
3782,age,teen,1,Retrieve,Explain,1.0,1.0
3782,age,teen,1,Rank,Explain,0.9429042565642858,1.0
3782,age,teen,1,Explain,Explain,1.0,1.0
3782,age,teen,1,Memory,Explain,0.0,0.0
3782,age,young,1,Elicit,Explain,0.33333333333333326,1.0
3782,age,young,1,Retrieve,Explain,0.125,1.0
3782,age,young,1,Rank,Explain,0.03874204889999999,1.0
3782,age,young,1,Explain,Explain,0.33333333333333326,1.0
3782,age,young,1,Memory,Explain,0.33333333333333326,1.0
3782,age,adult,1,Elicit,Explain,0.25,1.0
3782,age,adult,1,Retrieve,Explain,0.25,1.0
3782,age,adult,1,Rank,Explain,0.08824577805,1.0
3782,age,adult,1,Explain,Explain,0.5,0.5
3782,age,adult,1,Memory,Explain,0.25,1.0
3861,sex,man,0,Elicit,none,0.33333333333333326,1.0
3861,sex,man,0,Retrieve,none,0.33333333333333326,1.0
3861,sex,man,0,Rank,none,0.7912534952285712,0.0
3861,sex,man,0,Explain,none,1.0,1.0
3861,sex,man,0,Memory,none,0.33333333333333326,1.0
3861,sex,woman,0,Elicit,none,0.33333333333333326,1.0
3861,sex,woman,0,Retrieve,none,0.05263157894736836,1.0
3861,sex,woman,0,Rank,none,0.5031661886071429,0.0
3861,sex,woman,0,Explain,none,1.0,1.0
3861,sex,woman,0,Memory,none,0.0,0.0
3861,sex,man,1,Elicit,none,0.5,1.0
3861,sex,man,1,Retrieve,none,0.8181818181818182,1.0
3861,sex,man,1,Rank,none,0.5656894642285715,0.0
3861,sex,man,1,Explain,none,0.6666666666666666,0.5
3861,sex,man,1,Memory,none,0.5,1.0
3861,sex,woman,1,Elicit,none,0.33333333333333326,1.0
3861,sex,woman,1,Retrieve,none,0.33333333333333326,0.0
3861,sex,woman,1,Rank,none,0.20630005367142856,1.0
3861,sex,woman,1,Explain,none,0.19999999999999996,0.5
3861,sex,woman,1,Memory,none,0.33333333333333326,1.0
3865,sex,man,0,Elicit,Retrieve,0.6666666666666666,1.0
3865,sex,man,0,Retrieve,Retrieve,0.3846153846153846,1.0
3865,sex,man,0,Rank,Retrieve,0.6004522028928572,1.0
3865,sex,man,0,Explain,Retrieve,1.0,1.0
3865,sex,man,0,Memory,Retrieve,1.0,1.0
3865,sex,woman,0,Elicit,Retrieve,0.6666666666666666,1.0
3865,sex,woman,0,Retrieve,Retrieve,1.0,1.0
3865,sex,woman,0,Rank,Retrieve,0.7110669606142856,1.0
3865,sex,woman,0,Explain,Retrieve,1.0,1.0
3865,sex,woman,0,Memory,Retrieve,1.0,1.0
3865,sex,man,1,Elicit,Retrieve,0.6666666666666666,1.0
3865,sex,man,1,Retrieve,Retrieve,0.25,1.0
3865,sex,man,1,Rank,Retrieve,0.1623263102357143,1.0
3865,sex,man,1,Explain,Retrieve,0.4,0.25
3865,sex,man,1,Memory,Retrieve,0.6666666666666666,1.0
3865,sex,woman,1,Elicit,Retrieve,0.5,1.0
3865,sex,woman,1,Retrieve,Retrieve,0.4285714285714286,1.0
3865,sex,woman,1,Rank,Retrieve,0.4686564773571429,1.0
3865,sex,woman,1,Explain,Retrieve,0.4,0.33333333333333326
3865,sex,woman,1,Memory,Retrieve,0.5,1.0
3881,sex,man,0,Elicit,Rank,0.33333333333333326,1.0
3881,sex,man,0,Retrieve,Rank,0.25,1.0
3881,sex,man,0,Rank,Rank,0.27968746307142855,0.0
3881,sex,man,0,Explain,Rank,0.0,0.0
3881,sex,man,0,Memory,Rank,0.33333333333333326,1.0
3881,sex,woman,0,Elicit,Rank,1.0,1.0
3881,sex,woman,0,Retrieve,Rank,0.8181818181818182,1.0
3881,sex,woman,0,Rank,Rank,0.5367990894428571,0.0
3881,sex,woman,0,Explain,Rank,0.5,1.0
3881,sex,woman,0,Memory,Rank,1.0,1.0
3881,sex,man,1,Elicit,Rank,0.33333333333333326,1.0
3881,sex,man,1,Retrieve,Rank,1.0,1.0
3881,sex,man,1,Rank,Rank,0.5260880262571429,1.0
3881,sex,man,1,Explain,Rank,1.0,1.0
3881,sex,man,1,Memory,Rank,0.33333333333333326,1.0
3881,sex,woman,1,Elicit,Rank,1.0,1.0
3881,sex,woman,1,Retrieve,Rank,0.6666666666666666,1.0
3881,sex,woman,1,Rank,Rank,0.5063442350785714,1.0
3881,sex,woman,1,Explain,Rank,0.16666666666666663,0.33333333333333326
3881,sex,woman,1,Memory,Rank,1.0,1.0
3916,age,teen,0,Elicit,Retrieve,0.33333333333333326,1.0
3916,age,teen,0,Retrieve,Retrieve,0.17647058823529416,0.5
3916,age,teen,0,Rank,Retrieve,0.3605947792071429,0.0
3916,age,teen,0,Explain,Retrieve,0.33333333333333326,1.0
3916,age,teen,0,Memory,Retrieve,0.33333333333333326,1.0
3916,age,young,0,Elicit,Retrieve,0.5,1.0
3916,age,young,0,Retrieve,Retrieve,0.5,1.0
3916,age,young,0,Rank,Retrieve,0.4536624594571428,0.0
3916,age,young,0,Explain,Retrieve,1.0,1.0
3916,age,young,0,Memory,Retrieve,0.5,1.0
3916,age,adult,0,Elicit,Retrieve,0.5,1.0
3916,age,adult,0,Retrieve,Retrieve,0.33333333333333326,1.0
3916,age,adult,0,Rank,Retrieve,0.20630005367142856,0.0
3916,age,adult,0,Explain,Retrieve,0.25,0.5
3916,age,adult,0,Memory,Retrieve,0.5,1.0
3916,age,teen,1,Elicit,Retrieve,0.33333333333333326,1.0
3916,age,teen,1,Retrieve,Retrieve,0.33333333333333326,1.0
3916,age,teen,1,Rank,Retrieve,0.03874204889999999,0.0
3916,age,teen,1,Explain,Retrieve,0.0,0.0
3916,age,teen,1,Memory,Retrieve,0.33333333333333326,0.5
3916,age,young,1,Elicit,Retrieve,0.5,1.0
3916,age,young,1,Retrieve,Retrieve,0.33333333333333326,1.0
3916,age,young,1,Rank,Retrieve,0.6127827171785715,0.55
3916,age,young,1,Explain,Retrieve,1.0,1.0
3916,age,young,1,Memory,Retrieve,0.5,1.0
3916,age,adult,1,Elicit,Retrieve,0.33333333333333326,1.0
3916,age,adult,1,Retrieve,Retrieve,0.33333333333333326,1.0
3916,age,adult,1,Rank,Retrieve,0.6095022171785714,0.55
3916,age,adult,1,Explain,Retrieve,1.0,1.0
3916,age,adult,1,Memory,Retrieve,0.5,1.0
3927,sex,man,0,Elicit,Retrieve,0.33333333333333326,1.0
3927,sex,man,0,Retrieve,Retrieve,0.4285714285714286,1.0
3927,sex,man,0,Rank,Retrieve,0.28117207157142865,1.0
3927,sex,man,0,Explain,Retrieve,0.25,0.5
3927,sex,man,0,Memory,Retrieve,0.33333333333333326,0.5
3927,sex,woman,0,Elicit,Retrieve,0.5,1.0
3927,sex,woman,0,Retrieve,Retrieve,1.0,1.0
3927,sex,woman,0,Rank,Retrieve,0.7219210894428572,1.0
3927,sex,woman,0,Explain,Retrieve,1.0,1.0
3927,sex,woman,0,Memory,Retrieve,0.5,1.0
3927,sex,man,1,Elicit,Retrieve,0.33333333333333326,1.0
3927,sex,man,1,Retrieve,Retrieve,0.4285714285714286,1.0
3927,sex,man,1,Rank,Retrieve,0.5084431754785714,1.0
3927,sex,man,1,Explain,Retrieve,0.16666666666666663,0.33333333333333326
3927,sex,man,1,Memory,Retrieve,0.5,1.0
3927,sex,woman,1,Elicit,Retrieve,0.33333333333333326,1.0
3927,sex,woman,1,Retrieve,Retrieve,0.4285714285714286,1.0
3927,sex,woman,1,Rank,Retrieve,0.7994632839785714,1.0
3927,sex,woman,1,Explain,Retrieve,0.6666666666666666,1.0
3927,sex,woman,1,Memory,Retrieve,0.33333333333333326,1.0
3940,age,teen,0,Elicit,Retrieve,0.33333333333333326,1.0
3940,age,teen,0,Retrieve,Retrieve,0.25,0.0
3940,age,teen,0,Rank,Retrieve,0.5978320405428572,1.0
3940,age,teen,0,Explain,Retrieve,1.0,1.0
3940,age,teen,0,Memory,Retrieve,0.0,0.0
3940,age,young,0,Elicit,Retrieve,1.0,1.0
3940,age,young,0,Retrieve,Retrieve,0.19999999999999996,1.0
3940,age,young,0,Rank,Retrieve,0.2702842434357142,0.0
3940,age,young,0,Explain,Retrieve,1.0,1.0
3940,age,young,0,Memory,Retrieve,0.5,1.0
3940,age,adult,0,Elicit,Retrieve,0.33333333333333326,1.0
3940,age,adult,0,Retrieve,Retrieve,0.33333333333333326,1.0
3940,age,adult,0,Rank,Retrieve,0.5191527482071427,0.0
3940,age,adult,0,Explain,Retrieve,0.5,1.0
3940,age,adult,0,Memory,Retrieve,0.33333333333333326,1.0
3940,age,teen,1,Elicit,Retrieve,0.33333333333333326,1.0
3940,age,teen,1,Retrieve,Retrieve,0.33333333333333326,0.0
3940,age,teen,1,Rank,Retrieve,0.26856848687142854,0.0
3940,age,teen,1,Explain,Retrieve,0.19999999999999996,0.33333333333333326
3940,age,teen,1,Memory,Retrieve,0.33333333333333326,1.0
3940,age,young,1,Elicit,Retrieve,0.25,1.0
3940,age,young,1,Retrieve,Retrieve,0.1428571428571428,0.0
3940,age,young,1,Rank,Retrieve,0.3525513102357143,0.0
3940,age,young,1,Explain,Retrieve,0.5,1.0
3940,age,young,1,Memory,Retrieve,0.25,1.0
3940,age,adult,1,Elicit,Retrieve,0.33333333333333326,1.0
3940,age,adult,1,Retrieve,Retrieve,0.1428571428571428,0.0
3940,age,adult,1,Rank,Retrieve,0.4900722160214285,0.0
3940,age,adult,1,Explain,Retrieve,1.0,1.0
3940,age,adult,1,Memory,Retrieve,0.33333333333333326,1.0
4063,age,teen,0,Elicit,none,0.5,1.0
4063,age,teen,0,Retrieve,none,0.6666666666666666,1.0
4063,age,teen,0,Rank,none,0.2863592971071429,1.0
4063,age,teen,0,Explain,none,0.19999999999999996,0.5
4063,age,teen,0,Memory,none,0.5,1.0
4063,age,young,0,Elicit,none,0.5,1.0
4063,age,young,0,Retrieve,none,0.11111111111111116,1.0
4063,age,young,0,Rank,none,0.5086545119714285,1.0
4063,age,young,0,Explain,none,1.0,1.0
4063,age,young,0,Memory,none,0.5,1.0
4063,age,adult,0,Elicit,none,0.5,1.0
4063,age,adult,0,Retrieve,none,0.6666666666666666,1.0
4063,age,adult,0,Rank,none,0.42057654415714285,1.0
4063,age,adult,0,Explain,none,0.25,0.5
4063,age,adult,0,Memory,none,0.5,1.0
4063,age,teen,1,Elicit,none,0.25,1.0
4063,age,teen,1,Retrieve,none,0.19999999999999996,1.0
4063,age,teen,1,Rank,none,0.18237998687142865,1.0
4063,age,teen,1,Explain,none,0.25,1.0
4063,age,teen,1,Memory,none,0.33333333333333326,1.0
4063,age,young,1,Elicit,none,0.25,1.0
4063,age,young,1,Retrieve,none,0.5384615384615384,1.0
4063,age,young,1,Rank,none,0.5556869737428571,0.0
4063,age,young,1,Explain,none,1.0,1.0
4063,age,young,1,Memory,none,0.5,1.0
4063,age,adult,1,Elicit,none,0.25,1.0
4063,age,adult,1,Retrieve,none,0.33333333333333326,1.0
4063,age,adult,1,Rank,none,0.3980855715428572,1.0
4063,age,adult,1,Explain,none,0.33333333333333326,1.0
4063,age,adult,1,Memory,none,0.5,1.0
4086,age,teen,0,Elicit,Memory,0.33333333333333326,1.0
4086,age,teen,0,Retrieve,Memory,0.33333333333333326,0.0
4086,age,teen,0,Rank,Memory,0.23005503938571437,0.0
4086,age,teen,0,Explain,Memory,0.1428571428571428,0.25
4086,age,teen,0,Memory,Memory,0.5,1.0
4086,age,young,0,Elicit,Memory,0.5,1.0
4086,age,young,0,Retrieve,Memory,0.05263157894736836,0.0
4086,age,young,0,Rank,Memory,0.11046226133571424,1.0
4086,age,young,0,Explain,Memory,0.16666666666666663,0.25
4086,age,young,0,Memory,Memory,1.0,1.0
4086,age,adult,0,Elicit,Memory,0.33333333333333326,1.0
4086,age,adult,0,Retrieve,Memory,0.25,1.0
4086,age,adult,0,Rank,Memory,0.1888665393857143,0.0
4086,age,adult,0,Explain,Memory,0.16666666666666663,0.33333333333333326
4086,age,adult,0,Memory,Memory,0.25,0.5
4086,age,teen,1,Elicit,Memory,0.5,1.0
4086,age,teen,1,Retrieve,Memory,1.0,1.0
4086,age,teen,1,Rank,Memory,0.23239155728571426,0.0
4086,age,teen,1,Explain,Memory,0.25,0.33333333333333326
4086,age,teen,1,Memory,Memory,0.0,0.0
4086,age,young,1,Elicit,Memory,0.5,1.0
4086,age,young,1,Retrieve,Memory,1.0,1.0
4086,age,young,1,Rank,Memory,0.32063733533571437,0.0
4086,age,young,1,Explain,Memory,0.19999999999999996,0.33333333333333326
4086,age,young,1,Memory,Memory,0.0,0.0
4086,age,adult,1,Elicit,Memory,0.5,1.0
4086,age,adult,1,Retrieve,Memory,1.0,1.0
4086,age,adult,1,Rank,Memory,0.42936430069285714,1.0
4086,age,adult,1,Explain,Memory,0.33333333333333326,1.0
4086,age,adult,1,Memory,Memory,0.0,0.0
4104,age,teen,0,Elicit,Explain,0.33333333333333326,1.0
4104,age,teen,0,Retrieve,Explain,0.6666666666666666,1.0
4104,age,teen,0,Rank,Explain,0.35887099525714294,1.0
4104,age,teen,0,Explain,Explain,0.33333333333333326,0.5
4104,age,teen,0,Memory,Explain,0.33333333333333326,1.0
4104,age,young,0,Elicit,Explain,0.33333333333333326,1.0
4104,age,young,0,Retrieve,Explain,0.25,1.0
4104,age,young,0,Rank,Explain,0.5913095131285715,1.0
4104,age,young,0,Explain,Explain,0.4,0.25
4104,age,young,0,Memory,Explain,0.33333333333333326,1.0
4104,age,adult,0,Elicit,Explain,0.33333333333333326,1.0
4104,age,adult,0,Retrieve,Explain,0.8181818181818182,1.0
4104,age,adult,0,Rank,Explain,0.5010845131285715,0.0
4104,age,adult,0,Explain,Explain,0.5,0.33333333333333326
4104,age,adult,0,Memory,Explain,0.33333333333333326,1.0
4104,age,teen,1,Elicit,Explain,0.33333333333333326,1.0
4104,age,teen,1,Retrieve,Explain,0.5384615384615384,1.0
4104,age,teen,1,Rank,Explain,0.39332468860714287,1.0
4104,age,teen,1,Explain,Explain,0.33333333333333326,0.25
4104,age,teen,1,Memory,Explain,0.5,1.0
4104,age,young,1,Elicit,Explain,0.5,1.0
4104,age,young,1,Retrieve,Explain,0.4285714285714286,0.0
4104,age,young,1,Rank,Explain,0.39448926610714286,0.0
4104,age,young,1,Explain,Explain,0.4,0.25
4104,age,young,1,Memory,Explain,0.33333333333333326,0.5
4104,age,adult,1,Elicit,Explain,0.33333333333333326,1.0
4104,age,adult,1,Retrieve,Explain,0.6666666666666666,1.0
4104,age,adult,1,Rank,Explain,0.38587099525714286,0.0
4104,age,adult,1,Explain,Explain,0.33333333333333326,0.5
4104,age,adult,1,Memory,Explain,0.25,0.33333333333333326
4145,age,teen,0,Elicit,Rank,0.5,1.0
4145,age,teen,0,Retrieve,Rank,0.33333333333333326,1.0
4145,age,teen,0,Rank,Rank,0.27418127920714286,1.0
4145,age,teen,0,Explain,Rank,0.19999999999999996,0.0
4145,age,teen,0,Memory,Rank,0.5,1.0
4145,age,young,0,Elicit,Rank,0.5,1.0
4145,age,young,0,Retrieve,Rank,0.2727272727272727,1.0
4145,age,young,0,Rank,Rank,0.20396353577142856,1.0
4145,age,young,0,Explain,Rank,0.19999999999999996,0.0
4145,age,young,0,Memory,Rank,0.5,1.0
4145,age,adult,0,Elicit,Rank,0.5,1.0
4145,age,adult,0,Retrieve,Rank,0.33333333333333326,1.0
4145,age,adult,0,Rank,Rank,0.31609299407142855,1.0
4145,age,adult,0,Explain,Rank,0.19999999999999996,0.0
4145,age,adult,0,Memory,Rank,0.5,1.0
4145,age,teen,1,Elicit,Rank,0.33333333333333326,1.0
4145,age,teen,1,Retrieve,Rank,0.2857142857142857,1.0
4145,age,teen,1,Rank,Rank,0.49788999999999994,1.0
4145,age,teen,1,Explain,Rank,1.0,1.0
4145,age,teen,1,Memory,Rank,0.33333333333333326,1.0
4145,age,young,1,Elicit,Rank,1.0,1.0
4145,age,young,1,Retrieve,Rank,0.125,1.0
4145,age,young,1,Rank,Rank,0.321445,1.0
4145,age,young,1,Explain,Rank,1.0,1.0
4145,age,young,1,Memory,Rank,1.0,1.0
4145,age,adult,1,Elicit,Rank,0.25,1.0
4145,age,adult,1,Retrieve,Rank,0.4444444444444444,1.0
4145,age,adult,1,Rank,Rank,0.5337350071428572,1.0
4145,age,adult,1,Explain,Rank,1.0,1.0
4145,age,adult,1,Memory,Rank,0.33333333333333326,1.0
4153,age,teen,0,Elicit,Retrieve,0.33333333333333326,1.0
4153,age,teen,0,Retrieve,Retrieve,1.0,1.0
4153,age,teen,0,Rank,Retrieve,0.2484087339214286,1.0
4153,age,teen,0,Explain,Retrieve,0.16666666666666663,0.0
4153,age,teen,0,Memory,Retrieve,0.33333333333333326,1.0
4153,age,young,0,Elicit,Retrieve,0.33333333333333326,1.0
4153,age,young,0,Retrieve,Retrieve,0.19999999999999996,1.0
4153,age,young,0,Rank,Retrieve,0.3545477971071429,1.0
4153,age,young,0,Explain,Retrieve,0.19999999999999996,0.0
4153,age,young,0,Memory,Retrieve,0.33333333333333326,1.0
4153,age,adult,0,Elicit,Retrieve,0.33333333333333326,1.0
4153,age,adult,0,Retrieve,Retrieve,0.1333333333333333,1.0
4153,age,adult,0,Rank,Retrieve,0.24886850477142852,1.0
4153,age,adult,0,Explain,Retrieve,0.19999999999999996,0.0
4153,age,adult,0,Memory,Retrieve,0.33333333333333326,1.0
4153,age,teen,1,Elicit,Retrieve,0.33333333333333326,1.0
4153,age,teen,1,Retrieve,Retrieve,0.11111111111111116,1.0
4153,age,teen,1,Rank,Retrieve,0.14180926133571425,1.0
4153,age,teen,1,Explain,Retrieve,0.33333333333333326,0.0
4153,age,teen,1,Memory,Retrieve,0.33333333333333326,1.0
4153,age,young,1,Elicit,Retrieve,0.33333333333333326,1.0
4153,age,young,1,Retrieve,Retrieve,0.11111111111111116,1.0
4153,age,young,1,Rank,Retrieve,0.14180926133571425,1.0
4153,age,young,1,Explain,Retrieve,0.33333333333333326,0.33333333333333326
4153,age,young,1,Memory,Retrieve,0.33333333333333326,1.0
4153,age,adult,1,Elicit,Retrieve,0.33333333333333326,1.0
4153,age,adult,1,Retrieve,Retrieve,0.25,1.0
4153,age,adult,1,Rank,Retrieve,0.2534672649214287,1.0
4153,age,adult,1,Explain,Retrieve,0.33333333333333326,0.33333333333333326
4153,age,adult,1,Memory,Retrieve,0.33333333333333326,1.0
4242,age,teen,0,Elicit,Retrieve,0.33333333333333326,1.0
4242,age,teen,0,Retrieve,Retrieve,0.25,1.0
4242,age,teen,0,Rank,Retrieve,0.17834348687142854,1.0
4242,age,teen,0,Explain,Retrieve,0.4,0.5
4242,age,teen,0,Memory,Retrieve,0.19999999999999996,0.5
4242,age,young,0,Elicit,Retrieve,0.33333333333333326,1.0
4242,age,young,0,Retrieve,Retrieve,0.25,1.0
4242,age,young,0,Rank,Retrieve,0.3526642303071428,1.0
4242,age,young,0,Explain,Retrieve,0.4,0.5
4242,age,young,0,Memory,Retrieve,0.5,1.0
4242,age,adult,0,Elicit,Retrieve,0.33333333333333326,1.0
4242,age,adult,0,Retrieve,Retrieve,0.5,1.0
4242,age,adult,0,Rank,Retrieve,0.2624392303071429,1.0
4242,age,adult,0,Explain,Retrieve,0.33333333333333326,0.5
4242,age,adult,0,Memory,Retrieve,0.33333333333333326,1.0
4242,age,teen,1,Elicit,Retrieve,0.33333333333333326,1.0
4242,age,teen,1,Retrieve,Retrieve,0.0,1.0
4242,age,teen,1,Rank,Retrieve,0.17028424343571424,1.0
4242,age,teen,1,Explain,Retrieve,0.75,1.0
4242,age,teen,1,Memory,Retrieve,0.25,0.5
4242,age,young,1,Elicit,Retrieve,0.33333333333333326,1.0
4242,age,young,1,Retrieve,Retrieve,0.25,1.0
4242,age,young,1,Rank,Retrieve,0.46170207154285714,1.0
4242,age,young,1,Explain,Retrieve,0.6,0.5
4242,age,young,1,Memory,Retrieve,0.5,1.0
4242,age,adult,1,Elicit,Retrieve,0.33333333333333326,1.0
4242,age,adult,1,Retrieve,Retrieve,0.25,1.0
4242,age,adult,1,Rank,Retrieve,0.23574650477142856,1.0
4242,age,adult,1,Explain,Retrieve,0.6,1.0
4242,age,adult,1,Memory,Retrieve,0.33333333333333326,1.0
4249,age,teen,0,Elicit,Elicit,0.33333333333333326,1.0
4249,age,teen,0,Retrieve,Elicit,0.25,1.0
4249,age,teen,0,Rank,Elicit,0.45568697374285705,1.0
4249,age,teen,0,Explain,Elicit,0.25,0.5
4249,age,teen,0,Memory,Elicit,0.5,1.0
4249,age,young,0,Elicit,Elicit,0.33333333333333326,1.0
4249,age,young,0,Retrieve,Elicit,0.5454545454545454,1.0
4249,age,young,0,Rank,Elicit,0.5642772171785715,1.0
4249,age,young,0,Explain,Elicit,0.6666666666666666,1.0
4249,age,young,0,Memory,Elicit,1.0,1.0
4249,age,adult,0,Elicit,Elicit,0.33333333333333326,1.0
4249,age,adult,0,Retrieve,Elicit,0.2142857142857143,1.0
4249,age,adult,0,Rank,Elicit,0.4546607171785715,1.0
4249,age,adult,0,Explain,Elicit,0.5,0.5
4249,age,adult,0,Memory,Elicit,0.19999999999999996,0.5
4249,age,teen,1,Elicit,Elicit,0.25,1.0
4249,age,teen,1,Retrieve,Elicit,0.07692307692307687,1.0
4249,age,teen,1,Rank,Elicit,0.4756277303071428,1.0
4249,age,teen,1,Explain,Elicit,0.75,1.0
4249,age,teen,1,Memory,Elicit,0.19999999999999996,1.0
4249,age,young,1,Elicit,Elicit,1.0,1.0
4249,age,young,1,Retrieve,Elicit,0.2727272727272727,1.0
4249,age,young,1,Rank,Elicit,0.645911973742857,1.0
4249,age,young,1,Explain,Elicit,1.0,1.0
4249,age,young,1,Memory,Elicit,1.0,1.0
4249,age,adult,1,Elicit,Elicit,0.33333333333333326,1.0
4249,age,adult,1,Retrieve,Elicit,0.0,1.0
4249,age,adult,1,Rank,Elicit,0.12528424343571432,1.0
4249,age,adult,1,Explain,Elicit,0.19999999999999996,0.5
4249,age,adult,1,Memory,Elicit,0.25,1.0
4256,age,teen,0,Elicit,Elicit,0.25,1.0
4256,age,teen,0,Retrieve,Elicit,0.4285714285714286,1.0
4256,age,teen,0,Rank,Elicit,0.41188500000000006,1.0
4256,age,teen,0,Explain,Elicit,0.19999999999999996,0.0
4256,age,teen,0,Memory,Elicit,0.25,1.0
4256,age,young,0,Elicit,Elicit,0.25,1.0
4256,age,young,0,Retrieve,Elicit,0.4,1.0
4256,age,young,0,Rank,Elicit,0.452665,0.0
4256,age,young,0,Explain,Elicit,1.0,1.0
4256,age,young,0,Memory,Elicit,0.25,1.0
4256,age,adult,0,Elicit,Elicit,0.25,1.0
4256,age,adult,0,Retrieve,Elicit,0.6,1.0
4256,age,adult,0,Rank,Elicit,0.647335,1.0
4256,age,adult,0,Explain,Elicit,1.0,1.0
4256,age,adult,0,Memory,Elicit,0.33333333333333326,1.0
4256,age,teen,1,Elicit,Elicit,0.33333333333333326,1.0
4256,age,teen,1,Retrieve,Elicit,1.0,1.0
4256,age,teen,1,Rank,Elicit,0.6075478328785715,1.0
4256,age,teen,1,Explain,Elicit,0.33333333333333326,0.0
4256,age,teen,1,Memory,Elicit,0.19999999999999996,0.0
4256,age,young,1,Elicit,Elicit,0.25,1.0
4256,age,young,1,Retrieve,Elicit,0.25,1.0
4256,age,young,1,Rank,Elicit,0.2259050047714286,0.0
4256,age,young,1,Explain,Elicit,0.19999999999999996,0.0
4256,age,young,1,Memory,Elicit,0.19999999999999996,0.0
4256,age,adult,1,Elicit,Elicit,0.25,1.0
4256,age,adult,1,Retrieve,Elicit,0.0625,1.0
4256,age,adult,1,Rank,Elicit,0.30766423030714285,0.0
4256,age,adult,1,Explain,Elicit,0.19999999999999996,0.0
4256,age,adult,1,Memory,Elicit,0.19999999999999996,0.0
4319,age,teen,0,Elicit,Rank,0.5,1.0
4319,age,teen,0,Retrieve,Rank,0.5384615384615384,1.0
4319,age,teen,0,Rank,Rank,0.14414577923571437,1.0
4319,age,teen,0,Explain,Rank,0.0,0.0
4319,age,teen,0,Memory,Rank,1.0,1.0
4319,age,young,0,Elicit,Rank,0.33333333333333326,1.0
4319,age,young,0,Retrieve,Rank,0.11111111111111116,0.0
4319,age,young,0,Rank,Rank,0.03874204889999999,0.0
4319,age,young,0,Explain,Rank,0.16666666666666663,0.5
4319,age,young,0,Memory,Rank,0.33333333333333326,0.5
4319,age,adult,0,Elicit,Rank,0.33333333333333326,1.0
4319,age,adult,0,Retrieve,Rank,0.19999999999999996,1.0
4319,age,adult,0,Rank,Rank,0.2702842434357142,1.0
4319,age,adult,0,Explain,Rank,0.33333333333333326,0.0
4319,age,adult,0,Memory,Rank,0.33333333333333326,1.0
4319,age,teen,1,Elicit,Rank,0.25,1.0
4319,age,teen,1,Retrieve,Rank,0.09090909090909094,0.0
4319,age,teen,1,Rank,Rank,0.3503434868714286,0.0
4319,age,teen,1,Explain,Rank,1.0,1.0
4319,age,teen,1,Memory,Rank,0.33333333333333326,1.0
4319,age,young,1,Elicit,Rank,0.33333333333333326,1.0
4319,age,young,1,Retrieve,Rank,0.19999999999999996,0.0
4319,age,young,1,Rank,Rank,0.5327234737428571,0.0
4319,age,young,1,Explain,Rank,1.0,1.0
4319,age,young,1,Memory,Rank,1.0,1.0
4319,age,adult,1,Elicit,Rank,0.33333333333333326,1.0
4319,age,adult,1,Retrieve,Rank,1.0,1.0
4319,age,adult,1,Rank,Rank,0.7314315131285715,0.0
4319,age,adult,1,Explain,Rank,1.0,1.0
4319,age,adult,1,Memory,Rank,0.5,1.0
4376,sex,man,0,Elicit,Retrieve,0.33333333333333326,1.0
4376,sex,man,0,Retrieve,Retrieve,0.25,0.0
4376,sex,man,0,Rank,Retrieve,0.40263518860714287,1.0
4376,sex,man,0,Explain,Retrieve,0.25,0.5
4376,sex,man,0,Memory,Retrieve,0.33333333333333326,0.5
4376,sex,woman,0,Elicit,Retrieve,0.33333333333333326,1.0
4376,sex,woman,0,Retrieve,Retrieve,0.05263157894736836,0.0
4376,sex,woman,0,Rank,Retrieve,0.26892578282142865,0.0
4376,sex,woman,0,Explain,Retrieve,0.19999999999999996,0.5
4376,sex,woman,0,Memory,Retrieve,0.5,0.5
4376,sex,man,1,Elicit,Retrieve,0.25,1.0
4376,sex,man,1,Retrieve,Retrieve,0.09090909090909094,0.0
4376,sex,man,1,Rank,Retrieve,0.39556848687142854,1.0
4376,sex,man,1,Explain,Retrieve,1.0,1.0
4376,sex,man,1,Memory,Retrieve,0.25,1.0
4376,sex,woman,1,Elicit,Retrieve,0.33333333333333326,1.0
4376,sex,woman,1,Retrieve,Retrieve,0.05882352941176472,0.0
4376,sex,woman,1,Rank,Retrieve,0.38500945945714293,1.0
4376,sex,woman,1,Explain,Retrieve,0.33333333333333326,1.0
4376,sex,woman,1,Memory,Retrieve,0.33333333333333326,1.0
4478,age,teen,0,Elicit,Elicit,0.25,1.0
4478,age,teen,0,Retrieve,Elicit,0.25,0.0
4478,age,teen,0,Rank,Elicit,0.32891670289285724,0.0
4478,age,teen,0,Explain,Elicit,0.16666666666666663,0.33333333333333326
4478,age,teen,0,Memory,Elicit,0.25,0.5
4478,age,young,0,Elicit,Elicit,0.25,1.0
4478,age,young,0,Retrieve,Elicit,0.11111111111111116,0.0
4478,age,young,0,Rank,Elicit,0.3228935226428572,1.0
4478,age,young,0,Explain,Elicit,0.5,0.5
4478,age,young,0,Memory,Elicit,0.19999999999999996,0.5
4478,age,adult,0,Elicit,Elicit,0.25,1.0
4478,age,adult,0,Retrieve,Elicit,0.25,0.0
4478,age,adult,0,Rank,Elicit,0.36408202264285716,1.0
4478,age,adult,0,Explain,Elicit,0.5,0.5
4478,age,adult,0,Memory,Elicit,0.5,0.5
4478,age,teen,1,Elicit,Elicit,0.33333333333333326,1.0
4478,age,teen,1,Retrieve,Elicit,0.8181818181818182,1.0
4478,age,teen,1,Rank,Elicit,0.49287596307142856,0.0
4478,age,teen,1,Explain,Elicit,1.0,1.0
4478,age,teen,1,Memory,Elicit,0.5,1.0
4478,age,young,1,Elicit,Elicit,0.33333333333333326,1.0
4478,age,young,1,Retrieve,Elicit,1.0,1.0
4478,age,young,1,Rank,Elicit,0.1888665393857143,0.0
4478,age,young,1,Explain,Elicit,0.4,0.25
4478,age,young,1,Memory,Elicit,0.25,0.5
4478,age,adult,1,Elicit,Elicit,1.0,1.0
4478,age,adult,1,Retrieve,Elicit,0.8181818181818182,1.0
4478,age,adult,1,Rank,Elicit,0.4362289451714285,0.0
4478,age,adult,1,Explain,Elicit,0.5,0.33333333333333326
4478,age,adult,1,Memory,Elicit,0.5,1.0
4497,age,teen,0,Elicit,none,0.25,1.0
4497,age,teen,0,Retrieve,none,0.4,0.0
4497,age,teen,0,Rank,none,0.6286985071428571,0.0
4497,age,teen,0,Explain,none,1.0,1.0
4497,age,teen,0,Memory,none,0.33333333333333326,1.0
4497,age,young,0,Elicit,none,0.25,1.0
4497,age,young,0,Retrieve,none,0.33333333333333326,1.0
4497,age,young,0,Rank,none,0.43025023392142847,1.0
4497,age,young,0,Explain,none,0.5,1.0
4497,age,young,0,Memory,none,0.33333333333333326,1.0
4497,age,adult,0,Elicit,none,0.19999999999999996,1.0
4497,age,adult,0,Retrieve,none,0.23076923076923084,1.0
4497,age,adult,0,Rank,none,0.39431723030714283,1.0
4497,age,adult,0,Explain,none,0.5,1.0
4497,age,adult,0,Memory,none,0.25,1.0
4497,age,teen,1,Elicit,none,0.5,1.0
4497,age,teen,1,Retrieve,none,0.1333333333333333,0.0
4497,age,teen,1,Rank,none,0.5226242171785714,1.0
4497,age,teen,1,Explain,none,0.4,0.6666666666666666
4497,age,teen,1,Memory,none,0.5,1.0
4497,age,young,1,Elicit,none,0.33333333333333326,1.0
4497,age,young,1,Retrieve,none,0.4,1.0
4497,age,young,1,Rank,none,0.34632707142857144,1.0
4497,age,young,1,Explain,none,0.19999999999999996,0.33333333333333326
4497,age,young,1,Memory,none,0.33333333333333326,1.0
4497,age,adult,1,Elicit,none,0.33333333333333326,1.0
4497,age,adult,1,Retrieve,none,0.25,0.0
4497,age,adult,1,Rank,none,0.18464528571428573,0.0
4497,age,adult,1,Explain,none,0.25,0.33333333333333326
4497,age,adult,1,Memory,none,0.5,1.0
4529,sex,man,0,Elicit,Explain,0.19999999999999996,1.0
4529,sex,man,0,Retrieve,Explain,0.375,1.0
4529,sex,man,0,Rank,Explain,0.4189789285714285,1.0
4529,sex,man,0,Explain,Explain,0.4,0.5
4529,sex,man,0,Memory,Explain,0.33333333333333326,1.0
4529,sex,woman,0,Elicit,Explain,0.6666666666666666,1.0
4529,sex,woman,0,Retrieve,Explain,0.5714285714285714,1.0
4529,sex,woman,0,Rank,Explain,0.44586257142857144,1.0
4529,sex,woman,0,Explain,Explain,0.4,1.0
4529,sex,woman,0,Memory,Explain,1.0,1.0
4529,sex,man,1,Elicit,Explain,0.33333333333333326,1.0
4529,sex,man,1,Retrieve,Explain,0.875,1.0
4529,sex,man,1,Rank,Explain,0.8560488732142857,1.0
4529,sex,man,1,Explain,Explain,0.6,0.6666666666666666
4529,sex,man,1,Memory,Explain,0.5,1.0
4529,sex,woman,1,Elicit,Explain,0.33333333333333326,1.0
4529,sex,woman,1,Retrieve,Explain,0.5714285714285714,1.0
4529,sex,woman,1,Rank,Explain,0.46789907142857146,1.0
4529,sex,woman,1,Explain,Explain,0.6,0.5
4529,sex,woman,1,Memory,Explain,0.25,1.0
4569,age,teen,0,Elicit,Elicit,0.33333333333333326,1.0
4569,age,teen,0,Retrieve,Elicit,0.25,0.0
4569,age,teen,0,Rank,Elicit,0.17834348687142854,0.0
4569,age,teen,0,Explain,Elicit,0.16666666666666663,0.25
4569,age,teen,0,Memory,Elicit,0.25,1.0
4569,age,young,0,Elicit,Elicit,0.33333333333333326,1.0
4569,age,young,0,Retrieve,Elicit,0.33333333333333326,1.0
4569,age,young,0,Rank,Elicit,0.17834348687142854,1.0
4569,age,young,0,Explain,Elicit,0.16666666666666663,0.25
4569,age,young,0,Memory,Elicit,0.33333333333333326,1.0
4569,age,adult,0,Elicit,Elicit,0.33333333333333326,1.0
4569,age,adult,0,Retrieve,Elicit,0.08333333333333337,1.0
4569,age,adult,0,Rank,Elicit,0.2702842434357142,1.0
4569,age,adult,0,Explain,Elicit,0.75,1.0
4569,age,adult,0,Memory,Elicit,0.33333333333333326,1.0
4569,age,teen,1,Elicit,Elicit,0.5,1.0
4569,age,teen,1,Retrieve,Elicit,1.0,1.0
4569,age,teen,1,Rank,Elicit,0.6007487076642858,1.0
4569,age,teen,1,Explain,Elicit,0.16666666666666663,0.25
4569,age,teen,1,Memory,Elicit,0.25,0.33333333333333326
4569,age,young,1,Elicit,Elicit,0.5,1.0
4569,age,young,1,Retrieve,Elicit,0.19999999999999996,1.0
4569,age,young,1,Rank,Elicit,0.0,1.0
4569,age,young,1,Explain,Elicit,0.4,0.25
4569,age,young,1,Memory,Elicit,0.5,1.0
4569,age,adult,1,Elicit,Elicit,0.5,1.0
4569,age,adult,1,Retrieve,Elicit,0.3846153846153846,1.0
4569,age,adult,1,Rank,Elicit,0.36612203577142854,1.0
4569,age,adult,1,Explain,Elicit,0.5,0.5
4569,age,adult,1,Memory,Elicit,0.33333333333333326,1.0
4572,sex,man,0,Elicit,Elicit,0.33333333333333326,1.0
4572,sex,man,0,Retrieve,Elicit,0.2857142857142857,1.0
4572,sex,man,0,Rank,Elicit,0.24299228571428566,1.0
4572,sex,man,0,Explain,Elicit,1.0,1.0
4572,sex,man,0,Memory,Elicit,0.19999999999999996,0.33333333333333326
4572,sex,woman,0,Elicit,Elicit,0.25,1.0
4572,sex,woman,0,Retrieve,Elicit,0.7142857142857143,1.0
4572,sex,woman,0,Rank,Elicit,0.5487827142857143,1.0
4572,sex,woman,0,Explain,Elicit,1.0,1.0
4572,sex,woman,0,Memory,Elicit,0.19999999999999996,0.33333333333333326
4572,sex,man,1,Elicit,Elicit,0.33333333333333326,1.0
4572,sex,man,1,Retrieve,Elicit,0.8333333333333334,1.0
4572,sex,man,1,Rank,Elicit,0.6982380000000001,1.0
4572,sex,man,1,Explain,Elicit,0.33333333333333326,0.33333333333333326
4572,sex,man,1,Memory,Elicit,0.0,0.0
4572,sex,woman,1,Elicit,Elicit,0.25,1.0
4572,sex,woman,1,Retrieve,Elicit,0.8,1.0
4572,sex,woman,1,Rank,Elicit,0.76878,1.0
4572,sex,woman,1,Explain,Elicit,1.0,1.0
4572,sex,woman,1,Memory,Elicit,0.19999999999999996,0.33333333333333326
4589,age,teen,0,Elicit,Explain,0.33333333333333326,1.0
4589,age,teen,0,Retrieve,Explain,1.0,1.0
4589,age,teen,0,Rank,Explain,0.9017157565642857,1.0
4589,age,teen,0,Explain,Explain,0.75,1.0
4589,age,teen,0,Memory,Explain,0.0,0.0
4589,age,young,0,Elicit,Explain,0.33333333333333326,1.0
4589,age,young,0,Retrieve,Explain,0.8181818181818182,1.0
4589,age,young,0,Rank,Explain,0.8390900274142856,1.0
4589,age,young,0,Explain,Explain,1.0,1.0
4589,age,young,0,Memory,Explain,0.0,0.0
4589,age,adult,0,Elicit,Explain,0.33333333333333326,1.0
4589,age,adult,0,Retrieve,Explain,0.8181818181818182,0.0
4589,age,adult,0,Rank,Explain,0.5418618460071429,0.0
4589,age,adult,0,Explain,Explain,0.25,1.0
4589,age,adult,0,Memory,Explain,0.0,0.0
4589,age,teen,1,Elicit,Explain,0.6666666666666666,1.0
4589,age,teen,1,Retrieve,Explain,0.5384615384615384,1.0
4589,age,teen,1,Rank,Explain,0.621563224407143,1.0
4589,age,teen,1,Explain,Explain,0.75,1.0
4589,age,teen,1,Memory,Explain,1.0,1.0
4589,age,young,1,Elicit,Explain,0.25,1.0
4589,age,young,1,Retrieve,Explain,0.6666666666666666,1.0
4589,age,young,1,Rank,Explain,0.4401814952571429,1.0
4589,age,young,1,Explain,Explain,1.0,1.0
4589,age,young,1,Memory,Explain,0.5,1.0
4589,age,adult,1,Elicit,Explain,0.25,1.0
4589,age,adult,1,Retrieve,Explain,0.6666666666666666,1.0
4589,age,adult,1,Rank,Explain,0.549543593057143,1.0
4589,age,adult,1,Explain,Explain,1.0,1.0
4589,age,adult,1,Memory,Explain,0.0,0.0
4615,sex,man,0,Elicit,Rank,0.33333333333333326,1.0
4615,sex,man,0,Retrieve,Rank,0.4,1.0
4615,sex,man,0,Rank,Rank,0.4425649737428571,1.0
4615,sex,man,0,Explain,Rank,0.19999999999999996,0.0
4615,sex,man,0,Memory,Rank,0.33333333333333326,1.0
4615,sex,woman,0,Elicit,Rank,0.5,1.0
4615,sex,woman,0,Retrieve,Rank,0.6666666666666666,1.0
4615,sex,woman,0,Rank,Rank,0.8252120274142857,1.0
4615,sex,woman,0,Explain,Rank,1.0,1.0
4615,sex,woman,0,Memory,Rank,0.5,1.0
4615,sex,man,1,Elicit,Rank,0.33333333333333326,1.0
4615,sex,man,1,Retrieve,Rank,0.8181818181818182,1.0
4615,sex,man,1,Rank,Rank,0.49317776607857144,1.0
4615,sex,man,1,Explain,Rank,0.19999999999999996,0.33333333333333326
4615,sex,man,1,Memory,Rank,0.33333333333333326,1.0
4615,sex,woman,1,Elicit,Rank,0.33333333333333326,1.0
4615,sex,woman,1,Retrieve,Rank,0.5384615384615384,1.0
4615,sex,woman,1,Rank,Rank,0.6561790405428571,1.0
4615,sex,woman,1,Explain,Rank,1.0,1.0
4615,sex,woman,1,Memory,Rank,1.0,1.0
4666,age,teen,0,Elicit,Rank,0.5,1.0
4666,age,teen,0,Retrieve,Rank,0.33333333333333326,1.0
4666,age,teen,0,Rank,Rank,0.4341472696928571,1.0
4666,age,teen,0,Explain,Rank,0.16666666666666663,0.33333333333333326
4666,age,teen,0,Memory,Rank,0.0,0.0
4666,age,young,0,Elicit,Rank,0.5,1.0
4666,age,young,0,Retrieve,Rank,0.4285714285714286,1.0
4666,age,young,0,Rank,Rank,0.5027844952285715,1.0
4666,age,young,0,Explain,Rank,0.6666666666666666,1.0
4666,age,young,0,Memory,Rank,0.5,1.0
4666,age,adult,0,Elicit,Rank,0.5,1.0
4666,age,adult,0,Retrieve,Rank,0.4285714285714286,1.0
4666,age,adult,0,Rank,Rank,0.7109144642285714,1.0
4666,age,adult,0,Explain,Rank,0.6666666666666666,1.0
4666,age,adult,0,Memory,Rank,0.33333333333333326,1.0
4666,age,teen,1,Elicit,Rank,0.33333333333333326,1.0
4666,age,teen,1,Retrieve,Rank,0.6666666666666666,1.0
4666,age,teen,1,Rank,Rank,0.2617824940714286,1.0
4666,age,teen,1,Explain,Rank,0.33333333333333326,0.19999999999999996
4666,age,teen,1,Memory,Rank,0.5,1.0
4666,age,young,1,Elicit,Rank,0.33333333333333326,1.0
4666,age,young,1,Retrieve,Rank,0.6666666666666666,1.0
4666,age,young,1,Rank,Rank,0.42430576969285716,1.0
4666,age,young,1,Explain,Rank,0.6,0.75
4666,age,young,1,Memory,Rank,0.5,1.0
4666,age,adult,1,Elicit,Rank,0.33333333333333326,1.0
4666,age,adult,1,Retrieve,Rank,0.6666666666666666,1.0
4666,age,adult,1,Rank,Rank,0.3175093317214286,1.0
4666,age,adult,1,Explain,Rank,0.19999999999999996,0.33333333333333326
4666,age,adult,1,Memory,Rank,0.5,1.0
4668,sex,man,0,Elicit,Retrieve,0.33333333333333326,1.0
4668,sex,man,0,Retrieve,Retrieve,0.6666666666666666,0.5
4668,sex,man,0,Rank,Retrieve,0.34936057157142864,0.0
4668,sex,man,0,Explain,Retrieve,0.19999999999999996,0.33333333333333326
4668,sex,man,0,Memory,Retrieve,0.5,1.0
4668,sex,woman,0,Elicit,Retrieve,0.33333333333333326,1.0
4668,sex,woman,0,Retrieve,Retrieve,0.8181818181818182,1.0
4668,sex,woman,0,Rank,Retrieve,0.6356619916428571,0.0
4668,sex,woman,0,Explain,Retrieve,0.6666666666666666,1.0
4668,sex,woman,0,Memory,Retrieve,0.0,0.0
4668,sex,man,1,Elicit,Retrieve,0.33333333333333326,1.0
4668,sex,man,1,Retrieve,Retrieve,0.16666666666666663,0.0
4668,sex,man,1,Rank,Retrieve,0.17028424343571424,0.0
4668,sex,man,1,Explain,Retrieve,0.19999999999999996,1.0
4668,sex,man,1,Memory,Retrieve,0.33333333333333326,1.0
4668,sex,woman,1,Elicit,Retrieve,0.33333333333333326,1.0
4668,sex,woman,1,Retrieve,Retrieve,1.0,1.0
4668,sex,woman,1,Rank,Retrieve,0.3372214868714285,0.0
4668,sex,woman,1,Explain,Retrieve,1.0,1.0
4668,sex,woman,1,Memory,Retrieve,0.5,1.0
4671,sex,man,0,Elicit,Explain,0.33333333333333326,1.0
4671,sex,man,0,Retrieve,Explain,0.6666666666666666,0.0
4671,sex,man,0,Rank,Explain,0.1627750357714286,0.0
4671,sex,man,0,Explain,Explain,0.19999999999999996,0.33333333333333326
4671,sex,man,0,Memory,Explain,0.5,1.0
4671,sex,woman,0,Elicit,Explain,1.0,1.0
4671,sex,woman,0,Retrieve,Explain,0.6666666666666666,0.0
4671,sex,woman,0,Rank,Explain,0.2292635536714286,0.45
4671,sex,woman,0,Explain,Explain,0.5,0.33333333333333326
4671,sex,woman,0,Memory,Explain,0.5,1.0
4671,sex,man,1,Elicit,Explain,0.25,1.0
4671,sex,man,1,Retrieve,Explain,0.2857142857142857,1.0
4671,sex,man,1,Rank,Explain,0.3790307482071429,1.0
4671,sex,man,1,Explain,Explain,0.16666666666666663,0.33333333333333326
4671,sex,man,1,Memory,Explain,0.25,1.0
4671,sex,woman,1,Elicit,Explain,0.25,1.0
4671,sex,woman,1,Retrieve,Explain,0.33333333333333326,0.0
4671,sex,woman,1,Rank,Explain,0.13936281023571429,0.0
4671,sex,woman,1,Explain,Explain,0.19999999999999996,0.5
4671,sex,woman,1,Memory,Explain,0.25,1.0
4728,age,teen,0,Elicit,none,0.5,1.0
4728,age,teen,0,Retrieve,none,0.5384615384615384,1.0
4728,age,teen,0,Rank,none,0.4407970882857143,0.0
4728,age,teen,0,Explain,none,1.0,1.0
4728,age,teen,0,Memory,none,1.0,1.0
4728,age,young,0,Elicit,none,0.5,1.0
4728,age,young,0,Retrieve,none,0.5384615384615384,1.0
4728,age,young,0,Rank,none,0.5090985083571429,0.0
4728,age,young,0,Explain,none,0.19999999999999996,0.33333333333333326
4728,age,young,0,Memory,none,0.19999999999999996,0.33333333333333326
4728,age,adult,0,Elicit,none,0.5,1.0
4728,age,adult,0,Retrieve,none,0.6666666666666666,1.0
4728,age,adult,0,Rank,none,0.38922954415714295,1.0
4728,age,adult,0,Explain,none,0.19999999999999996,0.33333333333333326
4728,age,adult,0,Memory,none,1.0,1.0
4728,age,teen,1,Elicit,none,0.5,1.0
4728,age,teen,1,Retrieve,none,1.0,1.0
4728,age,teen,1,Rank,none,0.5477613364928573,1.0
4728,age,teen,1,Explain,none,0.16666666666666663,0.25
4728,age,teen,1,Memory,none,0.5,1.0
4728,age,young,1,Elicit,none,0.5,1.0
4728,age,young,1,Retrieve,none,0.6666666666666666,1.0
4728,age,young,1,Rank,none,0.5154577696928572,1.0
4728,age,young,1,Explain,none,0.16666666666666663,0.25
4728,age,young,1,Memory,none,0.5,1.0
4728,age,adult,1,Elicit,none,0.5,1.0
4728,age,adult,1,Retrieve,none,0.6666666666666666,1.0
4728,age,adult,1,Rank,none,0.41702102987142864,1.0
4728,age,adult,1,Explain,none,0.25,0.5
4728,age,adult,1,Memory,none,1.0,1.0
4754,age,teen,0,Elicit,Explain,0.33333333333333326,1.0
4754,age,teen,0,Retrieve,Explain,0.6666666666666666,1.0
4754,age,teen,0,Rank,Explain,0.41343325540714293,1.0
4754,age,teen,0,Explain,Explain,0.5,0.33333333333333326
4754,age,teen,0,Memory,Explain,0.5,1.0
4754,age,young,0,Elicit,Explain,0.33333333333333326,1.0
4754,age,young,0,Retrieve,Explain,0.6666666666666666,1.0
4754,age,young,0,Rank,Explain,0.40603820650714284,1.0
4754,age,young,0,Explain,Explain,0.5,0.33333333333333326
4754,age,young,0,Memory,Explain,0.5,1.0
4754,age,adult,0,Elicit,Explain,1.0,1.0
4754,age,adult,0,Retrieve,Explain,0.8181818181818182,1.0
4754,age,adult,0,Rank,Explain,0.4643813496214285,1.0
4754,age,adult,0,Explain,Explain,0.5,0.33333333333333326
4754,age,adult,0,Memory,Explain,1.0,1.0
4754,age,teen,1,Elicit,Explain,0.5,1.0
4754,age,teen,1,Retrieve,Explain,0.8181818181818182,1.0
4754,age,teen,1,Rank,Explain,0.8522120274142857,1.0
4754,age,teen,1,Explain,Explain,1.0,1.0
4754,age,teen,1,Memory,Explain,0.5,1.0
4754,age,young,1,Elicit,Explain,0.5,1.0
4754,age,young,1,Retrieve,Explain,0.25,1.0
4754,age,young,1,Rank,Explain,0.4532479809428571,1.0
4754,age,young,1,Explain,Explain,0.5,0.33333333333333326
4754,age,young,1,Memory,Explain,0.5,1.0
4754,age,adult,1,Elicit,Explain,0.5,1.0
4754,age,adult,1,Retrieve,Explain,0.25,1.0
4754,age,adult,1,Rank,Explain,0.42908873869285713,1.0
4754,age,adult,1,Explain,Explain,0.1428571428571428,0.25
4754,age,adult,1,Memory,Explain,0.5,1.0
4834,sex,man,0,Elicit,none,0.33333333333333326,1.0
4834,sex,man,0,Retrieve,none,0.33333333333333326,0.33333333333333326
4834,sex,man,0,Rank,none,0.20396353577142856,0.585
4834,sex,man,0,Explain,none,0.5,0.33333333333333326
4834,sex,man,0,Memory,none,0.5,1.0
4834,sex,woman,0,Elicit,none,0.33333333333333326,1.0
4834,sex,woman,0,Retrieve,none,0.33333333333333326,0.33333333333333326
4834,sex,woman,0,Rank,none,0.5723392828214285,0.685
4834,sex,woman,0,Explain,none,0.6666666666666666,1.0
4834,sex,woman,0,Memory,none,0.5,1.0
4834,sex,man,1,Elicit,none,0.25,1.0
4834,sex,man,1,Retrieve,none,0.17647058823529416,0.0
4834,sex,man,1,Rank,none,0.10567929233571427,0.315
4834,sex,man,1,Explain,none,0.25,0.5
4834,sex,man,1,Memory,none,0.25,1.0
4834,sex,woman,1,Elicit,none,0.25,1.0
4834,sex,woman,1,Retrieve,none,0.33333333333333326,0.5
4834,sex,woman,1,Rank,none,0.32613145945714295,0.27
4834,sex,woman,1,Explain,none,0.33333333333333326,1.0
4834,sex,woman,1,Memory,none,0.19999999999999996,1.0
4921,age,teen,0,Elicit,Explain,0.33333333333333326,1.0
4921,age,teen,0,Retrieve,Explain,0.4285714285714286,1.0
4921,age,teen,0,Rank,Explain,0.3648052375071429,1.0
4921,age,teen,0,Explain,Explain,0.19999999999999996,1.0
4921,age,teen,0,Memory,Explain,0.5,1.0
4921,age,young,0,Elicit,Explain,0.33333333333333326,1.0
4921,age,young,0,Retrieve,Explain,0.4285714285714286,1.0
4921,age,young,0,Rank,Explain,0.5612137696928572,1.0
4921,age,young,0,Explain,Explain,0.75,1.0
4921,age,young,0,Memory,Explain,0.5,1.0
4921,age,adult,0,Elicit,Explain,0.33333333333333326,1.0
4921,age,adult,0,Retrieve,Explain,0.4,1.0
4921,age,adult,0,Rank,Explain,0.16830502148571425,1.0
4921,age,adult,0,Explain,Explain,0.5,1.0
4921,age,adult,0,Memory,Explain,0.5,1.0
4921,age,teen,1,Elicit,Explain,0.33333333333333326,1.0
4921,age,teen,1,Retrieve,Explain,0.8181818181818182,1.0
4921,age,teen,1,Rank,Explain,0.42410880430714293,1.0
4921,age,teen,1,Explain,Explain,0.19999999999999996,0.5
4921,age,teen,1,Memory,Explain,0.5,1.0
4921,age,young,1,Elicit,Explain,0.33333333333333326,1.0
4921,age,young,1,Retrieve,Explain,0.8181818181818182,1.0
4921,age,young,1,Rank,Explain,0.4652973043071429,1.0
4921,age,young,1,Explain,Explain,0.16666666666666663,0.5
4921,age,young,1,Memory,Explain,0.33333333333333326,1.0
4921,age,adult,1,Elicit,Explain,0.33333333333333326,1.0
4921,age,adult,1,Retrieve,Explain,0.8181818181818182,1.0
4921,age,adult,1,Rank,Explain,0.5585113328785715,1.0
4921,age,adult,1,Explain,Explain,0.25,0.5
4921,age,adult,1,Memory,Explain,0.5,1.0
4924,sex,man,0,Elicit,none,0.25,1.0
4924,sex,man,0,Retrieve,none,0.05263157894736836,1.0
4924,sex,man,0,Rank,none,0.20534348687142856,1.0
4924,sex,man,0,Explain,none,0.33333333333333326,1.0
4924,sex,man,0,Memory,none,0.25,1.0
4924,sex,woman,0,Elicit,none,0.25,1.0
4924,sex,woman,0,Retrieve,none,0.33333333333333326,1.0
4924,sex,woman,0,Rank,none,0.3420387028928572,1.0
4924,sex,woman,0,Explain,none,0.25,1.0
4924,sex,woman,0,Memory,none,0.25,1.0
4924,sex,man,1,Elicit,none,0.33333333333333326,1.0
4924,sex,man,1,Retrieve,none,0.25,1.0
4924,sex,man,1,Rank,none,0.5656894642285715,1.0
4924,sex,man,1,Explain,none,0.6666666666666666,1.0
4924,sex,man,1,Memory,none,0.5,1.0
4924,sex,woman,1,Elicit,none,0.33333333333333326,1.0
4924,sex,woman,1,Retrieve,none,1.0,1.0
4924,sex,woman,1,Rank,none,0.8307420131285714,1.0
4924,sex,woman,1,Explain,none,0.6666666666666666,1.0
4924,sex,woman,1,Memory,none,0.5,1.0
4933,age,teen,0,Elicit,Memory,0.33333333333333326,1.0
4933,age,teen,0,Retrieve,Memory,0.6666666666666666,1.0
4933,age,teen,0,Rank,Memory,0.3985332244071429,1.0
4933,age,teen,0,Explain,Memory,0.19999999999999996,0.5
4933,age,teen,0,Memory,Memory,0.0,0.0
4933,age,young,0,Elicit,Memory,0.33333333333333326,1.0
4933,age,young,0,Retrieve,Memory,0.4285714285714286,1.0
4933,age,young,0,Rank,Memory,0.32602152625714287,0.0
4933,age,young,0,Explain,Memory,0.19999999999999996,0.5
4933,age,young,0,Memory,Memory,0.0,0.0
4933,age,adult,0,Elicit,Memory,0.25,1.0
4933,age,adult,0,Retrieve,Memory,0.05263157894736836,1.0
4933,age,adult,0,Rank,Memory,0.27896424820714283,0.0
4933,age,adult,0,Explain,Memory,0.33333333333333326,1.0
4933,age,adult,0,Memory,Memory,0.0,0.0
4933,age,teen,1,Elicit,Memory,0.33333333333333326,1.0
4933,age,teen,1,Retrieve,Memory,0.8181818181818182,1.0
4933,age,teen,1,Rank,Memory,0.3846435405428572,0.0
4933,age,teen,1,Explain,Memory,0.19999999999999996,0.33333333333333326
4933,age,teen,1,Memory,Memory,0.33333333333333326,0.5
4933,age,young,1,Elicit,Memory,0.33333333333333326,1.0
4933,age,young,1,Retrieve,Memory,0.5384615384615384,1.0
4933,age,young,1,Rank,Memory,0.7099942839785714,0.0
4933,age,young,1,Explain,Memory,0.75,1.0
4933,age,young,1,Memory,Memory,0.5,1.0
4933,age,adult,1,Elicit,Memory,0.33333333333333326,1.0
4933,age,adult,1,Retrieve,Memory,0.5384615384615384,1.0
4933,age,adult,1,Rank,Memory,0.43873327330714296,1.0
4933,age,adult,1,Explain,Memory,0.25,0.5
4933,age,adult,1,Memory,Memory,1.0,1.0
4947,age,teen,0,Elicit,Rank,0.33333333333333326,1.0
4947,age,teen,0,Retrieve,Rank,0.36363636363636365,0.0
4947,age,teen,0,Rank,Rank,0.19656848687142858,0.0
4947,age,teen,0,Explain,Rank,0.33333333333333326,1.0
4947,age,teen,0,Memory,Rank,0.33333333333333326,1.0
4947,age,young,0,Elicit,Rank,0.5,1.0
4947,age,young,0,Retrieve,Rank,0.17647058823529416,0.0
4947,age,young,0,Rank,Rank,0.5978320405428572,0.55
4947,age,young,0,Explain,Rank,1.0,1.0
4947,age,young,0,Memory,Rank,0.5,1.0
4947,age,adult,0,Elicit,Rank,0.5,1.0
4947,age,adult,0,Retrieve,Rank,0.33333333333333326,1.0
4947,age,adult,0,Rank,Rank,0.6394734916428572,0.45
4947,age,adult,0,Explain,Rank,1.0,1.0
4947,age,adult,0,Memory,Rank,0.5,1.0
4947,age,teen,1,Elicit,Rank,0.19999999999999996,1.0
4947,age,teen,1,Retrieve,Rank,0.33333333333333326,0.6666666666666666
4947,age,teen,1,Rank,Rank,0.3105630083571429,1.0
4947,age,teen,1,Explain,Rank,0.33333333333333326,1.0
4947,age,teen,1,Memory,Rank,0.25,1.0
4947,age,young,1,Elicit,Rank,0.25,1.0
4947,age,young,1,Retrieve,Rank,0.25,0.6666666666666666
4947,age,young,1,Rank,Rank,0.5251314594571428,0.0
4947,age,young,1,Explain,Rank,1.0,1.0
4947,age,young,1,Memory,Rank,0.25,1.0
4947,age,adult,1,Elicit,Rank,0.25,1.0
4947,age,adult,1,Retrieve,Rank,0.5384615384615384,0.6666666666666666
4947,age,adult,1,Rank,Rank,0.7023509809428571,0.63
4947,age,adult,1,Explain,Rank,1.0,1.0
4947,age,adult,1,Memory,Rank,0.25,1.0
4965,age,teen,0,Elicit,Explain,0.33333333333333326,1.0
4965,age,teen,0,Retrieve,Explain,1.0,1.0
4965,age,teen,0,Rank,Explain,0.7960364642285713,1.0
4965,age,teen,0,Explain,Explain,0.75,1.0
4965,age,teen,0,Memory,Explain,0.5,1.0
4965,age,young,0,Elicit,Explain,0.33333333333333326,1.0
4965,age,young,0,Retrieve,Explain,0.11111111111111116,0.0
4965,age,young,0,Rank,Explain,0.4273392828214285,0.0
4965,age,young,0,Explain,Explain,0.4,0.6666666666666666
4965,age,young,0,Memory,Explain,0.5,1.0
4965,age,adult,0,Elicit,Explain,0.33333333333333326,1.0
4965,age,adult,0,Retrieve,Explain,0.11111111111111116,0.0
4965,age,adult,0,Rank,Explain,0.29233800835714285,1.0
4965,age,adult,0,Explain,Explain,0.4,0.6666666666666666
4965,age,adult,0,Memory,Explain,0.0,0.0
4965,age,teen,1,Elicit,Explain,0.33333333333333326,1.0
4965,age,teen,1,Retrieve,Explain,0.33333333333333326,1.0
4965,age,teen,1,Rank,Explain,0.6697259642285714,1.0
4965,age,teen,1,Explain,Explain,1.0,1.0
4965,age,teen,1,Memory,Explain,0.33333333333333326,1.0
4965,age,young,1,Elicit,Explain,0.33333333333333326,1.0
4965,age,young,1,Retrieve,Explain,0.17647058823529416,1.0
4965,age,young,1,Rank,Explain,0.3736929773571429,0.0
4965,age,young,1,Explain,Explain,0.4,0.25
4965,age,young,1,Memory,Explain,0.33333333333333326,1.0
4965,age,adult,1,Elicit,Explain,0.33333333333333326,1.0
4965,age,adult,1,Retrieve,Explain,0.09090909090909094,1.0
4965,age,adult,1,Rank,Explain,0.08005924343571424,1.0
4965,age,adult,1,Explain,Explain,0.6,0.5
4965,age,adult,1,Memory,Explain,0.33333333333333326,1.0
4987,age,teen,0,Elicit,none,0.33333333333333326,1.0
4987,age,teen,0,Retrieve,none,0.05263157894736836,0.0
4987,age,teen,0,Rank,none,0.0,0.0
4987,age,teen,0,Explain,none,0.6,1.0
4987,age,teen,0,Memory,none,0.33333333333333326,1.0
4987,age,young,0,Elicit,none,0.33333333333333326,1.0
4987,age,young,0,Retrieve,none,0.05263157894736836,1.0
4987,age,young,0,Rank,none,0.4784563150071428,1.0
4987,age,young,0,Explain,none,0.1428571428571428,0.33333333333333326
4987,age,young,0,Memory,none,0.33333333333333326,1.0
4987,age,adult,0,Elicit,none,0.33333333333333326,1.0
4987,age,adult,0,Retrieve,none,0.0,0.0
4987,age,adult,0,Rank,none,0.03874204889999999,0.0
4987,age,adult,0,Explain,none,0.0,0.0
4987,age,adult,0,Memory,none,0.33333333333333326,1.0
4987,age,teen,1,Elicit,none,0.5,1.0
4987,age,teen,1,Retrieve,none,0.25,0.0
4987,age,teen,1,Rank,none,0.1627750357714286,0.0
4987,age,teen,1,Explain,none,0.33333333333333326,0.33333333333333326
4987,age,teen,1,Memory,none,0.19999999999999996,0.33333333333333326
4987,age,young,1,Elicit,none,0.5,1.0
4987,age,young,1,Retrieve,none,1.0,1.0
4987,age,young,1,Rank,none,0.6802120274142858,1.0
4987,age,young,1,Explain,none,0.0,0.0
4987,age,young,1,Memory,none,0.25,0.5
4987,age,adult,1,Elicit,none,0.5,1.0
4987,age,adult,1,Retrieve,none,0.6666666666666666,1.0
4987,age,adult,1,Rank,none,0.14920431023571434,0.0
4987,age,adult,1,Explain,none,0.33333333333333326,0.33333333333333326
4987,age,adult,1,Memory,none,0.5,1.0
4996,age,teen,0,Elicit,Memory,0.25,1.0
4996,age,teen,0,Retrieve,Memory,0.41666666666666674,1.0
4996,age,teen,0,Rank,Memory,0.17589703577142857,1.0
4996,age,teen,0,Explain,Memory,0.1428571428571428,0.33333333333333326
4996,age,teen,0,Memory,Memory,0.25,1.0
4996,age,young,0,Elicit,Memory,0.25,1.0
4996,age,young,0,Retrieve,Memory,0.125,0.0
4996,age,young,0,Rank,Memory,0.0988836428571429,0.0
4996,age,young,0,Explain,Memory,0.4,0.6666666666666666
4996,age,young,0,Memory,Memory,0.16666666666666663,0.5
4996,age,adult,0,Elicit,Memory,0.25,1.0
4996,age,adult,0,Retrieve,Memory,0.3076923076923077,1.0
4996,age,adult,0,Rank,Memory,0.30237647374285714,1.0
4996,age,adult,0,Explain,Memory,0.16666666666666663,0.33333333333333326
4996,age,adult,0,Memory,Memory,0.33333333333333326,1.0
4996,age,teen,1,Elicit,Memory,0.5,1.0
4996,age,teen,1,Retrieve,Memory,0.7142857142857143,1.0
4996,age,teen,1,Rank,Memory,0.8432379999999999,1.0
4996,age,teen,1,Explain,Memory,1.0,1.0
4996,age,teen,1,Memory,Memory,0.4,1.0
4996,age,young,1,Elicit,Memory,0.19999999999999996,1.0
4996,age,young,1,Retrieve,Memory,0.6,1.0
4996,age,young,1,Rank,Memory,0.1623263102357143,1.0
4996,age,young,1,Explain,Memory,0.16666666666666663,0.5
4996,age,young,1,Memory,Memory,0.1428571428571428,0.5
4996,age,adult,1,Elicit,Memory,0.5,1.0
4996,age,adult,1,Retrieve,Memory,0.6666666666666666,1.0
4996,age,adult,1,Rank,Memory,0.5382022676785715,1.0
4996,age,adult,1,Explain,Memory,0.5,1.0
4996,age,adult,1,Memory,Memory,0.5,1.0
5043,sex,man,0,Elicit,Elicit,0.33333333333333326,1.0
5043,sex,man,0,Retrieve,Elicit,0.19999999999999996,1.0
5043,sex,man,0,Rank,Elicit,0.20902629233571424,1.0
5043,sex,man,0,Explain,Elicit,0.5,1.0
5043,sex,man,0,Memory,Elicit,0.5,1.0
5043,sex,woman,0,Elicit,Elicit,0.33333333333333326,1.0
5043,sex,woman,0,Retrieve,Elicit,0.19999999999999996,1.0
5043,sex,woman,0,Rank,Elicit,0.29556848687142856,1.0
5043,sex,woman,0,Explain,Elicit,0.4,0.5
5043,sex,woman,0,Memory,Elicit,0.5,1.0
5043,sex,man,1,Elicit,Elicit,0.25,1.0
5043,sex,man,1,Retrieve,Elicit,0.33333333333333326,1.0
5043,sex,man,1,Rank,Elicit,0.18055131023571436,1.0
5043,sex,man,1,Explain,Elicit,0.0,0.0
5043,sex,man,1,Memory,Elicit,0.1428571428571428,0.5
5043,sex,woman,1,Elicit,Elicit,0.19999999999999996,1.0
5043,sex,woman,1,Retrieve,Elicit,0.25,1.0
5043,sex,woman,1,Rank,Elicit,0.16522148687142857,1.0
5043,sex,woman,1,Explain,Elicit,0.6,0.0
5043,sex,woman,1,Memory,Elicit,0.375,0.5
5089,age,teen,0,Elicit,Rank,1.0,1.0
5089,age,teen,0,Retrieve,Rank,0.8181818181818182,1.0
5089,age,teen,0,Rank,Rank,0.8086870095142857,1.0
5089,age,teen,0,Explain,Rank,0.75,1.0
5089,age,teen,0,Memory,Rank,0.0,0.0
5089,age,young,0,Elicit,Rank,0.33333333333333326,1.0
5089,age,young,0,Retrieve,Rank,0.1428571428571428,1.0
5089,age,young,0,Rank,Rank,0.3079064594571428,1.0
5089,age,young,0,Explain,Rank,0.19999999999999996,1.0
5089,age,young,0,Memory,Rank,0.0,0.0
5089,age,adult,0,Elicit,Rank,1.0,1.0
5089,age,adult,0,Retrieve,Rank,0.09090909090909094,1.0
5089,age,adult,0,Rank,Rank,0.17834348687142854,1.0
5089,age,adult,0,Explain,Rank,0.19999999999999996,1.0
5089,age,adult,0,Memory,Rank,0.0,0.0
5089,age,teen,1,Elicit,Rank,1.0,1.0
5089,age,teen,1,Retrieve,Rank,0.6666666666666666,1.0
5089,age,teen,1,Rank,Rank,0.3005245429714286,1.0
5089,age,teen,1,Explain,Rank,0.25,1.0
5089,age,teen,1,Memory,Rank,0.5,1.0
5089,age,young,1,Elicit,Rank,1.0,1.0
5089,age,young,1,Retrieve,Rank,0.6666666666666666,1.0
5089,age,young,1,Rank,Rank,0.31991412047142864,1.0
5089,age,young,1,Explain,Rank,0.16666666666666663,0.33333333333333326
5089,age,young,1,Memory,Rank,0.5,1.0
5089,age,adult,1,Elicit,Rank,0.33333333333333326,1.0
5089,age,adult,1,Retrieve,Rank,0.6666666666666666,1.0
5089,age,adult,1,Rank,Rank,0.4483891025714286,1.0
5089,age,adult,1,Explain,Rank,0.5,1.0
5089,age,adult,1,Memory,Rank,0.33333333333333326,1.0
5118,age,teen,0,Elicit,Memory,0.33333333333333326,1.0
5118,age,teen,0,Retrieve,Memory,1.0,1.0
5118,age,teen,0,Rank,Memory,0.711940720792857,0.6084999999999999
5118,age,teen,0,Explain,Memory,0.5,0.6666666666666666
5118,age,teen,0,Memory,Memory,0.25,0.5
5118,age,young,0,Elicit,Memory,1.0,1.0
5118,age,young,0,Retrieve,Memory,1.0,1.0
5118,age,young,0,Rank,Memory,0.6650490715428572,0.18225
5118,age,young,0,Explain,Memory,1.0,1.0
5118,age,young,0,Memory,Memory,1.0,1.0
5118,age,adult,0,Elicit,Memory,0.33333333333333326,1.0
5118,age,adult,0,Retrieve,Memory,1.0,1.0
5118,age,adult,0,Rank,Memory,0.45881075179285724,0.5365
5118,age,adult,0,Explain,Memory,0.19999999999999996,0.33333333333333326
5118,age,adult,0,Memory,Memory,0.33333333333333326,1.0
5118,age,teen,1,Elicit,Memory,0.5,1.0
5118,age,teen,1,Retrieve,Memory,0.33333333333333326,0.5
5118,age,teen,1,Rank,Memory,0.4674052207928572,1.0
5118,age,teen,1,Explain,Memory,0.19999999999999996,0.33333333333333326
5118,age,teen,1,Memory,Memory,0.33333333333333326,0.5
5118,age,young,1,Elicit,Memory,0.5,1.0
5118,age,young,1,Retrieve,Memory,0.33333333333333326,1.0
5118,age,young,1,Rank,Memory,0.3755252554071429,0.585
5118,age,young,1,Explain,Memory,0.19999999999999996,0.33333333333333326
5118,age,young,1,Memory,Memory,0.5,1.0
5118,age,adult,1,Elicit,Memory,0.5,1.0
5118,age,adult,1,Retrieve,Memory,0.5384615384615384,1.0
5118,age,adult,1,Rank,Memory,0.39295876969285715,0.45
5118,age,adult,1,Explain,Memory,0.6666666666666666,0.5
5118,age,adult,1,Memory,Memory,0.5,1.0
5255,age,teen,0,Elicit,Rank,0.33333333333333326,1.0
5255,age,teen,0,Retrieve,Rank,1.0,1.0
5255,age,teen,0,Rank,Rank,0.7416210715428571,1.0
5255,age,teen,0,Explain,Rank,1.0,1.0
5255,age,teen,0,Memory,Rank,0.33333333333333326,1.0
5255,age,young,0,Elicit,Rank,0.33333333333333326,1.0
5255,age,young,0,Retrieve,Rank,1.0,1.0
5255,age,young,0,Rank,Rank,0.5916870095142858,1.0
5255,age,young,0,Explain,Rank,0.5,0.0
5255,age,young,0,Memory,Rank,0.33333333333333326,1.0
5255,age,adult,0,Elicit,Rank,0.6666666666666666,1.0
5255,age,adult,0,Retrieve,Rank,0.6666666666666666,1.0
5255,age,adult,0,Rank,Rank,0.5761197971071429,1.0
5255,age,adult,0,Explain,Rank,1.0,1.0
5255,age,adult,0,Memory,Rank,0.5,1.0
5255,age,teen,1,Elicit,Rank,0.5,1.0
5255,age,teen,1,Retrieve,Rank,0.33333333333333326,1.0
5255,age,teen,1,Rank,Rank,0.2928422482071429,1.0
5255,age,teen,1,Explain,Rank,0.5,0.5
5255,age,teen,1,Memory,Rank,0.5,1.0
5255,age,young,1,Elicit,Rank,0.5,1.0
5255,age,young,1,Retrieve,Rank,0.33333333333333326,1.0
5255,age,young,1,Rank,Rank,0.24596228282142862,1.0
5255,age,young,1,Explain,Rank,0.19999999999999996,0.33333333333333326
5255,age,young,1,Memory,Rank,0.5,1.0
5255,age,adult,1,Elicit,Rank,0.5,1.0
5255,age,adult,1,Retrieve,Rank,0.33333333333333326,1.0
5255,age,adult,1,Rank,Rank,0.18665871602142858,0.0
5255,age,adult,1,Explain,Rank,0.33333333333333326,0.5
5255,age,adult,1,Memory,Rank,0.5,1.0
5296,sex,man,0,Elicit,Elicit,0.5,1.0
5296,sex,man,0,Retrieve,Elicit,0.5384615384615384,1.0
5296,sex,man,0,Rank,Elicit,0.3488563317214286,0.0
5296,sex,man,0,Explain,Elicit,0.16666666666666663,1.0
5296,sex,man,0,Memory,Elicit,1.0,1.0
5296,sex,woman,0,Elicit,Elicit,0.5,1.0
5296,sex,woman,0,Retrieve,Elicit,0.4285714285714286,0.0
5296,sex,woman,0,Rank,Elicit,0.4863868639071429,0.0
5296,sex,woman,0,Explain,Elicit,1.0,1.0
5296,sex,woman,0,Memory,Elicit,0.5,1.0
5296,sex,man,1,Elicit,Elicit,0.5,1.0
5296,sex,man,1,Retrieve,Elicit,0.5384615384615384,0.0
5296,sex,man,1,Rank,Elicit,0.47546446422857147,1.0
5296,sex,man,1,Explain,Elicit,0.25,1.0
5296,sex,man,1,Memory,Elicit,0.5,1.0
5296,sex,woman,1,Elicit,Elicit,0.5,1.0
5296,sex,woman,1,Retrieve,Elicit,0.6666666666666666,1.0
5296,sex,woman,1,Rank,Elicit,0.44173928397857143,1.0
5296,sex,woman,1,Explain,Elicit,0.19999999999999996,1.0
5296,sex,woman,1,Memory,Elicit,0.5,1.0
5411,sex,man,0,Elicit,Explain,0.33333333333333326,1.0
5411,sex,man,0,Retrieve,Explain,0.25,1.0
5411,sex,man,0,Rank,Explain,0.37894847374285723,1.0
5411,sex,man,0,Explain,Explain,0.33333333333333326,1.0
5411,sex,man,0,Memory,Explain,0.0,0.0
5411,sex,woman,0,Elicit,Explain,0.33333333333333326,1.0
5411,sex,woman,0,Retrieve,Explain,0.09090909090909094,1.0
5411,sex,woman,0,Rank,Explain,0.0,1.0
5411,sex,woman,0,Explain,Explain,0.19999999999999996,1.0
5411,sex,woman,0,Memory,Explain,0.16666666666666663,1.0
5411,sex,man,1,Elicit,Explain,0.5,1.0
5411,sex,man,1,Retrieve,Explain,0.33333333333333326,1.0
5411,sex,man,1,Rank,Explain,0.28066500000000005,1.0
5411,sex,man,1,Explain,Explain,0.25,0.5
5411,sex,man,1,Memory,Explain,0.19999999999999996,0.5
5411,sex,woman,1,Elicit,Explain,0.25,1.0
5411,sex,woman,1,Retrieve,Explain,0.25,1.0
5411,sex,woman,1,Rank,Explain,0.13702629233571428,1.0
5411,sex,woman,1,Explain,Explain,0.5,1.0
5411,sex,woman,1,Memory,Explain,0.33333333333333326,1.0
5423,age,teen,0,Elicit,Elicit,0.33333333333333326,1.0
5423,age,teen,0,Retrieve,Elicit,0.33333333333333326,0.0
5423,age,teen,0,Rank,Elicit,0.3138092613357142,0.0
5423,age,teen,0,Explain,Elicit,1.0,1.0
5423,age,teen,0,Memory,Elicit,0.5,1.0
5423,age,young,0,Elicit,Elicit,0.5,1.0
5423,age,young,0,Retrieve,Elicit,0.6666666666666666,1.0
5423,age,young,0,Rank,Elicit,0.7630535274142858,1.0
5423,age,young,0,Explain,Elicit,1.0,1.0
5423,age,young,0,Memory,Elicit,0.5,1.0
5423,age,adult,0,Elicit,Elicit,1.0,1.0
5423,age,adult,0,Retrieve,Elicit,0.33333333333333326,0.0
5423,age,adult,0,Rank,Elicit,0.2998013281071429,0.0
5423,age,adult,0,Explain,Elicit,0.33333333333333326,1.0
5423,age,adult,0,Memory,Elicit,1.0,1.0
5423,age,teen,1,Elicit,Elicit,0.33333333333333326,1.0
5423,age,teen,1,Retrieve,Elicit,1.0,1.0
5423,age,teen,1,Rank,Elicit,0.7338779642285714,0.0
5423,age,teen,1,Explain,Elicit,1.0,1.0
5423,age,teen,1,Memory,Elicit,1.0,1.0
5423,age,young,1,Elicit,Elicit,0.33333333333333326,1.0
5423,age,young,1,Retrieve,Elicit,1.0,1.0
5423,age,young,1,Rank,Elicit,0.13936281023571429,0.0
5423,age,young,1,Explain,Elicit,0.0,0.0
5423,age,young,1,Memory,Elicit,0.5,1.0
5423,age,adult,1,Elicit,Elicit,0.33333333333333326,1.0
5423,age,adult,1,Retrieve,Elicit,1.0,1.0
5423,age,adult,1,Rank,Elicit,0.7366870095142857,0.0
5423,age,adult,1,Explain,Elicit,1.0,1.0
5423,age,adult,1,Memory,Elicit,0.6666666666666666,1.0
5484,sex,man,0,Elicit,none,0.33333333333333326,1.0
5484,sex,man,0,Retrieve,none,0.33333333333333326,1.0
5484,sex,man,0,Rank,none,0.3347539630714286,1.0
5484,sex,man,0,Explain,none,0.16666666666666663,0.25
5484,sex,man,0,Memory,none,0.33333333333333326,1.0
5484,sex,woman,0,Elicit,none,0.33333333333333326,1.0
5484,sex,woman,0,Retrieve,none,1.0,1.0
5484,sex,woman,0,Rank,none,0.5183529463285714,1.0
5484,sex,woman,0,Explain,none,0.5,1.0
5484,sex,woman,0,Memory,none,0.33333333333333326,1.0
5484,sex,man,1,Elicit,none,0.33333333333333326,1.0
5484,sex,man,1,Retrieve,none,1.0,1.0
5484,sex,man,1,Rank,none,0.4978320405428571,0.0
5484,sex,man,1,Explain,none,0.0,0.0
5484,sex,man,1,Memory,none,0.33333333333333326,1.0
5484,sex,woman,1,Elicit,none,0.33333333333333326,1.0
5484,sex,woman,1,Retrieve,none,1.0,1.0
5484,sex,woman,1,Rank,none,0.4438643007214287,1.0
5484,sex,woman,1,Explain,none,0.25,0.25
5484,sex,woman,1,Memory,none,0.33333333333333326,1.0
5514,sex,man,0,Elicit,Rank,0.5,1.0
5514,sex,man,0,Retrieve,Rank,0.25,1.0
5514,sex,man,0,Rank,Rank,0.32178445945714285,1.0
5514,sex,man,0,Explain,Rank,1.0,1.0
5514,sex,man,0,Memory,Rank,0.5,1.0
5514,sex,woman,0,Elicit,Rank,0.5,1.0
5514,sex,woman,0,Retrieve,Rank,0.6666666666666666,1.0
5514,sex,woman,0,Rank,Rank,0.19131299048571426,1.0
5514,sex,woman,0,Explain,Rank,0.4,1.0
5514,sex,woman,0,Memory,Rank,0.25,1.0
5514,sex,man,1,Elicit,Rank,1.0,1.0
5514,sex,man,1,Retrieve,Rank,0.8181818181818182,1.0
5514,sex,man,1,Rank,Rank,0.3175093317214286,1.0
5514,sex,man,1,Explain,Rank,0.6666666666666666,1.0
5514,sex,man,1,Memory,Rank,0.5,1.0
5514,sex,woman,1,Elicit,Rank,0.33333333333333326,1.0
5514,sex,woman,1,Retrieve,Rank,0.8181818181818182,1.0
5514,sex,woman,1,Rank,Rank,0.29312949407142863,1.0
5514,sex,woman,1,Explain,Rank,0.25,1.0
5514,sex,woman,1,Memory,Rank,0.33333333333333326,1.0
5637,age,teen,0,Elicit,none,0.33333333333333326,1.0
5637,age,teen,0,Retrieve,none,1.0,1.0
5637,age,teen,0,Rank,none,0.7214163018785715,1.0
5637,age,teen,0,Explain,none,1.0,1.0
5637,age,teen,0,Memory,none,0.33333333333333326,1.0
5637,age,young,0,Elicit,none,0.33333333333333326,1.0
5637,age,young,0,Retrieve,none,1.0,1.0
5637,age,young,0,Rank,none,0.30977152264285723,0.0
5637,age,young,0,Explain,none,0.33333333333333326,1.0
5637,age,young,0,Memory,none,0.33333333333333326,1.0
5637,age,adult,0,Elicit,none,0.33333333333333326,1.0
5637,age,adult,0,Retrieve,none,1.0,1.0
5637,age,adult,0,Rank,none,0.7366870095142857,0.0
5637,age,adult,0,Explain,none,1.0,1.0
5637,age,adult,0,Memory,none,0.33333333333333326,1.0
5637,age,teen,1,Elicit,none,0.25,1.0
5637,age,teen,1,Retrieve,none,0.11764705882352944,1.0
5637,age,teen,1,Rank,none,0.08824577805,1.0
5637,age,teen,1,Explain,none,0.19999999999999996,0.5
5637,age,teen,1,Memory,none,0.25,1.0
5637,age,young,1,Elicit,none,1.0,1.0
5637,age,young,1,Retrieve,none,0.4285714285714286,1.0
5637,age,young,1,Rank,none,0.13177079595000007,1.0
5637,age,young,1,Explain,none,0.6666666666666666,0.5
5637,age,young,1,Memory,none,1.0,1.0
5637,age,adult,1,Elicit,none,1.0,1.0
5637,age,adult,1,Retrieve,none,0.17647058823529416,0.0
5637,age,adult,1,Rank,none,0.6141052028928571,1.0
5637,age,adult,1,Explain,none,1.0,1.0
5637,age,adult,1,Memory,none,0.0,0.0
5687,age,teen,0,Elicit,Elicit,0.5,1.0
5687,age,teen,0,Retrieve,Elicit,0.6666666666666666,1.0
5687,age,teen,0,Rank,Elicit,0.6766022375071429,1.0
5687,age,teen,0,Explain,Elicit,1.0,1.0
5687,age,teen,0,Memory,Elicit,0.5,1.0
5687,age,young,0,Elicit,Elicit,0.5,1.0
5687,age,young,0,Retrieve,Elicit,0.6,1.0
5687,age,young,0,Rank,Elicit,0.4074392303071428,1.0
5687,age,young,0,Explain,Elicit,0.5,0.33333333333333326
5687,age,young,0,Memory,Elicit,0.5,1.0
5687,age,adult,0,Elicit,Elicit,0.5,1.0
5687,age,adult,0,Retrieve,Elicit,0.6666666666666666,1.0
5687,age,adult,0,Rank,Elicit,0.5085937207928571,1.0
5687,age,adult,0,Explain,Elicit,0.33333333333333326,0.5
5687,age,adult,0,Memory,Elicit,1.0,1.0
5687,age,teen,1,Elicit,Elicit,0.5,1.0
5687,age,teen,1,Retrieve,Elicit,0.8181818181818182,1.0
5687,age,teen,1,Rank,Elicit,0.6295594952285715,1.0
5687,age,teen,1,Explain,Elicit,0.75,0.6666666666666666
5687,age,teen,1,Memory,Elicit,0.5,1.0
5687,age,young,1,Elicit,Elicit,0.5,1.0
5687,age,young,1,Retrieve,Elicit,0.0,1.0
5687,age,young,1,Rank,Elicit,0.0,1.0
5687,age,young,1,Explain,Elicit,0.5,0.5
5687,age,young,1,Memory,Elicit,0.5,1.0
5687,age,adult,1,Elicit,Elicit,0.5,1.0
5687,age,adult,1,Retrieve,Elicit,0.19999999999999996,1.0
5687,age,adult,1,Rank,Elicit,0.29556848687142856,1.0
5687,age,adult,1,Explain,Elicit,0.5,1.0
5687,age,adult,1,Memory,Elicit,0.5,1.0
5705,sex,man,0,Elicit,Memory,0.6666666666666666,1.0
5705,sex,man,0,Retrieve,Memory,0.8181818181818182,1.0
5705,sex,man,0,Rank,Memory,0.4995477971071429,0.685
5705,sex,man,0,Explain,Memory,0.75,1.0
5705,sex,man,0,Memory,Memory,0.19999999999999996,0.33333333333333326
5705,sex,woman,0,Elicit,Memory,0.33333333333333326,1.0
5705,sex,woman,0,Retrieve,Memory,0.8181818181818182,1.0
5705,sex,woman,0,Rank,Memory,0.27418127920714286,0.0
5705,sex,woman,0,Explain,Memory,0.1428571428571428,0.33333333333333326
5705,sex,woman,0,Memory,Memory,0.5,1.0
5705,sex,man,1,Elicit,Memory,0.25,1.0
5705,sex,man,1,Retrieve,Memory,0.6666666666666666,1.0
5705,sex,man,1,Rank,Memory,0.36765875179285723,0.0
5705,sex,man,1,Explain,Memory,0.16666666666666663,0.33333333333333326
5705,sex,man,1,Memory,Memory,0.33333333333333326,1.0
5705,sex,woman,1,Elicit,Memory,0.6666666666666666,1.0
5705,sex,woman,1,Retrieve,Memory,0.11111111111111116,0.0
5705,sex,woman,1,Rank,Memory,0.22971227920714288,0.0
5705,sex,woman,1,Explain,Memory,0.25,1.0
5705,sex,woman,1,Memory,Memory,0.6666666666666666,1.0
5751,age,teen,0,Elicit,Retrieve,0.33333333333333326,1.0
5751,age,teen,0,Retrieve,Retrieve,1.0,1.0
5751,age,teen,0,Rank,Retrieve,0.4747179952285714,1.0
5751,age,teen,0,Explain,Retrieve,0.25,0.33333333333333326
5751,age,teen,0,Memory,Retrieve,0.33333333333333326,1.0
5751,age,young,0,Elicit,Retrieve,0.33333333333333326,1.0
5751,age,young,0,Retrieve,Retrieve,0.11111111111111116,1.0
5751,age,young,0,Rank,Retrieve,0.3607234737428572,1.0
5751,age,young,0,Explain,Retrieve,0.33333333333333326,0.33333333333333326
5751,age,young,0,Memory,Retrieve,0.33333333333333326,1.0
5751,age,adult,0,Elicit,Retrieve,0.33333333333333326,1.0
5751,age,adult,0,Retrieve,Retrieve,1.0,1.0
5751,age,adult,0,Rank,Retrieve,0.4111837696928572,1.0
5751,age,adult,0,Explain,Retrieve,0.25,0.33333333333333326
5751,age,adult,0,Memory,Retrieve,0.33333333333333326,1.0
5751,age,teen,1,Elicit,Retrieve,0.33333333333333326,1.0
5751,age,teen,1,Retrieve,Retrieve,0.05882352941176472,1.0
5751,age,teen,1,Rank,Retrieve,0.03874204889999999,1.0
5751,age,teen,1,Explain,Retrieve,0.25,0.5
5751,age,teen,1,Memory,Retrieve,0.33333333333333326,1.0
5751,age,young,1,Elicit,Retrieve,0.33333333333333326,1.0
5751,age,young,1,Retrieve,Retrieve,0.2857142857142857,1.0
5751,age,young,1,Rank,Retrieve,0.08824577805,1.0
5751,age,young,1,Explain,Retrieve,0.16666666666666663,0.5
5751,age,young,1,Memory,Retrieve,0.33333333333333326,1.0
5751,age,adult,1,Elicit,Retrieve,0.33333333333333326,1.0
5751,age,adult,1,Retrieve,Retrieve,0.19999999999999996,1.0
5751,age,adult,1,Rank,Retrieve,0.09583779233571432,1.0
5751,age,adult,1,Explain,Retrieve,0.25,0.5
5751,age,adult,1,Memory,Retrieve,0.33333333333333326,1.0
5768,sex,man,0,Elicit,Retrieve,0.25,1.0
5768,sex,man,0,Retrieve,Retrieve,0.7,1.0
5768,sex,man,0,Rank,Retrieve,0.5520364642285716,1.0
5768,sex,man,0,Explain,Retrieve,0.19999999999999996,0.33333333333333326
5768,sex,man,0,Memory,Retrieve,0.33333333333333326,0.5
5768,sex,woman,0,Elicit,Retrieve,0.33333333333333326,1.0
5768,sex,woman,0,Retrieve,Retrieve,0.2857142857142857,1.0
5768,sex,woman,0,Rank,Retrieve,0.18464528571428573,1.0
5768,sex,woman,0,Explain,Retrieve,0.19999999999999996,0.33333333333333326
5768,sex,woman,0,Memory,Retrieve,0.33333333333333326,0.5
5768,sex,man,1,Elicit,Retrieve,0.5,1.0
5768,sex,man,1,Retrieve,Retrieve,1.0,1.0
5768,sex,man,1,Rank,Retrieve,0.7562559857142858,1.0
5768,sex,man,1,Explain,Retrieve,0.16666666666666663,0.25
5768,sex,man,1,Memory,Retrieve,0.33333333333333326,0.5
5768,sex,woman,1,Elicit,Retrieve,0.5,1.0
5768,sex,woman,1,Retrieve,Retrieve,0.7,1.0
5768,sex,woman,1,Rank,Retrieve,0.6018008801785715,1.0
5768,sex,woman,1,Explain,Retrieve,0.19999999999999996,0.33333333333333326
5768,sex,woman,1,Memory,Retrieve,0.33333333333333326,0.5
5810,sex,man,0,Elicit,Retrieve,0.25,1.0
5810,sex,man,0,Retrieve,Retrieve,0.5,1.0
5810,sex,man,0,Rank,Retrieve,0.5757046754785715,1.0
5810,sex,man,0,Explain,Retrieve,0.6666666666666666,1.0
5810,sex,man,0,Memory,Retrieve,0.25,1.0
5810,sex,woman,0,Elicit,Retrieve,0.25,1.0
5810,sex,woman,0,Retrieve,Retrieve,0.3846153846153846,1.0
5810,sex,woman,0,Rank,Retrieve,0.42240522079285725,1.0
5810,sex,woman,0,Explain,Retrieve,0.19999999999999996,1.0
5810,sex,woman,0,Memory,Retrieve,0.33333333333333326,1.0
5810,sex,man,1,Elicit,Retrieve,0.33333333333333326,1.0
5810,sex,man,1,Retrieve,Retrieve,0.4545454545454546,1.0
5810,sex,man,1,Rank,Retrieve,0.42152211964285713,1.0
5810,sex,man,1,Explain,Retrieve,0.16666666666666663,0.33333333333333326
5810,sex,man,1,Memory,Retrieve,0.33333333333333326,1.0
5810,sex,woman,1,Elicit,Retrieve,0.25,1.0
5810,sex,woman,1,Retrieve,Retrieve,0.6363636363636364,1.0
5810,sex,woman,1,Rank,Retrieve,0.46313394994285717,1.0
5810,sex,woman,1,Explain,Retrieve,0.19999999999999996,1.0
5810,sex,woman,1,Memory,Retrieve,0.25,1.0
5946,sex,man,0,Elicit,Explain,0.33333333333333326,1.0
5946,sex,man,0,Retrieve,Explain,0.7777777777777778,1.0
5946,sex,man,0,Rank,Explain,0.6192343944642857,1.0
5946,sex,man,0,Explain,Explain,0.4,0.6666666666666666
5946,sex,man,0,Memory,Explain,0.16666666666666663,0.33333333333333326
5946,sex,woman,0,Elicit,Explain,0.33333333333333326,1.0
5946,sex,woman,0,Retrieve,Explain,0.75,1.0
5946,sex,woman,0,Rank,Explain,0.7977693571428571,1.0
5946,sex,woman,0,Explain,Explain,1.0,1.0
5946,sex,woman,0,Memory,Explain,0.0,0.0
5946,sex,man,1,Elicit,Explain,0.33333333333333326,1.0
5946,sex,man,1,Retrieve,Explain,0.5,1.0
5946,sex,man,1,Rank,Explain,0.5709449606142858,1.0
5946,sex,man,1,Explain,Explain,0.25,0.33333333333333326
5946,sex,man,1,Memory,Explain,0.5,1.0
5946,sex,woman,1,Elicit,Explain,0.25,1.0
5946,sex,woman,1,Retrieve,Explain,0.17647058823529416,1.0
5946,sex,woman,1,Rank,Explain,0.47118573507857153,1.0
5946,sex,woman,1,Explain,Explain,0.6666666666666666,1.0
5946,sex,woman,1,Memory,Explain,0.5,1.0
5953,sex,man,0,Elicit,Explain,0.19999999999999996,1.0
5953,sex,man,0,Retrieve,Explain,0.6666666666666666,1.0
5953,sex,man,0,Rank,Explain,0.6108699952285714,0.81775
5953,sex,man,0,Explain,Explain,0.16666666666666663,0.33333333333333326
5953,sex,man,0,Memory,Explain,0.33333333333333326,1.0
5953,sex,woman,0,Elicit,Explain,0.25,1.0
5953,sex,woman,0,Retrieve,Explain,0.6666666666666666,1.0
5953,sex,woman,0,Rank,Explain,0.22112203577142853,0.415
5953,sex,woman,0,Explain,Explain,0.16666666666666663,0.25
5953,sex,woman,0,Memory,Explain,0.5,1.0
5953,sex,man,1,Elicit,Explain,1.0,1.0
5953,sex,man,1,Retrieve,Explain,0.6666666666666666,1.0
5953,sex,man,1,Rank,Explain,0.13177079595000007,0.18225
5953,sex,man,1,Explain,Explain,0.25,0.25
5953,sex,man,1,Memory,Explain,0.33333333333333326,1.0
5953,sex,woman,1,Elicit,Explain,0.19999999999999996,1.0
5953,sex,woman,1,Retrieve,Explain,0.06666666666666665,0.0
5953,sex,woman,1,Rank,Explain,0.3172807303071429,0.0
5953,sex,woman,1,Explain,Explain,0.16666666666666663,0.33333333333333326
5953,sex,woman,1,Memory,Explain,0.19999999999999996,1.0
5996,age,teen,0,Elicit,Retrieve,0.33333333333333326,1.0
5996,age,teen,0,Retrieve,Retrieve,0.25,0.0
5996,age,teen,0,Rank,Retrieve,0.21183003938571432,0.0
5996,age,teen,0,Explain,Retrieve,0.1428571428571428,0.0
5996,age,teen,0,Memory,Retrieve,1.0,1.0
5996,age,young,0,Elicit,Retrieve,1.0,1.0
5996,age,young,0,Retrieve,Retrieve,0.8181818181818182,1.0
5996,age,young,0,Rank,Retrieve,0.6560949952285715,0.55
5996,age,young,0,Explain,Retrieve,1.0,1.0
5996,age,young,0,Memory,Retrieve,1.0,1.0
5996,age,adult,0,Elicit,Retrieve,0.33333333333333326,1.0
5996,age,adult,0,Retrieve,Retrieve,0.8181818181818182,1.0
5996,age,adult,0,Rank,Retrieve,0.7337522565642858,0.55
5996,age,adult,0,Explain,Retrieve,0.5,0.33333333333333326
5996,age,adult,0,Memory,Retrieve,0.5,1.0
5996,age,teen,1,Elicit,Retrieve,0.25,1.0
5996,age,teen,1,Retrieve,Retrieve,0.6666666666666666,0.0
5996,age,teen,1,Rank,Retrieve,0.45430702264285716,0.315
5996,age,teen,1,Explain,Retrieve,0.33333333333333326,0.19999999999999996
5996,age,teen,1,Memory,Retrieve,0.5,1.0
5996,age,young,1,Elicit,Retrieve,0.25,1.0
5996,age,young,1,Retrieve,Retrieve,1.0,1.0
5996,age,young,1,Rank,Retrieve,0.3576758007214287,0.585
5996,age,young,1,Explain,Retrieve,0.33333333333333326,0.19999999999999996
5996,age,young,1,Memory,Retrieve,0.5,1.0
5996,age,adult,1,Elicit,Retrieve,0.25,1.0
5996,age,adult,1,Retrieve,Retrieve,0.8181818181818182,1.0
5996,age,adult,1,Rank,Retrieve,0.3636545119714286,0.27
5996,age,adult,1,Explain,Retrieve,0.4,0.25
5996,age,adult,1,Memory,Retrieve,0.5,1.0
